version 2
JvmtiExport can_access_local_variables 0
JvmtiExport can_hotswap_or_post_breakpoint 1
JvmtiExport can_post_on_exceptions 0
# 437 ciObject found
instanceKlass org/jetbrains/org/objectweb/asm/ClassReader
ciInstanceKlass java/lang/AssertionError 0 0 79 10 100 12 1 1 1 10 12 1 10 100 12 1 1 1 10 100 1 100 1 10 12 1 1 10 12 1 10 12 1 10 12 1 10 12 1 10 12 1 10 12 1 10 12 1 1 1 1 5 0 1 1 1 1 1 1 1 1 1 1 100 1 1 1 1 1 1 1 1 1 1 1 1 1 1 1 1 1
instanceKlass org/jetbrains/kotlin/utils/exceptions/KotlinIllegalStateExceptionWithAttachments
instanceKlass org/jetbrains/kotlin/fir/symbols/FirLazyResolveForbiddenException
instanceKlass java/util/concurrent/CancellationException
instanceKlass org/jetbrains/kotlin/resolve/jvm/modules/JavaModuleInfo$FileReadingException
ciInstanceKlass java/lang/IllegalStateException 0 0 35 10 100 12 1 1 1 10 12 1 10 12 1 10 12 1 100 1 1 1 1 5 0 1 1 1 1 1 1 1 1 1 1 1 1
ciInstanceKlass java/lang/UnsupportedOperationException 0 0 34 10 100 12 1 1 1 10 12 1 10 12 1 10 12 1 100 1 1 1 1 5 0 1 1 1 1 1 1 1 1 1 1 1
instanceKlass java/nio/charset/UnsupportedCharsetException
instanceKlass java/nio/charset/IllegalCharsetNameException
instanceKlass org/jetbrains/kotlin/container/UnresolvedServiceException
instanceKlass java/nio/file/InvalidPathException
instanceKlass org/jetbrains/kotlin/utils/exceptions/KotlinIllegalArgumentExceptionWithAttachments
instanceKlass java/lang/NumberFormatException
ciInstanceKlass java/lang/IllegalArgumentException 1 1 35 10 100 12 1 1 1 10 12 1 10 12 1 10 12 1 100 1 1 1 1 5 0 1 1 1 1 1 1 1 1 1 1 1 1
ciInstanceKlass sun/nio/cs/ArrayDecoder 1 1 25 100 1 100 1 1 1 1 1 1 1 1 1 1 1 1 1 1 1 1 1 1 1 1 1
instanceKlass sun/nio/cs/UTF_8$Decoder
instanceKlass sun/nio/cs/SingleByte$Decoder
ciInstanceKlass java/nio/charset/CharsetDecoder 1 1 301 10 7 12 1 1 1 9 7 12 1 1 1 9 7 12 1 1 9 12 1 9 12 1 1 9 12 1 1 100 1 8 1 10 12 1 8 1 8 1 9 12 1 1 9 12 1 1 9 12 1 10 12 1 1 8 1 10 12 1 8 1 10 7 12 1 1 1 8 1 8 1 10 12 1 8 1 10 12 1 1 10 12 1 10 12 1 1 10 12 1 1 100 1 100 1 10 12 1 10 7 12 1 1 1 10 12 1 10 7 12 1 1 10 12 1 10 12 1 1 10 12 1 10 12 1 9 12 1 1 100 1 10 12 1 1 10 12 1 9 12 1 10 100 1 9 12 1 1 10 12 1 1 9 12 1 10 12 1 10 10 12 1 10 10 12 1 1 9 12 1 10 12 1 10 12 1 100 1 3 10 100 12 1 1 1 10 12 1 1 10 12 1 1 10 12 1 1 10 12 1 10 12 1 1 10 12 1 1 10 12 1 10 12 1 100 1 10 100 1 100 1 10 8 1 10 12 1 1 9 12 1 1 8 1 10 10 10 7 12 1 1 8 1 8 1 8 1 8 1 1 1 3 1 3 1 3 1 3 1 1 1 1 1 1 1 100 1 1 1 1 1 1 1 1 1 1 1 1 1 1 1 1 1 1 1 1 1 1 1 1 100 1 1 1 1 1 1 1 1 1
staticfield java/nio/charset/CharsetDecoder $assertionsDisabled Z 1
ciInstanceKlass java/lang/StringCoding 1 1 49 10 100 12 1 1 1 10 7 12 1 1 1 10 100 12 1 1 1 1 1 1 1 1 1 1 1 1 1 1 1 1 1 1 1 1 1 1 1 1 1 1 1 1 1 1 1 1 1
instanceKlass org/jetbrains/kotlin/utils/SmartSet$ArrayIterator
instanceKlass  @bci org/jetbrains/kotlin/fir/resolve/calls/overloads/FirOverloadByLambdaReturnTypeResolver analyzeLambdaAndReduceNumberOfCandidatesRegardingOverloadResolutionByLambdaReturnType (Lorg/jetbrains/kotlin/fir/expressions/FirExpression;Ljava/util/Set;)Ljava/util/Set; 1961 <appendix> member <vmtarget> ; # org/jetbrains/kotlin/fir/resolve/calls/overloads/FirOverloadByLambdaReturnTypeResolver$$Lambda+0x000000080079daa8
instanceKlass  @bci org/jetbrains/kotlin/resolve/calls/inference/components/ConstraintSystemCompletionContext hasLambdaToAnalyze (Ljava/util/List;)Z 8 <appendix> argL0 ; # org/jetbrains/kotlin/resolve/calls/inference/components/ConstraintSystemCompletionContext$$Lambda+0x000000080079d618
instanceKlass org/jetbrains/kotlin/fir/java/JavaTypeConversionKt$WhenMappings
instanceKlass  @bci org/jetbrains/kotlin/fir/scopes/impl/FirOverrideUtilsKt overrides (Lorg/jetbrains/kotlin/fir/scopes/MemberWithBaseScope;Lorg/jetbrains/kotlin/fir/symbols/impl/FirCallableSymbol;Lkotlin/jvm/functions/Function3;)Z 45 <appendix> member <vmtarget> ; # org/jetbrains/kotlin/fir/scopes/impl/FirOverrideUtilsKt$$Lambda+0x000000080079d188
instanceKlass org/jetbrains/kotlin/fir/declarations/DeprecationUtilsKt$WhenMappings
instanceKlass org/jetbrains/kotlin/fir/resolve/diagnostics/ConeConstraintSystemHasContradiction
instanceKlass org/jetbrains/kotlin/fir/references/builder/FirResolvedErrorReferenceBuilder
instanceKlass org/jetbrains/kotlin/fir/resolve/diagnostics/ConeInapplicableCandidateError
instanceKlass org/jetbrains/kotlin/fir/resolve/diagnostics/ConeDiagnosticWithSingleCandidate
instanceKlass org/jetbrains/kotlin/fir/resolve/diagnostics/ConeAmbiguityError
instanceKlass org/jetbrains/kotlin/fir/resolve/diagnostics/ConeDiagnosticWithCandidates
instanceKlass org/jetbrains/kotlin/fir/resolve/calls/candidate/CandidateKt
instanceKlass org/jetbrains/kotlin/fir/references/builder/FirErrorNamedReferenceBuilder
instanceKlass org/jetbrains/kotlin/fir/declarations/builder/FirErrorPropertyBuilder
instanceKlass org/jetbrains/kotlin/fir/symbols/impl/FirErrorPropertySymbol$Companion
instanceKlass org/jetbrains/kotlin/fir/diagnostics/ConeUnexpectedTypeArgumentsError
instanceKlass org/jetbrains/kotlin/fir/resolve/diagnostics/ConeUnresolvedTypeQualifierError
instanceKlass org/jetbrains/kotlin/fir/FirEvaluatorResult
instanceKlass org/jetbrains/kotlin/fir/expressions/FirExpressionEvaluatorKt
instanceKlass  @bci org/jetbrains/kotlin/fir/expressions/FirConstCheckVisitor <clinit> ()V 11 <appendix> argL0 ; # org/jetbrains/kotlin/fir/expressions/FirConstCheckVisitor$$Lambda+0x0000000800796f40
instanceKlass org/jetbrains/kotlin/fir/expressions/FirConstCheckVisitor$Companion
instanceKlass org/jetbrains/kotlin/fir/expressions/FirConstChecksKt
instanceKlass kotlin/jvm/internal/CharCompanionObject
instanceKlass  @bci org/jetbrains/kotlin/fir/resolve/calls/stages/CollectTypeVariableUsagesInfo getDependentTypeParameters$lambda$0 (Lorg/jetbrains/kotlin/resolve/calls/inference/model/NewConstraintSystemImpl;Lorg/jetbrains/kotlin/types/model/TypeConstructorMarker;Ljava/util/Map$Entry;)Ljava/lang/Iterable; 329 <appendix> member <vmtarget> ; # org/jetbrains/kotlin/fir/resolve/calls/stages/CollectTypeVariableUsagesInfo$$Lambda+0x0000000800793290
instanceKlass org/jetbrains/kotlin/fir/scopes/impl/FirAbstractImportingScope$processPropertiesByName$$inlined$processCallablesFromImportsByName$1
instanceKlass org/jetbrains/kotlin/fir/scopes/impl/ImportedFromObjectOrStaticData
instanceKlass org/jetbrains/kotlin/fir/scopes/impl/FirAbstractImportingScope$processFunctionsByName$$inlined$processCallablesFromImportsByName$1
instanceKlass  @bci org/jetbrains/kotlin/fir/resolve/inference/FirDelegatedPropertyInferenceSession completeCandidatesForRootSession ()Ljava/util/List; 302 <appendix> member <vmtarget> ; # org/jetbrains/kotlin/fir/resolve/inference/FirDelegatedPropertyInferenceSession$$Lambda+0x00000008007915b0
instanceKlass  @cpi org/jetbrains/kotlin/fir/resolve/inference/FirDelegatedPropertyInferenceSession 534 form vmentry <vmtarget> ; # java/lang/invoke/LambdaForm$DMH+0x0000000800795000
instanceKlass  @bci org/jetbrains/kotlin/fir/resolve/transformers/body/resolve/FirDeclarationsResolveTransformer transformPropertyAccessorsWithDelegate (Lorg/jetbrains/kotlin/fir/declarations/FirProperty;Lorg/jetbrains/kotlin/fir/expressions/FirExpression;Z)V 391 <adapter> ; # java/lang/invoke/LambdaForm$MH+0x0000000800794c00
# instanceKlass java/lang/invoke/LambdaForm$DMH+0x0000000800794800
instanceKlass  @bci org/jetbrains/kotlin/fir/resolve/transformers/body/resolve/FirDeclarationsResolveTransformer transformPropertyAccessorsWithDelegate (Lorg/jetbrains/kotlin/fir/declarations/FirProperty;Lorg/jetbrains/kotlin/fir/expressions/FirExpression;Z)V 391 <appendix> form vmentry <vmtarget> ; # java/lang/invoke/LambdaForm$DMH+0x0000000800794400
instanceKlass  @bci org/jetbrains/kotlin/fir/resolve/transformers/body/resolve/FirDeclarationsResolveTransformer transformPropertyAccessorsWithDelegate (Lorg/jetbrains/kotlin/fir/declarations/FirProperty;Lorg/jetbrains/kotlin/fir/expressions/FirExpression;Z)V 391 <appendix> member <vmtarget> ; # org/jetbrains/kotlin/fir/resolve/transformers/body/resolve/FirDeclarationsResolveTransformer$$Lambda+0x0000000800791358
instanceKlass  @cpi org/jetbrains/kotlin/fir/resolve/transformers/body/resolve/FirDeclarationsResolveTransformer 1303 form vmentry <vmtarget> ; # java/lang/invoke/LambdaForm$DMH+0x0000000800794000
instanceKlass  @bci org/jetbrains/kotlin/types/AbstractTypeApproximator approximateToSuperType (Lorg/jetbrains/kotlin/types/model/KotlinTypeMarker;Lorg/jetbrains/kotlin/types/TypeApproximatorConfiguration;I)Lorg/jetbrains/kotlin/types/model/KotlinTypeMarker; 207 <appendix> member <vmtarget> ; # org/jetbrains/kotlin/types/AbstractTypeApproximator$$Lambda+0x0000000800790ec0
instanceKlass org/jetbrains/kotlin/fir/declarations/builder/FirErrorFunctionBuilder
instanceKlass org/jetbrains/kotlin/fir/symbols/impl/FirErrorCallableSymbol
instanceKlass org/jetbrains/kotlin/fir/resolve/calls/candidate/ErrorCandidateUtilsKt
instanceKlass org/jetbrains/kotlin/fir/resolve/diagnostics/ConeUnresolvedNameError
instanceKlass org/jetbrains/kotlin/fir/resolve/diagnostics/ConeUnresolvedError
instanceKlass  @bci org/jetbrains/kotlin/types/model/MarkerExtensionsKt dependsOnTypeConstructor (Lorg/jetbrains/kotlin/types/model/KotlinTypeMarker;Lorg/jetbrains/kotlin/types/model/TypeSystemInferenceExtensionContext;Ljava/util/Set;)Z 27 <appendix> member <vmtarget> ; # org/jetbrains/kotlin/types/model/MarkerExtensionsKt$$Lambda+0x000000080078b960
instanceKlass org/jetbrains/kotlin/fir/resolve/dfa/FirLocalVariableAssignmentAnalyzer$Companion$Assignment
instanceKlass org/jetbrains/kotlin/fir/resolve/providers/FirProviderUtilsKt
instanceKlass  @bci org/jetbrains/kotlin/fir/resolve/dfa/FirDataFlowAnalyzer exitVariableInitialization (Lorg/jetbrains/kotlin/fir/resolve/dfa/MutableFlow;Lorg/jetbrains/kotlin/fir/expressions/FirExpression;Lorg/jetbrains/kotlin/fir/declarations/FirProperty;Lorg/jetbrains/kotlin/fir/expressions/FirExpression;Z)V 249 <appendix> member <vmtarget> ; # org/jetbrains/kotlin/fir/resolve/dfa/FirDataFlowAnalyzer$$Lambda+0x000000080078b060
instanceKlass kotlin/jvm/internal/ShortCompanionObject
instanceKlass kotlin/jvm/internal/ByteCompanionObject
instanceKlass java/lang/Byte$ByteCache
instanceKlass  @bci org/jetbrains/kotlin/resolve/checkers/EmptyIntersectionTypeChecker computeByHavingCommonSubtype (Lorg/jetbrains/kotlin/types/model/TypeSystemInferenceExtensionContext;Lorg/jetbrains/kotlin/types/model/KotlinTypeMarker;Lorg/jetbrains/kotlin/types/model/KotlinTypeMarker;)Lorg/jetbrains/kotlin/resolve/checkers/EmptyIntersectionTypeInfo; 22 <appendix> member <vmtarget> ; # org/jetbrains/kotlin/resolve/checkers/EmptyIntersectionTypeChecker$$Lambda+0x000000080078a708
instanceKlass  @bci org/jetbrains/kotlin/types/model/TypeSystemInferenceExtensionContext replaceArgumentsDeeply (Lorg/jetbrains/kotlin/types/model/RigidTypeMarker;Lkotlin/jvm/functions/Function1;)Lorg/jetbrains/kotlin/types/model/RigidTypeMarker; 16 <appendix> member <vmtarget> ; # org/jetbrains/kotlin/types/model/TypeSystemInferenceExtensionContext$$Lambda+0x000000080078a4b0
instanceKlass  @bci org/jetbrains/kotlin/fir/types/ConeInferenceContext eraseContainingTypeParameters (Lorg/jetbrains/kotlin/types/model/KotlinTypeMarker;)Lorg/jetbrains/kotlin/types/model/KotlinTypeMarker; 160 <appendix> member <vmtarget> ; # org/jetbrains/kotlin/fir/types/ConeInferenceContext$$Lambda+0x000000080078a258
instanceKlass  @bci org/jetbrains/kotlin/fir/types/ConeInferenceContext eraseContainingTypeParameters (Lorg/jetbrains/kotlin/types/model/KotlinTypeMarker;)Lorg/jetbrains/kotlin/types/model/KotlinTypeMarker; 137 <appendix> member <vmtarget> ; # org/jetbrains/kotlin/fir/types/ConeInferenceContext$$Lambda+0x000000080078a000
instanceKlass  @bci org/jetbrains/kotlin/types/model/TypeSystemInferenceExtensionContext extractTypeParameters (Lorg/jetbrains/kotlin/types/model/KotlinTypeMarker;)Ljava/util/Set; 55 <appendix> member <vmtarget> ; # org/jetbrains/kotlin/types/model/TypeSystemInferenceExtensionContext$$Lambda+0x000000080078fbe0
instanceKlass  @bci org/jetbrains/kotlin/resolve/checkers/EmptyIntersectionTypeChecker computeEmptyIntersectionEmptiness (Lorg/jetbrains/kotlin/types/model/TypeSystemInferenceExtensionContext;Ljava/util/Collection;)Lorg/jetbrains/kotlin/resolve/checkers/EmptyIntersectionTypeInfo; 81 <appendix> member <vmtarget> ; # org/jetbrains/kotlin/resolve/checkers/EmptyIntersectionTypeChecker$$Lambda+0x000000080078f988
instanceKlass org/jetbrains/kotlin/resolve/checkers/EmptyIntersectionTypeChecker
instanceKlass org/jetbrains/kotlin/fir/PrimitivesKt
instanceKlass  @bci org/jetbrains/kotlin/fir/types/ConeTypeIntersector intersectTypes (Lorg/jetbrains/kotlin/fir/types/ConeInferenceContext;Ljava/util/Collection;)Lorg/jetbrains/kotlin/fir/types/ConeKotlinType; 999 <appendix> member <vmtarget> ; # org/jetbrains/kotlin/fir/types/ConeTypeIntersector$$Lambda+0x000000080078f2c0
instanceKlass org/jetbrains/kotlin/fir/scopes/impl/FirOverrideUtilsKt
instanceKlass org/jetbrains/kotlin/fir/scopes/impl/FirTypeIntersectionScopeContext$WhenMappings
instanceKlass  @bci org/jetbrains/kotlin/fir/scopes/impl/FirTypeIntersectionScopeContext$ResultOfIntersection$NonTrivial <init> (Lorg/jetbrains/kotlin/fir/scopes/impl/FirTypeIntersectionScopeContext;Ljava/util/List;Ljava/util/List;Z)V 42 <appendix> member <vmtarget> ; # org/jetbrains/kotlin/fir/scopes/impl/FirTypeIntersectionScopeContext$ResultOfIntersection$NonTrivial$$Lambda+0x000000080078ebf8
instanceKlass  @bci org/jetbrains/kotlin/fir/declarations/DeclarationUtilsKt nonSubsumed (Ljava/util/Collection;)Ljava/util/List; 166 <appendix> member <vmtarget> ; # org/jetbrains/kotlin/fir/declarations/DeclarationUtilsKt$$Lambda+0x000000080078e9a0
instanceKlass org/jetbrains/kotlin/fir/resolve/calls/tower/DispatchReceiverMemberScopeTowerLevel$MemberFromSmartcastScope
instanceKlass org/jetbrains/kotlin/fir/declarations/FirDeclarationDataRegistry$AttributeDataAccessor
instanceKlass org/jetbrains/kotlin/fir/scopes/CallableCopyTypeCalculatorKt
instanceKlass org/jetbrains/kotlin/fir/FirEqualsOverrideHelpersKt
instanceKlass  @bci org/jetbrains/kotlin/load/java/structure/impl/classFiles/AnnotationsAndParameterCollectorMethodVisitor visitAnnotationDefault ()Lorg/jetbrains/org/objectweb/asm/AnnotationVisitor; 13 <appendix> member <vmtarget> ; # org/jetbrains/kotlin/load/java/structure/impl/classFiles/AnnotationsAndParameterCollectorMethodVisitor$$Lambda+0x000000080078c990
instanceKlass org/jetbrains/kotlin/fir/java/scopes/JavaClassUseSiteMemberScopeKt
instanceKlass org/jetbrains/kotlin/fir/resolve/dfa/UtilKt$WhenMappings
instanceKlass org/jetbrains/kotlin/fir/resolve/dfa/UtilKt
instanceKlass  @bci org/jetbrains/kotlin/fir/resolve/dfa/FirDataFlowAnalyzer exitEqualityOperatorCall (Lorg/jetbrains/kotlin/fir/expressions/FirEqualityOperatorCall;)V 283 <adapter> ; # java/lang/invoke/LambdaForm$MH+0x0000000800788c00
# instanceKlass java/lang/invoke/LambdaForm$DMH+0x0000000800788800
instanceKlass  @bci org/jetbrains/kotlin/fir/resolve/dfa/FirDataFlowAnalyzer exitEqualityOperatorCall (Lorg/jetbrains/kotlin/fir/expressions/FirEqualityOperatorCall;)V 283 <appendix> form vmentry <vmtarget> ; # java/lang/invoke/LambdaForm$DMH+0x0000000800788400
instanceKlass  @bci org/jetbrains/kotlin/fir/resolve/dfa/FirDataFlowAnalyzer exitEqualityOperatorCall (Lorg/jetbrains/kotlin/fir/expressions/FirEqualityOperatorCall;)V 283 <appendix> member <vmtarget> ; # org/jetbrains/kotlin/fir/resolve/dfa/FirDataFlowAnalyzer$$Lambda+0x00000008007879c8
instanceKlass  @cpi org/jetbrains/kotlin/fir/resolve/dfa/FirDataFlowAnalyzer 1131 form vmentry <vmtarget> ; # java/lang/invoke/LambdaForm$DMH+0x0000000800788000
instanceKlass  @bci org/jetbrains/kotlin/fir/resolve/dfa/FirDataFlowAnalyzer exitCheckNotNullCall (Lorg/jetbrains/kotlin/fir/expressions/FirCheckNotNullCall;Z)V 22 <appendix> member <vmtarget> ; # org/jetbrains/kotlin/fir/resolve/dfa/FirDataFlowAnalyzer$$Lambda+0x0000000800786fa0
instanceKlass  @bci org/jetbrains/kotlin/fir/resolve/dfa/LogicSystemKt replaceVariableInImplications (Ljava/util/Map;Lorg/jetbrains/kotlin/fir/resolve/dfa/RealVariable;Lorg/jetbrains/kotlin/fir/resolve/dfa/RealVariable;)V 228 <appendix> member <vmtarget> ; # org/jetbrains/kotlin/fir/resolve/dfa/LogicSystemKt$$Lambda+0x0000000800786ab8
instanceKlass org/jetbrains/kotlin/kotlinx/collections/immutable/implementations/immutableMap/PersistentHashMapBuilderEntriesIterator
instanceKlass  @bci org/jetbrains/kotlin/fir/resolve/dfa/LogicSystem replaceVariable (Lorg/jetbrains/kotlin/fir/resolve/dfa/MutableFlow;Lorg/jetbrains/kotlin/fir/resolve/dfa/RealVariable;Lorg/jetbrains/kotlin/fir/resolve/dfa/RealVariable;)V 306 <appendix> member <vmtarget> ; # org/jetbrains/kotlin/fir/resolve/dfa/LogicSystem$$Lambda+0x00000008007854f8
instanceKlass  @bci org/jetbrains/kotlin/fir/resolve/dfa/FirDataFlowAnalyzer exitVariableAssignment (Lorg/jetbrains/kotlin/fir/expressions/FirVariableAssignment;)V 81 <appendix> member <vmtarget> ; # org/jetbrains/kotlin/fir/resolve/dfa/FirDataFlowAnalyzer$$Lambda+0x00000008007852a0
instanceKlass  @bci org/jetbrains/kotlin/fir/scopes/jvm/JvmMappedScope isMutabilityViolation (Lorg/jetbrains/kotlin/fir/symbols/impl/FirNamedFunctionSymbol;Ljava/lang/String;)Z 48 <appendix> argL0 ; # org/jetbrains/kotlin/fir/scopes/jvm/JvmMappedScope$$Lambda+0x0000000800784210
instanceKlass org/jetbrains/kotlin/utils/SmartSet$SingletonIterator
instanceKlass  @bci org/jetbrains/kotlin/resolve/calls/inference/components/TypeVariableDependencyInformationProvider computePostponeArgumentsEdges ()V 118 <appendix> member <vmtarget> ; # org/jetbrains/kotlin/resolve/calls/inference/components/TypeVariableDependencyInformationProvider$$Lambda+0x0000000800783378
instanceKlass org/jetbrains/kotlin/fir/contracts/builder/FirEffectDeclarationBuilder
instanceKlass org/jetbrains/kotlin/fir/contracts/ContractUtilsKt
instanceKlass org/jetbrains/kotlin/fir/contracts/builder/FirResolvedContractDescriptionBuilder
instanceKlass org/jetbrains/kotlin/contracts/description/KtEffectDeclaration
instanceKlass org/jetbrains/kotlin/contracts/description/KtValueParameterReference
instanceKlass org/jetbrains/kotlin/contracts/description/KtContractDescriptionValue
instanceKlass org/jetbrains/kotlin/contracts/description/KtContractDescriptionElement
instanceKlass org/jetbrains/kotlin/serialization/deserialization/ProtoBufContractDeserializer$WhenMappings
instanceKlass org/jetbrains/kotlin/fir/resolve/TypeExpansionUtilsKt$createParametersSubstitutor$1$WhenMappings
instanceKlass  @bci org/jetbrains/kotlin/fir/resolve/dfa/FirDataFlowAnalyzer exitWhileLoop (Lorg/jetbrains/kotlin/fir/expressions/FirLoop;)V 78 <appendix> member <vmtarget> ; # org/jetbrains/kotlin/fir/resolve/dfa/FirDataFlowAnalyzer$$Lambda+0x0000000800780000
instanceKlass org/jetbrains/kotlin/fir/scopes/FirOverrideService$MemberWithBaseScopeAndReturnType
instanceKlass org/jetbrains/kotlin/fir/declarations/builder/FirTypeAliasBuilder
instanceKlass  @bci org/jetbrains/kotlin/fir/deserialization/AbstractFirDeserializedSymbolProvider findAndDeserializeTypeAlias (Lorg/jetbrains/kotlin/name/ClassId;Lorg/jetbrains/kotlin/fir/deserialization/FirNestedTypeAliasDeserializationContext;)Lkotlin/Pair; 176 <appendix> member <vmtarget> ; # org/jetbrains/kotlin/fir/deserialization/AbstractFirDeserializedSymbolProvider$$Lambda+0x000000080077bb78
instanceKlass org/jetbrains/kotlin/fir/resolve/dfa/LogicSystemKt
instanceKlass org/jetbrains/kotlin/kotlinx/collections/immutable/implementations/immutableMap/MapEntry
instanceKlass org/jetbrains/kotlin/fir/expressions/ExhaustivenessStatusKt
instanceKlass org/jetbrains/kotlin/fir/FirEnumWhenTrackerComponent
instanceKlass org/jetbrains/kotlin/fir/FirEnumWhenTrackerComponentKt
instanceKlass org/jetbrains/kotlin/fir/expressions/ExhaustivenessStatus$NotExhaustive$Companion
instanceKlass org/jetbrains/kotlin/diagnostics/WhenMissingCase
instanceKlass org/jetbrains/kotlin/fir/resolve/transformers/WhenOnNullableExhaustivenessChecker$Flags
instanceKlass  @bci org/jetbrains/kotlin/fir/resolve/transformers/FirWhenExhaustivenessTransformer processExhaustivenessCheck (Lorg/jetbrains/kotlin/fir/expressions/FirWhenExpression;)V 68 <appendix> member <vmtarget> ; # org/jetbrains/kotlin/fir/resolve/transformers/FirWhenExhaustivenessTransformer$$Lambda+0x000000080077e540
instanceKlass org/jetbrains/kotlin/fir/expressions/ExhaustivenessStatus
instanceKlass  @bci org/jetbrains/kotlin/fir/scopes/impl/FirScopeWithCallableCopyReturnTypeUpdater processPropertiesByName (Lorg/jetbrains/kotlin/name/Name;Lkotlin/jvm/functions/Function1;)V 19 <appendix> member <vmtarget> ; # org/jetbrains/kotlin/fir/scopes/impl/FirScopeWithCallableCopyReturnTypeUpdater$$Lambda+0x000000080077e0b0
instanceKlass org/jetbrains/kotlin/fir/resolve/calls/tower/DispatchReceiverMemberScopeTowerLevel$processMembers$$inlined$processCandidates$3
instanceKlass  @bci org/jetbrains/kotlin/fir/scopes/impl/FirScopeWithCallableCopyReturnTypeUpdater processFunctionsByName (Lorg/jetbrains/kotlin/name/Name;Lkotlin/jvm/functions/Function1;)V 19 <appendix> member <vmtarget> ; # org/jetbrains/kotlin/fir/scopes/impl/FirScopeWithCallableCopyReturnTypeUpdater$$Lambda+0x000000080077dc00
instanceKlass org/jetbrains/kotlin/fir/resolve/calls/tower/DispatchReceiverMemberScopeTowerLevel$processMembers$$inlined$processCandidates$2
instanceKlass org/jetbrains/kotlin/fir/expressions/builder/FirSmartCastExpressionBuilder
instanceKlass org/jetbrains/kotlin/fir/types/ConeIntegerLiteralIntersector
instanceKlass  @bci org/jetbrains/kotlin/fir/types/ConeTypeIntersector intersectTypes (Lorg/jetbrains/kotlin/fir/types/ConeInferenceContext;Ljava/util/Collection;)Lorg/jetbrains/kotlin/fir/types/ConeKotlinType; 876 <appendix> member <vmtarget> ; # org/jetbrains/kotlin/fir/types/ConeTypeIntersector$$Lambda+0x000000080077c478
instanceKlass org/jetbrains/kotlin/fir/resolve/dfa/FirDataFlowAnalyzer$SmartCastStatement
instanceKlass org/jetbrains/kotlin/fir/resolve/dfa/Operation$WhenMappings
instanceKlass  @bci org/jetbrains/kotlin/fir/resolve/dfa/LogicSystem approveOperationStatement (Ljava/util/Map;Lorg/jetbrains/kotlin/fir/resolve/dfa/OperationStatement;Z)Ljava/util/Map; 336 <adapter> ; # java/lang/invoke/LambdaForm$MH+0x0000000800778c00
# instanceKlass java/lang/invoke/LambdaForm$DMH+0x0000000800778800
instanceKlass  @bci org/jetbrains/kotlin/fir/resolve/dfa/LogicSystem approveOperationStatement (Ljava/util/Map;Lorg/jetbrains/kotlin/fir/resolve/dfa/OperationStatement;Z)Ljava/util/Map; 336 <appendix> form vmentry <vmtarget> ; # java/lang/invoke/LambdaForm$DMH+0x0000000800778400
instanceKlass  @bci org/jetbrains/kotlin/fir/resolve/dfa/LogicSystem approveOperationStatement (Ljava/util/Map;Lorg/jetbrains/kotlin/fir/resolve/dfa/OperationStatement;Z)Ljava/util/Map; 336 <appendix> member <vmtarget> ; # org/jetbrains/kotlin/fir/resolve/dfa/LogicSystem$$Lambda+0x0000000800777d48
instanceKlass  @cpi org/jetbrains/kotlin/fir/resolve/dfa/LogicSystem 775 form vmentry <vmtarget> ; # java/lang/invoke/LambdaForm$DMH+0x0000000800778000
instanceKlass  @bci org/jetbrains/kotlin/fir/resolve/dfa/FirDataFlowAnalyzer exitWhenBranchCondition (Lorg/jetbrains/kotlin/fir/expressions/FirWhenBranch;)V 52 <appendix> member <vmtarget> ; # org/jetbrains/kotlin/fir/resolve/dfa/FirDataFlowAnalyzer$$Lambda+0x00000008007778b8
instanceKlass org/jetbrains/kotlin/fir/DfaType
instanceKlass org/jetbrains/kotlin/fir/resolve/dfa/Implication
instanceKlass org/jetbrains/kotlin/fir/resolve/dfa/FirDataFlowAnalyzer$WhenMappings
instanceKlass  @bci org/jetbrains/kotlin/fir/resolve/dfa/FirDataFlowAnalyzer exitTypeOperatorCall (Lorg/jetbrains/kotlin/fir/expressions/FirTypeOperatorCall;)V 21 <appendix> member <vmtarget> ; # org/jetbrains/kotlin/fir/resolve/dfa/FirDataFlowAnalyzer$$Lambda+0x0000000800776690
instanceKlass  @bci org/jetbrains/kotlin/fir/resolve/dfa/FirDataFlowAnalyzer mergeWhenBranchEntryFlow (Lorg/jetbrains/kotlin/fir/resolve/dfa/cfg/CFGNode;)V 4 <appendix> member <vmtarget> ; # org/jetbrains/kotlin/fir/resolve/dfa/FirDataFlowAnalyzer$$Lambda+0x0000000800775068
instanceKlass  @bci org/jetbrains/kotlin/fir/resolve/transformers/body/resolve/FirControlFlowStatementsResolveTransformer transformWhenExpression (Lorg/jetbrains/kotlin/fir/expressions/FirWhenExpression;Lorg/jetbrains/kotlin/fir/resolve/ResolutionMode;)Lorg/jetbrains/kotlin/fir/expressions/FirStatement; 144 <appendix> member <vmtarget> ; # org/jetbrains/kotlin/fir/resolve/transformers/body/resolve/FirControlFlowStatementsResolveTransformer$$Lambda+0x0000000800774730
instanceKlass  @bci org/jetbrains/kotlin/fir/resolve/dfa/FirDataFlowAnalyzer exitWhileLoopCondition (Lorg/jetbrains/kotlin/fir/expressions/FirLoop;)V 52 <appendix> member <vmtarget> ; # org/jetbrains/kotlin/fir/resolve/dfa/FirDataFlowAnalyzer$$Lambda+0x0000000800773918
instanceKlass org/jetbrains/kotlin/fir/scopes/FirTypeScopeKt$anyOverriddenOf$$inlined$anyOverriddenOf$1
instanceKlass  @bci org/jetbrains/kotlin/fir/resolve/dfa/FirDataFlowAnalyzer enterWhileLoop (Lorg/jetbrains/kotlin/fir/expressions/FirLoop;)V 66 <appendix> member <vmtarget> ; # org/jetbrains/kotlin/fir/resolve/dfa/FirDataFlowAnalyzer$$Lambda+0x0000000800772b60
instanceKlass  @bci org/jetbrains/kotlin/fir/scopes/jvm/JvmMappedScope processFunctionsByName$lambda$1 (Ljava/util/List;Lorg/jetbrains/kotlin/fir/scopes/jvm/JvmMappedScope;Lorg/jetbrains/kotlin/name/Name;)Ljava/util/Set; 109 <appendix> member <vmtarget> ; # org/jetbrains/kotlin/fir/scopes/jvm/JvmMappedScope$$Lambda+0x00000008007723d0
instanceKlass org/jetbrains/kotlin/fir/scopes/FirPlatformDeclarationFilter
instanceKlass org/jetbrains/kotlin/fir/scopes/jvm/FirJvmPlatformDeclarationFilter
instanceKlass org/jetbrains/kotlin/types/AbstractStrictEqualityTypeChecker
instanceKlass  @bci org/jetbrains/kotlin/fir/java/scopes/BuiltinMethodsWithSpecialGenericSignature getOverriddenBuiltinFunctionWithErasedValueParametersInJava (Lorg/jetbrains/kotlin/fir/symbols/impl/FirNamedFunctionSymbol;Lorg/jetbrains/kotlin/fir/scopes/FirTypeScope;)Lorg/jetbrains/kotlin/fir/symbols/impl/FirNamedFunctionSymbol; 29 <appendix> argL0 ; # org/jetbrains/kotlin/fir/java/scopes/BuiltinMethodsWithSpecialGenericSignature$$Lambda+0x00000008007714b8
instanceKlass org/jetbrains/kotlin/fir/java/scopes/BuiltinMethodsWithDifferentJvmName
instanceKlass org/jetbrains/kotlin/fir/java/scopes/JavaScopeUtilsKt$firstOverriddenCallable$1
instanceKlass  @bci org/jetbrains/kotlin/fir/java/scopes/JavaScopeUtilsKt getOverriddenBuiltinWithDifferentJvmName (Lorg/jetbrains/kotlin/fir/symbols/impl/FirCallableSymbol;Lorg/jetbrains/kotlin/fir/scopes/FirTypeScope;Lorg/jetbrains/kotlin/fir/FirSession;)Lorg/jetbrains/kotlin/fir/symbols/impl/FirCallableSymbol; 71 <appendix> member <vmtarget> ; # org/jetbrains/kotlin/fir/java/scopes/JavaScopeUtilsKt$$Lambda+0x0000000800770b90
instanceKlass org/jetbrains/kotlin/fir/java/scopes/JavaScopeUtilsKt
instanceKlass  @bci org/jetbrains/kotlin/fir/java/scopes/JavaClassUseSiteMemberScope computeJvmDescriptor (Lorg/jetbrains/kotlin/fir/declarations/FirFunction;Ljava/lang/String;Z)Ljava/lang/String; 5 <appendix> member <vmtarget> ; # org/jetbrains/kotlin/fir/java/scopes/JavaClassUseSiteMemberScope$$Lambda+0x00000008007704b0
instanceKlass org/jetbrains/kotlin/fir/java/scopes/JavaClassUseSiteMemberScope$shouldBeVisibleAsOverrideOfBuiltInWithErasedValueParameters$$inlined$collectIntersectionResultsForCallables$1
instanceKlass org/jetbrains/kotlin/fir/java/scopes/JavaClassUseSiteMemberScope$doesOverrideRenamedBuiltins$$inlined$collectMembersGroupedByScope$1
instanceKlass kotlin/collections/GroupingKt__GroupingJVMKt
instanceKlass org/jetbrains/kotlin/fir/resolve/dfa/LogicSystem$getCommonExcludedValues$$inlined$groupingBy$1
instanceKlass kotlin/collections/Grouping
instanceKlass org/jetbrains/kotlin/kotlinx/collections/immutable/implementations/persistentOrderedSet/PersistentOrderedSetIterator
instanceKlass org/jetbrains/kotlin/fir/resolve/dfa/LogicSystem$WhenMappings
instanceKlass org/jetbrains/kotlin/fir/resolve/CallableIdUtilsKt
instanceKlass  @bci org/jetbrains/kotlin/fir/java/scopes/JavaClassUseSiteMemberScope getBuiltinSpecialPropertyGetterName (Lorg/jetbrains/kotlin/fir/symbols/impl/FirPropertySymbol;)Lorg/jetbrains/kotlin/name/Name; 14 <appendix> member <vmtarget> ; # org/jetbrains/kotlin/fir/java/scopes/JavaClassUseSiteMemberScope$$Lambda+0x000000080076a238
instanceKlass org/jetbrains/kotlin/fir/analysis/checkers/FirHelpersKt
instanceKlass org/jetbrains/kotlin/fir/java/SyntheticPropertiesCacheKey
instanceKlass org/jetbrains/kotlin/fir/expressions/builder/FirSamConversionExpressionBuilder
instanceKlass org/jetbrains/kotlin/fir/expressions/builder/FirImplicitInvokeCallBuilder
instanceKlass org/jetbrains/kotlin/fir/resolve/calls/tower/FirInvokeResolveTowerExtensionKt
instanceKlass  @bci org/jetbrains/kotlin/fir/resolve/dfa/FirDataFlowAnalyzer exitLocalVariableDeclaration (Lorg/jetbrains/kotlin/fir/declarations/FirProperty;Z)V 22 <appendix> member <vmtarget> ; # org/jetbrains/kotlin/fir/resolve/dfa/FirDataFlowAnalyzer$$Lambda+0x000000080076c4d0
instanceKlass  @cpi org/jetbrains/kotlin/fir/resolve/dfa/FirDataFlowAnalyzer 2178 form vmentry <vmtarget> ; # java/lang/invoke/LambdaForm$DMH+0x0000000800769000
instanceKlass  @bci org/jetbrains/kotlin/fir/resolve/dfa/FirDataFlowAnalyzer exitElvis (Lorg/jetbrains/kotlin/fir/expressions/FirElvisExpression;ZZ)V 29 <adapter> ; # java/lang/invoke/LambdaForm$MH+0x0000000800768c00
# instanceKlass java/lang/invoke/LambdaForm$DMH+0x0000000800768800
instanceKlass  @bci org/jetbrains/kotlin/fir/resolve/dfa/FirDataFlowAnalyzer exitElvis (Lorg/jetbrains/kotlin/fir/expressions/FirElvisExpression;ZZ)V 29 <appendix> form vmentry <vmtarget> ; # java/lang/invoke/LambdaForm$DMH+0x0000000800768400
instanceKlass  @bci org/jetbrains/kotlin/fir/resolve/dfa/FirDataFlowAnalyzer exitElvis (Lorg/jetbrains/kotlin/fir/expressions/FirElvisExpression;ZZ)V 29 <appendix> member <vmtarget> ; # org/jetbrains/kotlin/fir/resolve/dfa/FirDataFlowAnalyzer$$Lambda+0x0000000800767100
instanceKlass  @cpi org/jetbrains/kotlin/fir/resolve/dfa/FirDataFlowAnalyzer 2389 form vmentry <vmtarget> ; # java/lang/invoke/LambdaForm$DMH+0x0000000800768000
instanceKlass org/jetbrains/kotlin/types/AbstractFlexibilityChecker
instanceKlass org/jetbrains/kotlin/resolve/calls/inference/components/ResultTypeResolver$sinkIntegerLiteralTypes$1$containsILT$1
instanceKlass org/jetbrains/kotlin/fir/resolve/transformers/FirSyntheticCallGenerator$special$$inlined$createCache$1
instanceKlass org/jetbrains/kotlin/fir/symbols/SyntheticCallableId
instanceKlass  @bci org/jetbrains/kotlin/fir/resolve/dfa/FirDataFlowAnalyzer exitElvisLhs (Lorg/jetbrains/kotlin/fir/expressions/FirElvisExpression;)V 77 <appendix> member <vmtarget> ; # org/jetbrains/kotlin/fir/resolve/dfa/FirDataFlowAnalyzer$$Lambda+0x00000008007654f0
instanceKlass  @bci org/jetbrains/kotlin/fir/resolve/dfa/FirDataFlowAnalyzer exitElvisLhs (Lorg/jetbrains/kotlin/fir/expressions/FirElvisExpression;)V 61 <appendix> member <vmtarget> ; # org/jetbrains/kotlin/fir/resolve/dfa/FirDataFlowAnalyzer$$Lambda+0x0000000800765298
instanceKlass  @bci org/jetbrains/kotlin/fir/resolve/dfa/FirDataFlowAnalyzer exitSafeCall (Lorg/jetbrains/kotlin/fir/expressions/FirSafeCallExpression;)V 23 <appendix> member <vmtarget> ; # org/jetbrains/kotlin/fir/resolve/dfa/FirDataFlowAnalyzer$$Lambda+0x0000000800764b20
instanceKlass org/jetbrains/kotlin/fir/types/ConeDefinitelyNotNullType$Companion
instanceKlass  @bci org/jetbrains/kotlin/fir/resolve/dfa/FirDataFlowAnalyzer enterSafeCallAfterNullCheck (Lorg/jetbrains/kotlin/fir/expressions/FirSafeCallExpression;)V 21 <appendix> member <vmtarget> ; # org/jetbrains/kotlin/fir/resolve/dfa/FirDataFlowAnalyzer$$Lambda+0x0000000800764690
instanceKlass org/jetbrains/kotlin/fir/resolve/calls/SyntheticsKt
instanceKlass org/jetbrains/kotlin/fir/declarations/synthetic/FirSyntheticPropertyBuilderKt
instanceKlass  @bci org/jetbrains/kotlin/fir/resolve/calls/FirSyntheticPropertiesScope buildSyntheticProperty (Lorg/jetbrains/kotlin/name/Name;Lorg/jetbrains/kotlin/fir/declarations/FirSimpleFunction;Lorg/jetbrains/kotlin/fir/declarations/FirSimpleFunction;Lorg/jetbrains/kotlin/fir/resolve/calls/FirSyntheticPropertiesScope$SyntheticGetterCompatibility;Z)Lorg/jetbrains/kotlin/fir/declarations/synthetic/FirSyntheticProperty; 227 <appendix> member <vmtarget> ; # org/jetbrains/kotlin/fir/resolve/calls/FirSyntheticPropertiesScope$$Lambda+0x0000000800763208
instanceKlass org/jetbrains/kotlin/fir/declarations/synthetic/FirSyntheticPropertyBuilder
instanceKlass  @bci org/jetbrains/kotlin/fir/resolve/calls/FirSyntheticPropertiesScope checkGetAndCreateSynthetic (Lorg/jetbrains/kotlin/name/Name;Lorg/jetbrains/kotlin/name/Name;Lorg/jetbrains/kotlin/fir/symbols/impl/FirNamedFunctionSymbol;ZLkotlin/jvm/functions/Function1;)V 335 <appendix> member <vmtarget> ; # org/jetbrains/kotlin/fir/resolve/calls/FirSyntheticPropertiesScope$$Lambda+0x0000000800762d70
instanceKlass org/jetbrains/kotlin/fir/resolve/calls/FirSyntheticPropertiesScope$GetterCompatibilityResult
instanceKlass  @bci org/jetbrains/kotlin/fir/scopes/FirTypeScopeKt getDirectOverriddenFunctionsWithBaseScope (Lorg/jetbrains/kotlin/fir/scopes/FirTypeScope;Lorg/jetbrains/kotlin/fir/symbols/impl/FirNamedFunctionSymbol;)Ljava/util/List; 27 <appendix> member <vmtarget> ; # org/jetbrains/kotlin/fir/scopes/FirTypeScopeKt$$Lambda+0x00000008007628d8
instanceKlass org/jetbrains/kotlin/fir/resolve/calls/FirSyntheticPropertiesScope$WhenMappings
instanceKlass  @bci org/jetbrains/kotlin/fir/resolve/calls/stages/ResolutionStagesKt isJavaApplicableCandidate (Lorg/jetbrains/kotlin/fir/resolve/calls/candidate/Candidate;)Z 186 <appendix> member <vmtarget> ; # org/jetbrains/kotlin/fir/resolve/calls/stages/ResolutionStagesKt$$Lambda+0x0000000800761b28
instanceKlass org/jetbrains/kotlin/fir/resolve/SAMInfo
instanceKlass  @bci org/jetbrains/kotlin/fir/resolve/FirSamResolverKt findSingleAbstractMethodByNames (Lorg/jetbrains/kotlin/fir/declarations/FirRegularClass;Lorg/jetbrains/kotlin/fir/FirSession;Lorg/jetbrains/kotlin/fir/resolve/ScopeSession;Ljava/util/Set;)Lorg/jetbrains/kotlin/fir/declarations/FirSimpleFunction; 99 <appendix> member <vmtarget> ; # org/jetbrains/kotlin/fir/resolve/FirSamResolverKt$$Lambda+0x0000000800761690
instanceKlass org/jetbrains/kotlin/fir/java/scopes/JavaClassUseSiteMemberScope$collectProperties$$inlined$collectIntersectionResultsForCallables$1
instanceKlass  @bci org/jetbrains/kotlin/fir/java/scopes/JavaClassUseSiteMemberScope collectProperties (Lorg/jetbrains/kotlin/name/Name;)Ljava/util/Collection; 50 <appendix> member <vmtarget> ; # org/jetbrains/kotlin/fir/java/scopes/JavaClassUseSiteMemberScope$$Lambda+0x00000008007611e0
instanceKlass  @bci org/jetbrains/kotlin/fir/java/scopes/JavaClassMembersEnhancementScope processPropertiesByName (Lorg/jetbrains/kotlin/name/Name;Lkotlin/jvm/functions/Function1;)V 20 <appendix> member <vmtarget> ; # org/jetbrains/kotlin/fir/java/scopes/JavaClassMembersEnhancementScope$$Lambda+0x0000000800760f88
instanceKlass  @bci org/jetbrains/kotlin/fir/resolve/FirSamResolverKt findSingleAbstractMethodByNames (Lorg/jetbrains/kotlin/fir/declarations/FirRegularClass;Lorg/jetbrains/kotlin/fir/FirSession;Lorg/jetbrains/kotlin/fir/resolve/ScopeSession;Ljava/util/Set;)Lorg/jetbrains/kotlin/fir/declarations/FirSimpleFunction; 75 <appendix> member <vmtarget> ; # org/jetbrains/kotlin/fir/resolve/FirSamResolverKt$$Lambda+0x0000000800760d30
instanceKlass org/jetbrains/kotlin/fir/declarations/FirDeclarationOriginKt
instanceKlass org/jetbrains/kotlin/fir/scopes/impl/FirClassSubstitutionScope$SubstitutedData
instanceKlass org/jetbrains/kotlin/fir/scopes/impl/FirFakeOverrideGenerator
instanceKlass org/jetbrains/kotlin/utils/SmartList$1
instanceKlass org/jetbrains/kotlin/resolve/calls/inference/model/ConstraintStorageKt$WhenMappings
instanceKlass org/jetbrains/kotlin/resolve/calls/inference/model/ConstraintStorageKt
instanceKlass org/jetbrains/kotlin/fir/resolve/transformers/body/resolve/FirDeclarationsResolveTransformer$transformAnonymousObject$lambda$0$0$$inlined$withAnonymousObject$1
instanceKlass  @bci org/jetbrains/kotlin/fir/declarations/DeclarationUtilsKt constructors (Lorg/jetbrains/kotlin/fir/declarations/FirClass;Lorg/jetbrains/kotlin/fir/FirSession;)Ljava/util/List; 30 <appendix> member <vmtarget> ; # org/jetbrains/kotlin/fir/declarations/DeclarationUtilsKt$$Lambda+0x000000080075efb8
instanceKlass org/jetbrains/kotlin/fir/resolve/transformers/contracts/FirAbstractContractResolveTransformerDispatcher$FirDeclarationsContractResolveTransformer$transformAnonymousObject$$inlined$withAnonymousObject$1
instanceKlass org/jetbrains/kotlin/fir/resolve/transformers/contracts/FirContractResolveTransformerAdapterKt
instanceKlass  @bci org/jetbrains/kotlin/fir/resolve/transformers/body/resolve/LocalClassesNavigationInfo designationMap_delegate$lambda$0 (Lorg/jetbrains/kotlin/fir/resolve/transformers/body/resolve/LocalClassesNavigationInfo;)Ljava/util/Map; 13 <appendix> member <vmtarget> ; # org/jetbrains/kotlin/fir/resolve/transformers/body/resolve/LocalClassesNavigationInfo$$Lambda+0x000000080075e8d0
instanceKlass org/jetbrains/kotlin/fir/resolve/transformers/body/resolve/FirImplicitBodyResolveKt
instanceKlass  @bci org/jetbrains/kotlin/fir/resolve/transformers/DesignationState$Companion create (Lorg/jetbrains/kotlin/fir/symbols/impl/FirRegularClassSymbol;Ljava/util/Map;Z)Lorg/jetbrains/kotlin/fir/resolve/transformers/DesignationState; 177 <appendix> argL0 ; # org/jetbrains/kotlin/fir/resolve/transformers/DesignationState$Companion$$Lambda+0x000000080075d748
instanceKlass org/jetbrains/kotlin/fir/resolve/transformers/DesignationState$Companion
instanceKlass org/jetbrains/kotlin/fir/resolve/transformers/DesignationState
instanceKlass org/jetbrains/kotlin/fir/resolve/transformers/FirStatusResolveTransformerKt
instanceKlass org/jetbrains/kotlin/fir/resolve/transformers/FirTypeResolveTransformerKt
instanceKlass org/jetbrains/kotlin/fir/resolve/transformers/plugin/FirCompanionGenerationProcessorKt
instanceKlass org/jetbrains/kotlin/fir/resolve/transformers/FirJumpingPhaseComputationSessionForLocalClassesProviderKt
instanceKlass org/jetbrains/kotlin/fir/resolve/transformers/plugin/FirCompilerRequiredAnnotationsResolveTransformerKt
instanceKlass  @bci org/jetbrains/kotlin/fir/resolve/transformers/body/resolve/LocalClassesNavigationInfo <init> (Ljava/util/Map;Ljava/util/Map;)V 28 <appendix> member <vmtarget> ; # org/jetbrains/kotlin/fir/resolve/transformers/body/resolve/LocalClassesNavigationInfo$$Lambda+0x000000080075b888
instanceKlass org/jetbrains/kotlin/fir/resolve/transformers/body/resolve/LocalClassesNavigationInfo
instanceKlass org/jetbrains/kotlin/fir/resolve/transformers/body/resolve/LocalClassesNavigationKt
instanceKlass org/jetbrains/kotlin/fir/resolve/transformers/body/resolve/LocalClassesResolutionKt
instanceKlass  @bci org/jetbrains/kotlin/fir/scopes/jvm/JvmMappedScope processDeclaredConstructors (Lkotlin/jvm/functions/Function1;)V 13 <appendix> member <vmtarget> ; # org/jetbrains/kotlin/fir/scopes/jvm/JvmMappedScope$$Lambda+0x000000080075a228
instanceKlass org/jetbrains/kotlin/fir/resolve/calls/FirCallResolver$WhenMappings
instanceKlass org/jetbrains/kotlin/fir/resolve/inference/ReturnArgumentsAnalysisResult
instanceKlass org/jetbrains/kotlin/fir/resolve/dfa/cfg/FirAnonymousFunctionReturnExpressionInfo
instanceKlass org/jetbrains/kotlin/fir/resolve/dfa/cfg/CapturedByValue
instanceKlass org/jetbrains/kotlin/contracts/description/EventOccurrencesRangeKt
instanceKlass  @bci org/jetbrains/kotlin/fir/resolve/transformers/body/resolve/FirDeclarationsResolveTransformer transformAnonymousFunctionBody (Lorg/jetbrains/kotlin/fir/declarations/FirAnonymousFunction;Lorg/jetbrains/kotlin/fir/types/FirTypeRef;)Lorg/jetbrains/kotlin/fir/declarations/FirAnonymousFunction; 46 <appendix> member <vmtarget> ; # org/jetbrains/kotlin/fir/resolve/transformers/body/resolve/FirDeclarationsResolveTransformer$$Lambda+0x0000000800758000
instanceKlass  @bci org/jetbrains/kotlin/fir/resolve/inference/FirCallCompleter$LambdaAnalyzerImpl analyzeAndGetLambdaReturnArguments (Lorg/jetbrains/kotlin/fir/resolve/calls/ConeResolvedLambdaAtom;Lorg/jetbrains/kotlin/fir/types/ConeKotlinType;Ljava/util/List;Ljava/util/List;Lorg/jetbrains/kotlin/fir/types/ConeKotlinType;Lorg/jetbrains/kotlin/fir/resolve/calls/candidate/Candidate;ZZ)Lorg/jetbrains/kotlin/fir/resolve/inference/ReturnArgumentsAnalysisResult; 1855 <appendix> member <vmtarget> ; # org/jetbrains/kotlin/fir/resolve/inference/FirCallCompleter$LambdaAnalyzerImpl$$Lambda+0x0000000800750400
instanceKlass  @bci org/jetbrains/kotlin/resolve/calls/inference/model/NewConstraintSystemImpl canBeProper (Lorg/jetbrains/kotlin/types/model/KotlinTypeMarker;)Z 20 <appendix> member <vmtarget> ; # org/jetbrains/kotlin/resolve/calls/inference/model/NewConstraintSystemImpl$$Lambda+0x0000000800750800
instanceKlass  @bci org/jetbrains/kotlin/fir/types/ConeInferenceContext isBuiltinFunctionTypeOrSubtype (Lorg/jetbrains/kotlin/types/model/KotlinTypeMarker;)Z 36 <appendix> member <vmtarget> ; # org/jetbrains/kotlin/fir/types/ConeInferenceContext$$Lambda+0x0000000800751958
instanceKlass  @bci org/jetbrains/kotlin/fir/resolve/inference/ConstraintSystemCompleter runCompletion (Lorg/jetbrains/kotlin/resolve/calls/inference/components/ConstraintSystemCompletionContext;Lorg/jetbrains/kotlin/resolve/calls/inference/components/ConstraintSystemCompletionMode;Ljava/util/List;Lorg/jetbrains/kotlin/fir/types/ConeKotlinType;Lorg/jetbrains/kotlin/fir/resolve/calls/ResolutionContext;Lorg/jetbrains/kotlin/fir/resolve/inference/ConstraintSystemCompleter$PostponedAtomAnalyzer;)V 428 <appendix> argL0 ; # org/jetbrains/kotlin/fir/resolve/inference/ConstraintSystemCompleter$$Lambda+0x0000000800751708
instanceKlass  @bci org/jetbrains/kotlin/resolve/calls/inference/components/TypeVariableDependencyInformationProvider computeRelatedToAllOutputTypes ()V 55 <appendix> member <vmtarget> ; # org/jetbrains/kotlin/resolve/calls/inference/components/TypeVariableDependencyInformationProvider$$Lambda+0x00000008007514b0
instanceKlass  @bci org/jetbrains/kotlin/resolve/calls/inference/components/TypeVariableDependencyInformationProvider computePostponeArgumentsEdges ()V 62 <appendix> member <vmtarget> ; # org/jetbrains/kotlin/resolve/calls/inference/components/TypeVariableDependencyInformationProvider$$Lambda+0x0000000800751258
instanceKlass  @bci org/jetbrains/kotlin/resolve/calls/inference/model/NewConstraintSystemImpl containsOnlyFixedVariables (Lorg/jetbrains/kotlin/types/model/KotlinTypeMarker;)Z 20 <appendix> member <vmtarget> ; # org/jetbrains/kotlin/resolve/calls/inference/model/NewConstraintSystemImpl$$Lambda+0x0000000800751000
instanceKlass org/jetbrains/kotlin/contracts/description/EventOccurrencesRange$Companion
instanceKlass org/jetbrains/kotlin/fir/resolve/TypeAttributeUtilsKt
instanceKlass org/jetbrains/kotlin/fir/resolve/inference/InferenceUtilsKt
instanceKlass org/jetbrains/kotlin/fir/resolve/dfa/FirLocalVariableAssignmentAnalyzer$Companion$Fork
instanceKlass org/jetbrains/kotlin/fir/resolve/dfa/FirLocalVariableAssignmentAnalyzer$Companion$MiniFlow$Companion
instanceKlass org/jetbrains/kotlin/fir/resolve/dfa/FirLocalVariableAssignmentAnalyzer$Companion$MiniFlow
instanceKlass org/jetbrains/kotlin/fir/resolve/dfa/FirLocalVariableAssignmentAnalyzer$Companion$MiniCfgBuilder$MiniCfgData
instanceKlass  @bci org/jetbrains/kotlin/fir/types/ConeTypeContext hasRecursiveBounds (Lorg/jetbrains/kotlin/types/model/TypeParameterMarker;Lorg/jetbrains/kotlin/types/model/TypeConstructorMarker;)Z 140 <appendix> member <vmtarget> ; # org/jetbrains/kotlin/fir/types/ConeTypeContext$$Lambda+0x0000000800757820
instanceKlass org/jetbrains/kotlin/fir/resolve/dfa/ModelKt
instanceKlass  @bci org/jetbrains/kotlin/fir/resolve/dfa/FirDataFlowAnalyzer mergeBooleanLogicOperatorFlow (Lorg/jetbrains/kotlin/fir/resolve/dfa/cfg/BooleanOperatorExitNode;)V 7 <appendix> member <vmtarget> ; # org/jetbrains/kotlin/fir/resolve/dfa/FirDataFlowAnalyzer$$Lambda+0x0000000800755df8
instanceKlass  @bci org/jetbrains/kotlin/fir/resolve/dfa/FirDataFlowAnalyzer getVariable (Lorg/jetbrains/kotlin/fir/resolve/dfa/Flow;Lorg/jetbrains/kotlin/fir/expressions/FirExpression;Z)Lorg/jetbrains/kotlin/fir/resolve/dfa/DataFlowVariable; 8 <appendix> member <vmtarget> ; # org/jetbrains/kotlin/fir/resolve/dfa/FirDataFlowAnalyzer$$Lambda+0x0000000800755910
instanceKlass  @bci org/jetbrains/kotlin/fir/resolve/dfa/FirDataFlowAnalyzer exitLeftBooleanOperatorExpressionArgument (Lorg/jetbrains/kotlin/fir/expressions/FirBooleanOperatorExpression;)V 46 <appendix> member <vmtarget> ; # org/jetbrains/kotlin/fir/resolve/dfa/FirDataFlowAnalyzer$$Lambda+0x00000008007556b8
instanceKlass org/jetbrains/kotlin/kotlinx/collections/immutable/implementations/immutableMap/TrieNodeBaseIterator
instanceKlass org/jetbrains/kotlin/kotlinx/collections/immutable/implementations/immutableMap/PersistentHashMapBaseIterator
instanceKlass org/jetbrains/kotlin/fir/resolve/dfa/cfg/ControlFlowGraphBuilder$exitClass$$inlined$sortedBy$1
instanceKlass org/jetbrains/kotlin/fir/resolve/dfa/FirControlFlowGraphReferenceImplKt
instanceKlass org/jetbrains/kotlin/fir/java/enhancement/FirDelegatedJavaAnnotationList
instanceKlass org/jetbrains/kotlin/fir/scopes/FirCompositeScope$processComposite$1
instanceKlass  @bci org/jetbrains/kotlin/fir/java/scopes/JavaClassStaticUseSiteScope computeProperties (Lorg/jetbrains/kotlin/name/Name;)Ljava/util/List; 81 <appendix> member <vmtarget> ; # org/jetbrains/kotlin/fir/java/scopes/JavaClassStaticUseSiteScope$$Lambda+0x000000080074d2d0
instanceKlass  @bci org/jetbrains/kotlin/fir/java/scopes/JavaClassStaticUseSiteScope computeProperties (Lorg/jetbrains/kotlin/name/Name;)Ljava/util/List; 17 <appendix> member <vmtarget> ; # org/jetbrains/kotlin/fir/java/scopes/JavaClassStaticUseSiteScope$$Lambda+0x000000080074d078
instanceKlass  @bci org/jetbrains/kotlin/fir/java/scopes/JavaClassStaticEnhancementScope processPropertiesByName (Lorg/jetbrains/kotlin/name/Name;Lkotlin/jvm/functions/Function1;)V 20 <appendix> member <vmtarget> ; # org/jetbrains/kotlin/fir/java/scopes/JavaClassStaticEnhancementScope$$Lambda+0x000000080074ce20
instanceKlass  @bci org/jetbrains/kotlin/fir/resolve/FirDefaultParametersResolver declaresDefaultValue (Lorg/jetbrains/kotlin/fir/FirSession;Lorg/jetbrains/kotlin/fir/resolve/ScopeSession;Lorg/jetbrains/kotlin/fir/declarations/FirFunction;Lorg/jetbrains/kotlin/fir/scopes/FirScope;I)Z 148 <appendix> member <vmtarget> ; # org/jetbrains/kotlin/fir/resolve/FirDefaultParametersResolver$$Lambda+0x000000080074cbc8
instanceKlass  @cpi org/jetbrains/kotlin/fir/resolve/FirDefaultParametersResolver 126 form vmentry <vmtarget> ; # java/lang/invoke/LambdaForm$DMH+0x0000000800750000
instanceKlass org/jetbrains/kotlin/fir/resolve/calls/SuperCallsKt
instanceKlass  @bci org/jetbrains/kotlin/fir/resolve/transformers/body/resolve/FirDeclarationsResolveTransformer transformConstructorContent (Lorg/jetbrains/kotlin/fir/declarations/FirConstructor;Lorg/jetbrains/kotlin/fir/resolve/ResolutionMode;)Lorg/jetbrains/kotlin/fir/declarations/FirConstructor; 460 <appendix> member <vmtarget> ; # org/jetbrains/kotlin/fir/resolve/transformers/body/resolve/FirDeclarationsResolveTransformer$$Lambda+0x000000080074bc48
instanceKlass  @bci org/jetbrains/kotlin/fir/resolve/calls/tower/FirTowerResolver runResolverForDelegatingConstructor (Lorg/jetbrains/kotlin/fir/resolve/calls/candidate/CallInfo;Lorg/jetbrains/kotlin/fir/types/ConeClassLikeType;Lorg/jetbrains/kotlin/fir/types/ConeClassLikeLookupTag;Lorg/jetbrains/kotlin/fir/resolve/calls/ResolutionContext;)Lorg/jetbrains/kotlin/fir/resolve/calls/candidate/CandidateCollector; 227 <appendix> member <vmtarget> ; # org/jetbrains/kotlin/fir/resolve/calls/tower/FirTowerResolver$$Lambda+0x000000080074b760
instanceKlass org/jetbrains/kotlin/fir/expressions/builder/FirVarargArgumentsExpressionBuilder
instanceKlass org/jetbrains/kotlin/fir/expressions/impl/FirAnnotationArgumentMappingImplKt
instanceKlass  @bci org/jetbrains/kotlin/fir/ScopeUtilsKt getPrimaryConstructorSymbol (Lorg/jetbrains/kotlin/fir/symbols/impl/FirClassLikeSymbol;Lorg/jetbrains/kotlin/fir/FirSession;Lorg/jetbrains/kotlin/fir/resolve/ScopeSession;)Lorg/jetbrains/kotlin/fir/symbols/impl/FirConstructorSymbol; 51 <appendix> member <vmtarget> ; # org/jetbrains/kotlin/fir/ScopeUtilsKt$$Lambda+0x0000000800748f60
instanceKlass org/jetbrains/kotlin/fir/ScopeUtilsKt
instanceKlass org/jetbrains/kotlin/fir/declarations/FirValueParameterKindKt
instanceKlass  @bci org/jetbrains/kotlin/fir/resolve/transformers/plugin/FirDeclarationsResolveTransformerForAnnotationArguments forRegularClassBody (Lorg/jetbrains/kotlin/fir/declarations/FirRegularClass;Lkotlin/jvm/functions/Function0;)Lorg/jetbrains/kotlin/fir/declarations/FirRegularClass; 91 <appendix> member <vmtarget> ; # org/jetbrains/kotlin/fir/resolve/transformers/plugin/FirDeclarationsResolveTransformerForAnnotationArguments$$Lambda+0x0000000800748250
instanceKlass  @bci org/jetbrains/kotlin/fir/expressions/FirExpressionEvaluator <clinit> ()V 10 <appendix> argL0 ; # org/jetbrains/kotlin/fir/expressions/FirExpressionEvaluator$$Lambda+0x0000000800748000
instanceKlass org/jetbrains/kotlin/fir/expressions/FirExpressionEvaluator
instanceKlass org/jetbrains/kotlin/name/StandardClassIds$Collections
instanceKlass org/jetbrains/kotlin/fir/types/ConeFlexibleTypeBoundsChecker
instanceKlass org/jetbrains/kotlin/fir/types/ConeTypesKt
instanceKlass  @bci org/jetbrains/kotlin/fir/java/scopes/JavaClassMembersEnhancementScope processDeclaredConstructors (Lkotlin/jvm/functions/Function1;)V 12 <appendix> member <vmtarget> ; # org/jetbrains/kotlin/fir/java/scopes/JavaClassMembersEnhancementScope$$Lambda+0x0000000800746ee0
instanceKlass  @bci org/jetbrains/kotlin/fir/scopes/impl/FirClassSubstitutionScope processClassifiersByNameWithSubstitution (Lorg/jetbrains/kotlin/name/Name;Lkotlin/jvm/functions/Function2;)V 19 <appendix> member <vmtarget> ; # org/jetbrains/kotlin/fir/scopes/impl/FirClassSubstitutionScope$$Lambda+0x0000000800746a48
instanceKlass org/jetbrains/kotlin/fir/resolve/SupertypeUtilsKt$WhenMappings
instanceKlass  @bci org/jetbrains/kotlin/resolve/calls/inference/components/ResultTypeResolver isAppropriateResultTypeFromEqualityConstraints (Lorg/jetbrains/kotlin/resolve/calls/inference/components/ResultTypeResolver$Context;Lorg/jetbrains/kotlin/types/model/KotlinTypeMarker;)Z 17 <appendix> member <vmtarget> ; # org/jetbrains/kotlin/resolve/calls/inference/components/ResultTypeResolver$$Lambda+0x00000008007460f0
instanceKlass  @bci org/jetbrains/kotlin/resolve/calls/inference/components/VariableFixationFinderKt containsTypeVariable (Lorg/jetbrains/kotlin/types/model/TypeSystemInferenceExtensionContext;Lorg/jetbrains/kotlin/types/model/KotlinTypeMarker;Lorg/jetbrains/kotlin/types/model/TypeConstructorMarker;)Z 22 <appendix> member <vmtarget> ; # org/jetbrains/kotlin/resolve/calls/inference/components/VariableFixationFinderKt$$Lambda+0x0000000800745e98
instanceKlass  @bci org/jetbrains/kotlin/resolve/calls/inference/model/NewConstraintSystemImpl fixVariable (Lorg/jetbrains/kotlin/types/model/TypeVariableMarker;Lorg/jetbrains/kotlin/types/model/KotlinTypeMarker;Lorg/jetbrains/kotlin/resolve/calls/inference/model/FixVariableConstraintPosition;)V 261 <appendix> member <vmtarget> ; # org/jetbrains/kotlin/resolve/calls/inference/model/NewConstraintSystemImpl$$Lambda+0x0000000800745c40
instanceKlass  @bci org/jetbrains/kotlin/resolve/calls/inference/components/TrivialConstraintTypeInferenceOracle containsOnlyNonNullableNothing (Lorg/jetbrains/kotlin/types/model/KotlinTypeMarker;)Z 3 <appendix> member <vmtarget> ; # org/jetbrains/kotlin/resolve/calls/inference/components/TrivialConstraintTypeInferenceOracle$$Lambda+0x00000008007459e8
instanceKlass  @bci org/jetbrains/kotlin/resolve/calls/inference/components/TrivialConstraintTypeInferenceOracle isGeneratedConstraintTrivial (Lorg/jetbrains/kotlin/resolve/calls/inference/model/Constraint;Lorg/jetbrains/kotlin/resolve/calls/inference/model/Constraint;Lorg/jetbrains/kotlin/types/model/KotlinTypeMarker;Z)Z 84 <appendix> member <vmtarget> ; # org/jetbrains/kotlin/resolve/calls/inference/components/TrivialConstraintTypeInferenceOracle$$Lambda+0x0000000800745790
instanceKlass  @bci org/jetbrains/kotlin/resolve/calls/inference/components/TrivialConstraintTypeInferenceOracle isGeneratedConstraintTrivial (Lorg/jetbrains/kotlin/resolve/calls/inference/model/Constraint;Lorg/jetbrains/kotlin/resolve/calls/inference/model/Constraint;Lorg/jetbrains/kotlin/types/model/KotlinTypeMarker;Z)Z 65 <appendix> member <vmtarget> ; # org/jetbrains/kotlin/resolve/calls/inference/components/TrivialConstraintTypeInferenceOracle$$Lambda+0x0000000800745538
instanceKlass  @bci org/jetbrains/kotlin/types/AbstractTypeApproximator approximateToSubType (Lorg/jetbrains/kotlin/types/model/KotlinTypeMarker;Lorg/jetbrains/kotlin/types/TypeApproximatorConfiguration;I)Lorg/jetbrains/kotlin/types/model/KotlinTypeMarker; 74 <appendix> member <vmtarget> ; # org/jetbrains/kotlin/types/AbstractTypeApproximator$$Lambda+0x00000008007452e0
instanceKlass org/jetbrains/kotlin/fir/types/ConeTypeIntersector
instanceKlass  @bci org/jetbrains/kotlin/resolve/calls/inference/components/VariableFixationFinder computeReadinessForVariableWithDependencies (Lorg/jetbrains/kotlin/resolve/calls/inference/components/VariableFixationFinder$Context;Lorg/jetbrains/kotlin/types/model/TypeConstructorMarker;)Lorg/jetbrains/kotlin/resolve/calls/inference/components/VariableFixationFinder$TypeVariableFixationReadiness; 100 <appendix> member <vmtarget> ; # org/jetbrains/kotlin/resolve/calls/inference/components/VariableFixationFinder$$Lambda+0x0000000800744e50
instanceKlass  @bci org/jetbrains/kotlin/resolve/calls/inference/components/VariableFixationFinder hasDependencyToOtherTypeVariable (Lorg/jetbrains/kotlin/resolve/calls/inference/components/VariableFixationFinder$Context;Lorg/jetbrains/kotlin/resolve/calls/inference/model/Constraint;Lorg/jetbrains/kotlin/types/model/TypeConstructorMarker;)Z 34 <appendix> member <vmtarget> ; # org/jetbrains/kotlin/resolve/calls/inference/components/VariableFixationFinder$$Lambda+0x0000000800744bf8
instanceKlass  @bci org/jetbrains/kotlin/resolve/calls/inference/components/ConstraintSystemCompletionContext extractUpperTypesToCheckIntersectionEmptiness (Ljava/util/List;)Ljava/util/List; 87 <appendix> member <vmtarget> ; # org/jetbrains/kotlin/resolve/calls/inference/components/ConstraintSystemCompletionContext$$Lambda+0x00000008007449a0
instanceKlass  @bci org/jetbrains/kotlin/resolve/calls/inference/components/ConstraintIncorporatorKt getNestedArguments (Lorg/jetbrains/kotlin/types/model/TypeSystemInferenceExtensionContext;Lorg/jetbrains/kotlin/types/model/KotlinTypeMarker;)Ljava/util/List; 110 <appendix> member <vmtarget> ; # org/jetbrains/kotlin/resolve/calls/inference/components/ConstraintIncorporatorKt$$Lambda+0x0000000800744748
instanceKlass org/jetbrains/kotlin/resolve/calls/inference/components/ConstraintIncorporatorKt
instanceKlass org/jetbrains/kotlin/types/AbstractTypeApproximator$ApproximationResult
instanceKlass  @bci org/jetbrains/kotlin/types/AbstractTypeApproximator approximateCapturedType (Lorg/jetbrains/kotlin/types/model/CapturedTypeMarker;Lorg/jetbrains/kotlin/types/TypeApproximatorConfiguration;ZI)Lorg/jetbrains/kotlin/types/model/KotlinTypeMarker; 266 <appendix> member <vmtarget> ; # org/jetbrains/kotlin/types/AbstractTypeApproximator$$Lambda+0x0000000800744078
instanceKlass  @bci org/jetbrains/kotlin/types/AbstractTypeApproximator approximateCapturedType (Lorg/jetbrains/kotlin/types/model/CapturedTypeMarker;Lorg/jetbrains/kotlin/types/TypeApproximatorConfiguration;ZI)Lorg/jetbrains/kotlin/types/model/KotlinTypeMarker; 247 <appendix> member <vmtarget> ; # org/jetbrains/kotlin/types/AbstractTypeApproximator$$Lambda+0x0000000800743e20
instanceKlass  @bci org/jetbrains/kotlin/types/AbstractTypeApproximator approximateToSubType (Lorg/jetbrains/kotlin/types/model/KotlinTypeMarker;Lorg/jetbrains/kotlin/types/TypeApproximatorConfiguration;I)Lorg/jetbrains/kotlin/types/model/KotlinTypeMarker; 207 <appendix> member <vmtarget> ; # org/jetbrains/kotlin/types/AbstractTypeApproximator$$Lambda+0x00000008007437e0
instanceKlass org/jetbrains/kotlin/fir/types/ConeInferenceContext$WhenMappings
instanceKlass org/jetbrains/kotlin/resolve/calls/inference/components/ConstraintIncorporator$WhenMappings
instanceKlass org/jetbrains/kotlin/fir/resolve/inference/CalculatorForNestedCall$FixationDirectionForVariable
instanceKlass org/jetbrains/kotlin/fir/resolve/inference/CalculatorForNestedCall$WhenMappings
instanceKlass  @bci org/jetbrains/kotlin/fir/resolve/inference/CalculatorForNestedCall computeDirections (Lorg/jetbrains/kotlin/resolve/calls/inference/components/ConstraintSystemCompletionContext;)V 47 <appendix> member <vmtarget> ; # org/jetbrains/kotlin/fir/resolve/inference/CalculatorForNestedCall$$Lambda+0x0000000800741f78
instanceKlass  @bci org/jetbrains/kotlin/fir/resolve/inference/CalculatorForNestedCall <init> (Lorg/jetbrains/kotlin/fir/resolve/calls/candidate/Candidate;Lorg/jetbrains/kotlin/fir/types/ConeKotlinType;Lorg/jetbrains/kotlin/resolve/calls/inference/components/ConstraintSystemCompletionContext;Lorg/jetbrains/kotlin/resolve/calls/inference/components/TrivialConstraintTypeInferenceOracle;)V 96 <appendix> member <vmtarget> ; # org/jetbrains/kotlin/fir/resolve/inference/CalculatorForNestedCall$$Lambda+0x0000000800741d20
instanceKlass org/jetbrains/kotlin/fir/resolve/inference/CalculatorForNestedCall
instanceKlass  @bci org/jetbrains/kotlin/fir/resolve/calls/stages/CollectTypeVariableUsagesInfo getDependentTypeParameters (Lorg/jetbrains/kotlin/resolve/calls/inference/model/NewConstraintSystemImpl;Lorg/jetbrains/kotlin/types/model/TypeConstructorMarker;Ljava/util/List;)Ljava/util/List; 27 <appendix> member <vmtarget> ; # org/jetbrains/kotlin/fir/resolve/calls/stages/CollectTypeVariableUsagesInfo$$Lambda+0x0000000800741888
instanceKlass  @bci org/jetbrains/kotlin/fir/resolve/calls/stages/CollectTypeVariableUsagesInfo getDependentTypeParameters (Lorg/jetbrains/kotlin/resolve/calls/inference/model/NewConstraintSystemImpl;Lorg/jetbrains/kotlin/types/model/TypeConstructorMarker;Ljava/util/List;)Ljava/util/List; 17 <appendix> member <vmtarget> ; # org/jetbrains/kotlin/fir/resolve/calls/stages/CollectTypeVariableUsagesInfo$$Lambda+0x0000000800741630
instanceKlass org/jetbrains/kotlin/fir/java/deserialization/AnnotationsLoader$AnnotationsLoaderVisitorImpl$visitAnnotation$1
instanceKlass org/jetbrains/kotlin/fir/resolve/calls/stages/ImplicitArgumentDescription
instanceKlass  @bci org/jetbrains/kotlin/fir/resolve/calls/FirSyntheticPropertiesScope processPropertiesByName (Lorg/jetbrains/kotlin/name/Name;Lkotlin/jvm/functions/Function1;)V 107 <appendix> member <vmtarget> ; # org/jetbrains/kotlin/fir/resolve/calls/FirSyntheticPropertiesScope$$Lambda+0x00000008007404e0
instanceKlass org/jetbrains/kotlin/fir/scopes/impl/ConvertibleIntegerOperators
instanceKlass  @bci org/jetbrains/kotlin/fir/types/ConeIntegerConstantOperatorTypeImpl <init> (ZZ)V 129 <appendix> member <vmtarget> ; # org/jetbrains/kotlin/fir/types/ConeIntegerConstantOperatorTypeImpl$$Lambda+0x000000080073fb78
instanceKlass org/jetbrains/kotlin/fir/declarations/FirDeprecationInfo
instanceKlass  @bci org/jetbrains/kotlin/resolve/calls/results/FlatSignatureKt isSignatureEquallyOrMoreSpecific (Lorg/jetbrains/kotlin/resolve/calls/results/SimpleConstraintSystem;Lorg/jetbrains/kotlin/resolve/calls/results/FlatSignature;Lorg/jetbrains/kotlin/resolve/calls/results/FlatSignature;Lorg/jetbrains/kotlin/resolve/calls/results/SpecificityComparisonCallbacks;Lorg/jetbrains/kotlin/resolve/calls/results/TypeSpecificityComparator;Z)Z 96 <appendix> argL0 ; # org/jetbrains/kotlin/resolve/calls/results/FlatSignatureKt$$Lambda+0x000000080073ec88
instanceKlass org/jetbrains/kotlin/resolve/calls/results/FlatSignatureKt
instanceKlass org/jetbrains/kotlin/fir/resolve/calls/overloads/ConeSimpleConstraintSystemImpl
instanceKlass org/jetbrains/kotlin/resolve/calls/results/SimpleConstraintSystem
instanceKlass org/jetbrains/kotlin/resolve/calls/results/FlatSignature$Companion
instanceKlass org/jetbrains/kotlin/resolve/calls/results/FlatSignature
instanceKlass org/jetbrains/kotlin/resolve/calls/results/TypeWithConversion
instanceKlass org/jetbrains/kotlin/fir/resolve/calls/overloads/ConeOverloadConflictResolver$DiscriminationFlags
instanceKlass  @bci org/jetbrains/kotlin/fir/resolve/calls/overloads/ConeEquivalentCallConflictResolver filterOutEquivalentCalls (Ljava/util/Collection;)Ljava/util/Set; 180 <appendix> member <vmtarget> ; # org/jetbrains/kotlin/fir/resolve/calls/overloads/ConeEquivalentCallConflictResolver$$Lambda+0x000000080073da58
instanceKlass kotlin/comparisons/ComparisonsKt__ComparisonsKt
instanceKlass org/jetbrains/kotlin/fir/resolve/calls/overloads/ConeEquivalentCallConflictResolver$filterOutEquivalentCalls$$inlined$sortedBy$1
instanceKlass  @bci org/jetbrains/kotlin/fir/types/ConeIntegerLiteralConstantTypeImpl <init> (JLjava/util/Collection;ZZ)V 22 <appendix> member <vmtarget> ; # org/jetbrains/kotlin/fir/types/ConeIntegerLiteralConstantTypeImpl$$Lambda+0x000000080073ca30
instanceKlass org/jetbrains/kotlin/fir/types/InferenceUtilsKt
instanceKlass java/util/AbstractList$SubList$1
instanceKlass org/jetbrains/kotlin/resolve/calls/inference/model/ConstraintSystemError
instanceKlass org/jetbrains/kotlin/resolve/calls/inference/model/NewConstraintMismatch
instanceKlass  @bci org/jetbrains/kotlin/fir/types/FirCorrespondingSupertypesCache computeSupertypePolicyAndPutInMap (Lorg/jetbrains/kotlin/types/model/RigidTypeMarker;Ljava/util/Map;Lorg/jetbrains/kotlin/types/TypeCheckerState;)Lorg/jetbrains/kotlin/types/TypeCheckerState$SupertypesPolicy; 50 <appendix> member <vmtarget> ; # org/jetbrains/kotlin/fir/types/FirCorrespondingSupertypesCache$$Lambda+0x000000080073b2f8
instanceKlass  @bci org/jetbrains/kotlin/fir/types/FirCorrespondingSupertypesCache computeSupertypePolicyAndPutInMap (Lorg/jetbrains/kotlin/types/model/RigidTypeMarker;Ljava/util/Map;Lorg/jetbrains/kotlin/types/TypeCheckerState;)Lorg/jetbrains/kotlin/types/TypeCheckerState$SupertypesPolicy; 45 <appendix> argL0 ; # org/jetbrains/kotlin/fir/types/FirCorrespondingSupertypesCache$$Lambda+0x000000080073b0a8
instanceKlass kotlin/jvm/internal/LongCompanionObject
instanceKlass org/jetbrains/kotlin/fir/types/ConeIntegerLiteralTypeExtensions
instanceKlass  @bci org/jetbrains/kotlin/fir/resolve/transformers/body/resolve/FirExpressionsResolveTransformer transformLiteralExpression (Lorg/jetbrains/kotlin/fir/expressions/FirLiteralExpression;Lorg/jetbrains/kotlin/fir/resolve/ResolutionMode;)Lorg/jetbrains/kotlin/fir/expressions/FirStatement; 98 <appendix> member <vmtarget> ; # org/jetbrains/kotlin/fir/resolve/transformers/body/resolve/FirExpressionsResolveTransformer$$Lambda+0x000000080073a320
instanceKlass kotlin/ranges/LongRange$Companion
instanceKlass kotlin/ranges/LongProgression$Companion
instanceKlass kotlin/ranges/LongProgression
instanceKlass org/jetbrains/kotlin/fir/types/ConeIntegerLiteralConstantTypeImpl$Companion
instanceKlass org/jetbrains/kotlin/fir/types/ConeIntegerLiteralType$Companion
instanceKlass org/jetbrains/kotlin/fir/declarations/FirPropertyBodyResolveStateKt
instanceKlass  @bci org/jetbrains/kotlin/fir/resolve/calls/FirSyntheticPropertiesScope processPropertiesByName (Lorg/jetbrains/kotlin/name/Name;Lkotlin/jvm/functions/Function1;)V 73 <appendix> member <vmtarget> ; # org/jetbrains/kotlin/fir/resolve/calls/FirSyntheticPropertiesScope$$Lambda+0x0000000800738b58
instanceKlass org/jetbrains/kotlin/fir/types/AbbreviatedTypeAttributeKt
instanceKlass org/jetbrains/kotlin/fir/resolve/calls/stages/CheckShadowedImplicitsStage
instanceKlass org/jetbrains/kotlin/types/AbstractTypeApproximator$WhenMappings
instanceKlass  @bci org/jetbrains/kotlin/fir/types/ConeTypeApproximator fastPathSkipApproximation (Lorg/jetbrains/kotlin/fir/types/ConeKotlinType;Lorg/jetbrains/kotlin/types/TypeApproximatorConfiguration;)Z 92 <appendix> member <vmtarget> ; # org/jetbrains/kotlin/fir/types/ConeTypeApproximator$$Lambda+0x00000008007374c0
instanceKlass org/jetbrains/kotlin/fir/types/ConeIntegerLiteralTypeImplKt
instanceKlass org/jetbrains/kotlin/fir/symbols/FirBasedSymbolKt
instanceKlass org/jetbrains/kotlin/resolve/calls/inference/model/MutableVariableWithConstraints$WhenMappings
instanceKlass  @bci org/jetbrains/kotlin/types/AbstractTypeApproximator approximateToSuperType (Lorg/jetbrains/kotlin/types/model/KotlinTypeMarker;Lorg/jetbrains/kotlin/types/TypeApproximatorConfiguration;I)Lorg/jetbrains/kotlin/types/model/KotlinTypeMarker; 74 <appendix> member <vmtarget> ; # org/jetbrains/kotlin/types/AbstractTypeApproximator$$Lambda+0x0000000800735728
instanceKlass  @bci org/jetbrains/kotlin/resolve/calls/inference/components/ResultTypeResolver findSubType (Lorg/jetbrains/kotlin/resolve/calls/inference/components/ResultTypeResolver$Context;Lorg/jetbrains/kotlin/resolve/calls/inference/model/VariableWithConstraints;)Lorg/jetbrains/kotlin/types/model/KotlinTypeMarker; 61 <appendix> member <vmtarget> ; # org/jetbrains/kotlin/resolve/calls/inference/components/ResultTypeResolver$$Lambda+0x0000000800734cf0
instanceKlass org/jetbrains/kotlin/resolve/calls/NewCommonSuperTypeCalculator
instanceKlass org/jetbrains/kotlin/resolve/calls/inference/components/ResultTypeResolver$sinkIntegerLiteralTypes$$inlined$sortedBy$1
instanceKlass  @bci org/jetbrains/kotlin/resolve/calls/inference/model/NewConstraintSystemImpl isProperTypeImpl (Lorg/jetbrains/kotlin/types/model/KotlinTypeMarker;)Z 3 <appendix> member <vmtarget> ; # org/jetbrains/kotlin/resolve/calls/inference/model/NewConstraintSystemImpl$$Lambda+0x0000000800734590
instanceKlass  @bci org/jetbrains/kotlin/fir/resolve/inference/ConstraintSystemCompleter runCompletion (Lorg/jetbrains/kotlin/resolve/calls/inference/components/ConstraintSystemCompletionContext;Lorg/jetbrains/kotlin/resolve/calls/inference/components/ConstraintSystemCompletionMode;Ljava/util/List;Lorg/jetbrains/kotlin/fir/types/ConeKotlinType;Lorg/jetbrains/kotlin/fir/resolve/calls/ResolutionContext;Lorg/jetbrains/kotlin/fir/resolve/inference/ConstraintSystemCompleter$PostponedAtomAnalyzer;)V 502 <appendix> member <vmtarget> ; # org/jetbrains/kotlin/fir/resolve/inference/ConstraintSystemCompleter$$Lambda+0x0000000800733e98
instanceKlass  @bci org/jetbrains/kotlin/resolve/calls/inference/components/TypeVariableDependencyInformationProvider computeRelatedToTopLevelType ()V 14 <appendix> member <vmtarget> ; # org/jetbrains/kotlin/resolve/calls/inference/components/TypeVariableDependencyInformationProvider$$Lambda+0x0000000800733c40
instanceKlass org/jetbrains/kotlin/resolve/calls/inference/components/VariableFixationFinder$VariableForFixation
instanceKlass org/jetbrains/kotlin/resolve/calls/inference/components/VariableFixationFinder$WhenMappings
instanceKlass  @bci org/jetbrains/kotlin/resolve/calls/inference/components/VariableFixationFinder hasProperArgumentConstraints (Lorg/jetbrains/kotlin/resolve/calls/inference/components/VariableFixationFinder$Context;Lorg/jetbrains/kotlin/types/model/TypeConstructorMarker;)Z 114 <appendix> member <vmtarget> ; # org/jetbrains/kotlin/resolve/calls/inference/components/VariableFixationFinder$$Lambda+0x00000008007332f8
instanceKlass  @bci org/jetbrains/kotlin/resolve/calls/inference/components/VariableFixationFinder isProperType (Lorg/jetbrains/kotlin/resolve/calls/inference/components/VariableFixationFinder$Context;Lorg/jetbrains/kotlin/types/model/KotlinTypeMarker;)Z 72 <appendix> member <vmtarget> ; # org/jetbrains/kotlin/resolve/calls/inference/components/VariableFixationFinder$$Lambda+0x00000008007330a0
instanceKlass  @bci org/jetbrains/kotlin/resolve/calls/inference/components/TypeVariableDependencyInformationProvider forAllMyTypeVariables (Lorg/jetbrains/kotlin/types/model/KotlinTypeMarker;Lkotlin/jvm/functions/Function1;)Z 13 <appendix> member <vmtarget> ; # org/jetbrains/kotlin/resolve/calls/inference/components/TypeVariableDependencyInformationProvider$$Lambda+0x0000000800732e48
instanceKlass  @bci org/jetbrains/kotlin/resolve/calls/inference/components/TypeVariableDependencyInformationProvider computeConstraintEdges ()V 111 <appendix> member <vmtarget> ; # org/jetbrains/kotlin/resolve/calls/inference/components/TypeVariableDependencyInformationProvider$$Lambda+0x0000000800732bf0
instanceKlass org/jetbrains/kotlin/types/model/TypeSystemContextHelpersKt
instanceKlass org/jetbrains/kotlin/resolve/calls/inference/components/TypeVariableDependencyInformationProvider
instanceKlass  @bci org/jetbrains/kotlin/resolve/calls/inference/components/ConstraintIncorporator areThereRecursiveConstraints (Lorg/jetbrains/kotlin/resolve/calls/inference/components/ConstraintIncorporator$Context;Lorg/jetbrains/kotlin/resolve/calls/inference/model/Constraint;Lorg/jetbrains/kotlin/types/model/TypeVariableMarker;)Z 10 <appendix> member <vmtarget> ; # org/jetbrains/kotlin/resolve/calls/inference/components/ConstraintIncorporator$$Lambda+0x0000000800732520
instanceKlass org/jetbrains/kotlin/resolve/calls/inference/components/VariableFixationFinderKt
instanceKlass  @bci org/jetbrains/kotlin/resolve/calls/inference/InferenceUtilsKt extractAllContainingTypeVariablesNoCaptureTypeProcessing (Lorg/jetbrains/kotlin/types/model/TypeSystemInferenceExtensionContext;Lorg/jetbrains/kotlin/types/model/KotlinTypeMarker;Ljava/util/Set;)V 4 <appendix> member <vmtarget> ; # org/jetbrains/kotlin/resolve/calls/inference/InferenceUtilsKt$$Lambda+0x0000000800732090
instanceKlass org/jetbrains/kotlin/types/model/TypeSystemInferenceExtensionContextContextualKt
instanceKlass org/jetbrains/kotlin/resolve/calls/inference/model/Constraint
instanceKlass org/jetbrains/kotlin/resolve/calls/inference/components/ConstraintContext
instanceKlass org/jetbrains/kotlin/resolve/calls/inference/model/MutableVariableWithConstraints
instanceKlass org/jetbrains/kotlin/resolve/calls/inference/model/VariableWithConstraints
instanceKlass org/jetbrains/kotlin/fir/types/ConeTypeVariable
instanceKlass org/jetbrains/kotlin/types/model/TypeVariableMarker
instanceKlass org/jetbrains/kotlin/fir/scopes/impl/TypeAliasConstructorsSubstitutingScopeKt
instanceKlass  @bci org/jetbrains/kotlin/fir/resolve/calls/ConstructorProcessingKt getFirstClassifierOrNull (Lorg/jetbrains/kotlin/fir/scopes/FirScope;Lorg/jetbrains/kotlin/fir/resolve/calls/candidate/CallInfo;Lorg/jetbrains/kotlin/fir/resolve/calls/ConstructorFilter;Lorg/jetbrains/kotlin/fir/FirSession;Lorg/jetbrains/kotlin/fir/resolve/BodyResolveComponents;)Lorg/jetbrains/kotlin/fir/resolve/providers/impl/FirTypeCandidateCollector$TypeCandidate; 43 <appendix> member <vmtarget> ; # org/jetbrains/kotlin/fir/resolve/calls/ConstructorProcessingKt$$Lambda+0x000000080072ca58
instanceKlass  @bci org/jetbrains/kotlin/fir/resolve/calls/ConstructorProcessingKt processConstructors (Lorg/jetbrains/kotlin/fir/symbols/impl/FirClassLikeSymbol;Lorg/jetbrains/kotlin/fir/resolve/substitution/ConeSubstitutor;Lkotlin/jvm/functions/Function1;Lorg/jetbrains/kotlin/fir/FirSession;Lorg/jetbrains/kotlin/fir/resolve/BodyResolveComponents;)V 139 <appendix> member <vmtarget> ; # org/jetbrains/kotlin/fir/resolve/calls/ConstructorProcessingKt$$Lambda+0x000000080072c800
instanceKlass org/jetbrains/kotlin/fir/resolve/calls/ConstructorProcessingKt$WhenMappings
instanceKlass org/jetbrains/kotlin/fir/resolve/calls/ConstructorFilter$WhenMappings
instanceKlass org/jetbrains/kotlin/fir/resolve/dfa/cfg/ControlFlowGraphKt
instanceKlass org/jetbrains/kotlin/fir/resolve/dfa/cfg/Edge$Companion$WhenMappings
instanceKlass org/jetbrains/kotlin/fir/resolve/dfa/cfg/EdgeKind$WhenMappings
instanceKlass org/jetbrains/kotlin/fir/resolve/ContextSensitiveResolutionUtilsKt
instanceKlass  @bci org/jetbrains/kotlin/fir/resolve/dfa/FirDataFlowAnalyzer exitQualifiedAccessExpression (Lorg/jetbrains/kotlin/fir/expressions/FirQualifiedAccessExpression;)V 21 <appendix> member <vmtarget> ; # org/jetbrains/kotlin/fir/resolve/dfa/FirDataFlowAnalyzer$$Lambda+0x000000080072ed10
instanceKlass  @bci org/jetbrains/kotlin/fir/resolve/transformers/body/resolve/FirExpressionsResolveTransformer transformBlockInCurrentScope$resolve (Lorg/jetbrains/kotlin/fir/expressions/FirBlock;Lorg/jetbrains/kotlin/fir/resolve/ResolutionMode;)V 53 <appendix> form vmentry <vmtarget> ; # java/lang/invoke/LambdaForm$DMH+0x000000080072c400
instanceKlass  @bci org/jetbrains/kotlin/fir/resolve/transformers/body/resolve/FirExpressionsResolveTransformer transformBlockInCurrentScope$resolve (Lorg/jetbrains/kotlin/fir/expressions/FirBlock;Lorg/jetbrains/kotlin/fir/resolve/ResolutionMode;)V 53 <appendix> member <vmtarget> ; # org/jetbrains/kotlin/fir/resolve/transformers/body/resolve/FirExpressionsResolveTransformer$$Lambda+0x000000080072bbd0
instanceKlass  @cpi org/jetbrains/kotlin/fir/resolve/transformers/body/resolve/FirExpressionsResolveTransformer 1726 form vmentry <vmtarget> ; # java/lang/invoke/LambdaForm$DMH+0x000000080072c000
instanceKlass org/jetbrains/kotlin/fir/visitors/TransformData
instanceKlass  @bci org/jetbrains/kotlin/fir/resolve/dfa/FirDataFlowAnalyzer enterFunction (Lorg/jetbrains/kotlin/fir/declarations/FirFunction;)V 109 <appendix> member <vmtarget> ; # org/jetbrains/kotlin/fir/resolve/dfa/FirDataFlowAnalyzer$$Lambda+0x000000080072b4b0
instanceKlass org/jetbrains/kotlin/fir/resolve/dfa/FirLocalVariableAssignmentAnalyzer$Companion$VariableAssignments
instanceKlass  @bci org/jetbrains/kotlin/fir/resolve/transformers/body/resolve/FirDeclarationsResolveTransformer transformSimpleFunction (Lorg/jetbrains/kotlin/fir/declarations/FirSimpleFunction;Lorg/jetbrains/kotlin/fir/resolve/ResolutionMode;)Lorg/jetbrains/kotlin/fir/declarations/FirSimpleFunction; 408 <appendix> member <vmtarget> ; # org/jetbrains/kotlin/fir/resolve/transformers/body/resolve/FirDeclarationsResolveTransformer$$Lambda+0x000000080072aac0
instanceKlass org/jetbrains/kotlin/fir/resolve/transformers/ExpectedArgumentType
instanceKlass org/jetbrains/kotlin/fir/types/ConeStubTypeConstructor
instanceKlass org/jetbrains/kotlin/resolve/calls/inference/components/ConstraintIncorporator$Context
instanceKlass org/jetbrains/kotlin/types/model/TypeSystemCommonSuperTypesContextContextualKt
instanceKlass org/jetbrains/kotlin/resolve/calls/inference/model/InitialConstraint
instanceKlass org/jetbrains/kotlin/resolve/calls/inference/ConstraintSystemBuilderKt$WhenMappings
instanceKlass org/jetbrains/kotlin/resolve/calls/inference/ConstraintSystemTransaction
instanceKlass org/jetbrains/kotlin/resolve/calls/inference/ConstraintSystemBuilderKt
instanceKlass org/jetbrains/kotlin/fir/resolve/calls/stages/ArgumentCheckingProcessor$ArgumentContext
instanceKlass org/jetbrains/kotlin/resolve/calls/inference/model/OnlyInputTypeConstraintPosition
instanceKlass org/jetbrains/kotlin/resolve/calls/inference/model/ConstraintPosition
instanceKlass org/jetbrains/kotlin/fir/resolve/calls/stages/ArgumentCheckingProcessor
instanceKlass org/jetbrains/kotlin/fir/resolve/FirSamResolver$SamConversionInfo
instanceKlass org/jetbrains/kotlin/fir/resolve/calls/ArgumentUtilsKt
instanceKlass org/jetbrains/kotlin/fir/resolve/calls/stages/CheckArgumentsKt
instanceKlass org/jetbrains/kotlin/fir/resolve/calls/ResolvedCallArgument
instanceKlass  @bci org/jetbrains/kotlin/fir/resolve/calls/stages/CheckHiddenDeclaration isHiddenForThisCallSite (Lorg/jetbrains/kotlin/fir/resolve/calls/candidate/CheckerSink;Lorg/jetbrains/kotlin/fir/symbols/impl/FirCallableSymbol;Lorg/jetbrains/kotlin/fir/resolve/calls/candidate/CallInfo;Lorg/jetbrains/kotlin/fir/resolve/calls/candidate/Candidate;)Z 136 <adapter> ; # java/lang/invoke/LambdaForm$MH+0x0000000800724800
# instanceKlass java/lang/invoke/LambdaForm$DMH+0x0000000800724400
instanceKlass  @bci org/jetbrains/kotlin/fir/resolve/calls/stages/CheckHiddenDeclaration isHiddenForThisCallSite (Lorg/jetbrains/kotlin/fir/resolve/calls/candidate/CheckerSink;Lorg/jetbrains/kotlin/fir/symbols/impl/FirCallableSymbol;Lorg/jetbrains/kotlin/fir/resolve/calls/candidate/CallInfo;Lorg/jetbrains/kotlin/fir/resolve/calls/candidate/Candidate;)Z 136 <appendix> form vmentry <vmtarget> ; # java/lang/invoke/LambdaForm$DMH+0x0000000800724000
instanceKlass  @bci org/jetbrains/kotlin/fir/resolve/calls/stages/CheckHiddenDeclaration isHiddenForThisCallSite (Lorg/jetbrains/kotlin/fir/resolve/calls/candidate/CheckerSink;Lorg/jetbrains/kotlin/fir/symbols/impl/FirCallableSymbol;Lorg/jetbrains/kotlin/fir/resolve/calls/candidate/CallInfo;Lorg/jetbrains/kotlin/fir/resolve/calls/candidate/Candidate;)Z 136 <appendix> member <vmtarget> ; # org/jetbrains/kotlin/fir/resolve/calls/stages/CheckHiddenDeclaration$$Lambda+0x0000000800722a80
instanceKlass org/jetbrains/kotlin/fir/resolve/calls/tower/TowerLevelsKt
instanceKlass  @bci org/jetbrains/kotlin/fir/resolve/calls/tower/DispatchReceiverMemberScopeTowerLevel processFunctionsByName$lambda$0 (Lorg/jetbrains/kotlin/fir/FirLookupTrackerComponent;Lorg/jetbrains/kotlin/fir/resolve/calls/candidate/CallInfo;Lorg/jetbrains/kotlin/fir/resolve/calls/tower/DispatchReceiverMemberScopeTowerLevel;Lorg/jetbrains/kotlin/fir/scopes/FirScope;Lkotlin/jvm/functions/Function1;)Lkotlin/Unit; 57 <appendix> member <vmtarget> ; # org/jetbrains/kotlin/fir/resolve/calls/tower/DispatchReceiverMemberScopeTowerLevel$$Lambda+0x0000000800721ed0
instanceKlass  @bci org/jetbrains/kotlin/fir/resolve/calls/tower/DispatchReceiverMemberScopeTowerLevel processFunctionsByName (Lorg/jetbrains/kotlin/fir/resolve/calls/candidate/CallInfo;Lorg/jetbrains/kotlin/fir/resolve/calls/tower/TowerLevelProcessor;)Lorg/jetbrains/kotlin/fir/resolve/calls/tower/ProcessResult; 28 <appendix> member <vmtarget> ; # org/jetbrains/kotlin/fir/resolve/calls/tower/DispatchReceiverMemberScopeTowerLevel$$Lambda+0x0000000800721c78
instanceKlass  @bci org/jetbrains/kotlin/fir/resolve/calls/candidate/CandidateFactoryKt addSubsystemFromAtom (Lorg/jetbrains/kotlin/resolve/calls/components/PostponedArgumentsAnalyzerContext;Lorg/jetbrains/kotlin/fir/resolve/calls/ConeResolutionAtom;)Z 14 <appendix> member <vmtarget> ; # org/jetbrains/kotlin/fir/resolve/calls/candidate/CandidateFactoryKt$$Lambda+0x0000000800720f28
instanceKlass org/jetbrains/kotlin/fir/resolve/transformers/body/resolve/BodyResolveUtilsKt
instanceKlass  @bci org/jetbrains/kotlin/fir/resolve/transformers/body/resolve/FirDeclarationsResolveTransformer transformAccessor (Lorg/jetbrains/kotlin/fir/declarations/FirPropertyAccessor;Lorg/jetbrains/kotlin/fir/declarations/FirProperty;Z)V 63 <appendix> member <vmtarget> ; # org/jetbrains/kotlin/fir/resolve/transformers/body/resolve/FirDeclarationsResolveTransformer$$Lambda+0x0000000800718400
instanceKlass org/jetbrains/kotlin/util/EmptyArrayMap$iterator$1
instanceKlass  @bci org/jetbrains/kotlin/fir/resolve/transformers/body/resolve/DeclarationApproximationUtilsKt approximateDeclarationType (Lorg/jetbrains/kotlin/fir/types/ConeKotlinType;Lorg/jetbrains/kotlin/fir/FirSession;Lorg/jetbrains/kotlin/descriptors/Visibility;ZZ)Lorg/jetbrains/kotlin/fir/types/ConeKotlinType; 116 <appendix> argL0 ; # org/jetbrains/kotlin/fir/resolve/transformers/body/resolve/DeclarationApproximationUtilsKt$$Lambda+0x0000000800718aa0
instanceKlass org/jetbrains/kotlin/fir/resolve/transformers/body/resolve/DeclarationApproximationUtilsKt
instanceKlass org/jetbrains/kotlin/fir/symbols/impl/UtilsKt
instanceKlass org/jetbrains/kotlin/fir/extensions/FirExpressionResolutionExtensionKt
instanceKlass org/jetbrains/kotlin/fir/resolve/transformers/body/resolve/FirExpressionsResolveTransformerKt
instanceKlass org/jetbrains/kotlin/fir/references/FirReferenceUtilsKt
instanceKlass org/jetbrains/kotlin/fir/declarations/FirResolvePhaseKt$WhenMappings
instanceKlass org/jetbrains/kotlin/fir/declarations/FirResolvePhaseKt
instanceKlass  @bci org/jetbrains/kotlin/fir/resolve/dfa/FirDataFlowAnalyzer exitFunctionCall (Lorg/jetbrains/kotlin/fir/expressions/FirFunctionCall;Z)V 36 <appendix> member <vmtarget> ; # org/jetbrains/kotlin/fir/resolve/dfa/FirDataFlowAnalyzer$$Lambda+0x000000080071fce0
instanceKlass org/jetbrains/kotlin/fir/resolve/transformers/FirCallCompletionResultsWriterTransformer$ResultingArgumentsMapping
instanceKlass org/jetbrains/kotlin/fir/resolve/transformers/FirCallCompletionResultsWriterTransformerKt
instanceKlass org/jetbrains/kotlin/types/TypeApproximatorConfiguration
instanceKlass org/jetbrains/kotlin/fir/resolve/FirSamConversionTransformerExtensionKt
instanceKlass org/jetbrains/kotlin/fir/resolve/FirSamResolverKt
instanceKlass  @bci org/jetbrains/kotlin/fir/resolve/transformers/IntegerLiteralAndOperatorApproximationTransformer <init> (Lorg/jetbrains/kotlin/fir/FirSession;Lorg/jetbrains/kotlin/fir/resolve/ScopeSession;)V 41 <appendix> member <vmtarget> ; # org/jetbrains/kotlin/fir/resolve/transformers/IntegerLiteralAndOperatorApproximationTransformer$$Lambda+0x000000080071d308
instanceKlass  @bci org/jetbrains/kotlin/fir/resolve/transformers/IntegerLiteralAndOperatorApproximationTransformer <init> (Lorg/jetbrains/kotlin/fir/FirSession;Lorg/jetbrains/kotlin/fir/resolve/ScopeSession;)V 28 <appendix> member <vmtarget> ; # org/jetbrains/kotlin/fir/resolve/transformers/IntegerLiteralAndOperatorApproximationTransformer$$Lambda+0x000000080071d0b0
instanceKlass org/jetbrains/kotlin/fir/resolve/transformers/IntegerLiteralAndOperatorApproximationTransformer$Companion
instanceKlass  @bci org/jetbrains/kotlin/fir/resolve/inference/ConstraintSystemCompleter getOrderedAllTypeVariables$collectAllTypeVariables (Lorg/jetbrains/kotlin/fir/resolve/calls/ConeResolutionAtom;Ljava/util/LinkedHashSet;Lorg/jetbrains/kotlin/resolve/calls/inference/components/ConstraintSystemCompletionContext;)V 10 <appendix> member <vmtarget> ; # org/jetbrains/kotlin/fir/resolve/inference/ConstraintSystemCompleter$$Lambda+0x00000008007179c0
instanceKlass  @bci org/jetbrains/kotlin/fir/resolve/inference/ConstraintSystemCompleter getOrderedAllTypeVariables$collectAllTypeVariables (Lorg/jetbrains/kotlin/fir/resolve/calls/ConeResolutionAtom;Ljava/util/LinkedHashSet;Lorg/jetbrains/kotlin/resolve/calls/inference/components/ConstraintSystemCompletionContext;)V 3 <appendix> member <vmtarget> ; # org/jetbrains/kotlin/fir/resolve/inference/ConstraintSystemCompleter$$Lambda+0x0000000800717768
instanceKlass  @bci org/jetbrains/kotlin/fir/resolve/inference/ConstraintSystemCompleter runCompletion (Lorg/jetbrains/kotlin/resolve/calls/inference/components/ConstraintSystemCompletionContext;Lorg/jetbrains/kotlin/resolve/calls/inference/components/ConstraintSystemCompletionMode;Ljava/util/List;Lorg/jetbrains/kotlin/fir/types/ConeKotlinType;Lorg/jetbrains/kotlin/fir/resolve/calls/ResolutionContext;Lorg/jetbrains/kotlin/fir/resolve/inference/ConstraintSystemCompleter$PostponedAtomAnalyzer;)V 79 <appendix> member <vmtarget> ; # org/jetbrains/kotlin/fir/resolve/inference/ConstraintSystemCompleter$$Lambda+0x0000000800717510
instanceKlass org/jetbrains/kotlin/resolve/calls/model/PostponedCallableReferenceMarker
instanceKlass org/jetbrains/kotlin/resolve/calls/model/LambdaWithTypeVariableAsExpectedTypeMarker
instanceKlass org/jetbrains/kotlin/resolve/calls/model/PostponedAtomWithRevisableExpectedType
instanceKlass org/jetbrains/kotlin/fir/resolve/calls/candidate/Context
instanceKlass org/jetbrains/kotlin/fir/resolve/calls/candidate/CandidateTraversalKt
instanceKlass  @bci org/jetbrains/kotlin/fir/resolve/inference/ConstraintSystemCompleter$Companion getOrderedNotAnalyzedPostponedArguments (Ljava/util/List;)Ljava/util/List; 80 <appendix> member <vmtarget> ; # org/jetbrains/kotlin/fir/resolve/inference/ConstraintSystemCompleter$Companion$$Lambda+0x00000008007159d8
instanceKlass  @bci org/jetbrains/kotlin/fir/resolve/inference/ConstraintSystemCompleter$Companion getOrderedNotAnalyzedPostponedArguments (Ljava/util/List;)Ljava/util/List; 72 <appendix> member <vmtarget> ; # org/jetbrains/kotlin/fir/resolve/inference/ConstraintSystemCompleter$Companion$$Lambda+0x0000000800715780
instanceKlass  @bci org/jetbrains/kotlin/types/model/TypeSystemInferenceExtensionContext extractTypeVariables (Lorg/jetbrains/kotlin/types/model/KotlinTypeMarker;)Ljava/util/Set; 18 <appendix> argL0 ; # org/jetbrains/kotlin/types/model/TypeSystemInferenceExtensionContext$$Lambda+0x0000000800715530
instanceKlass  @bci org/jetbrains/kotlin/fir/resolve/inference/FirCallCompleter runCompletionForCall (Lorg/jetbrains/kotlin/fir/resolve/calls/candidate/Candidate;Lorg/jetbrains/kotlin/resolve/calls/inference/components/ConstraintSystemCompletionMode;Lorg/jetbrains/kotlin/fir/expressions/FirExpression;Lorg/jetbrains/kotlin/fir/types/ConeKotlinType;Lorg/jetbrains/kotlin/fir/resolve/inference/PostponedArgumentsAnalyzer;)V 87 <appendix> member <vmtarget> ; # org/jetbrains/kotlin/fir/resolve/inference/FirCallCompleter$$Lambda+0x00000008007152d8
instanceKlass  @cpi org/jetbrains/kotlin/fir/resolve/inference/FirCallCompleter 707 form vmentry <vmtarget> ; # java/lang/invoke/LambdaForm$DMH+0x0000000800718000
instanceKlass org/jetbrains/kotlin/resolve/calls/model/PostponedResolvedAtomMarker
instanceKlass org/jetbrains/kotlin/fir/resolve/inference/ConstraintSystemCompleter$PostponedAtomAnalyzer
instanceKlass org/jetbrains/kotlin/fir/resolve/inference/FirCallCompleter$WhenMappings
instanceKlass org/jetbrains/kotlin/fir/resolve/inference/PostponedArgumentsAnalyzer
instanceKlass org/jetbrains/kotlin/fir/resolve/inference/FirCallCompleter$LambdaAnalyzerImpl
instanceKlass org/jetbrains/kotlin/fir/resolve/inference/LambdaAnalyzer
instanceKlass org/jetbrains/kotlin/fir/resolve/inference/CompletionModeCalculatorKt
instanceKlass org/jetbrains/kotlin/types/model/MarkerExtensionsKt
instanceKlass org/jetbrains/kotlin/fir/resolve/substitution/ConeTypeSubstitutorByTypeConstructorKt
instanceKlass org/jetbrains/kotlin/resolve/calls/inference/InferenceUtilsKt
instanceKlass org/jetbrains/kotlin/fir/resolve/inference/ConstraintSystemCompleter$Companion
instanceKlass org/jetbrains/kotlin/fir/resolve/inference/ConstraintSystemCompleter
instanceKlass org/jetbrains/kotlin/fir/declarations/ExpectActualAttributesKt
instanceKlass org/jetbrains/kotlin/fir/resolve/FirDefaultParametersResolverKt
instanceKlass  @bci org/jetbrains/kotlin/fir/resolve/calls/stages/FirCallArgumentsProcessor <init> (Lorg/jetbrains/kotlin/fir/FirSession;Lorg/jetbrains/kotlin/fir/declarations/FirFunction;Lorg/jetbrains/kotlin/fir/resolve/BodyResolveComponents;Lorg/jetbrains/kotlin/fir/scopes/FirScope;Z)V 81 <appendix> member <vmtarget> ; # org/jetbrains/kotlin/fir/resolve/calls/stages/FirCallArgumentsProcessor$$Lambda+0x0000000800711000
instanceKlass org/jetbrains/kotlin/fir/resolve/calls/stages/FirCallArgumentsProcessor
instanceKlass org/jetbrains/kotlin/fir/scopes/impl/FirIntegerConstantOperatorScopeKt
instanceKlass org/jetbrains/kotlin/fir/resolve/inference/ConstraintSystemCompleterKt
instanceKlass org/jetbrains/kotlin/fir/resolve/calls/stages/ArgumentMapping
instanceKlass org/jetbrains/kotlin/fir/resolve/calls/stages/FirArgumentsToParametersMapperKt
instanceKlass org/jetbrains/kotlin/util/OneElementArrayMap$iterator$1
instanceKlass  @bci org/jetbrains/kotlin/fir/java/scopes/JavaClassStaticUseSiteScope computeFunctions$lambda$1 (Ljava/util/List;Ljava/util/List;Lorg/jetbrains/kotlin/fir/java/scopes/JavaClassStaticUseSiteScope;Lorg/jetbrains/kotlin/fir/symbols/impl/FirNamedFunctionSymbol;)Lkotlin/Unit; 44 <appendix> member <vmtarget> ; # org/jetbrains/kotlin/fir/java/scopes/JavaClassStaticUseSiteScope$$Lambda+0x000000080070e218
instanceKlass  @bci org/jetbrains/kotlin/fir/java/scopes/JavaClassStaticUseSiteScope computeFunctions (Lorg/jetbrains/kotlin/name/Name;)Ljava/util/List; 44 <appendix> member <vmtarget> ; # org/jetbrains/kotlin/fir/java/scopes/JavaClassStaticUseSiteScope$$Lambda+0x000000080070dfc0
instanceKlass  @bci org/jetbrains/kotlin/fir/java/scopes/JavaClassStaticUseSiteScope computeFunctions (Lorg/jetbrains/kotlin/name/Name;)Ljava/util/List; 17 <appendix> member <vmtarget> ; # org/jetbrains/kotlin/fir/java/scopes/JavaClassStaticUseSiteScope$$Lambda+0x000000080070dd68
instanceKlass  @bci org/jetbrains/kotlin/fir/java/scopes/JavaClassStaticEnhancementScope processFunctionsByName (Lorg/jetbrains/kotlin/name/Name;Lkotlin/jvm/functions/Function1;)V 20 <appendix> member <vmtarget> ; # org/jetbrains/kotlin/fir/java/scopes/JavaClassStaticEnhancementScope$$Lambda+0x000000080070db10
instanceKlass kotlin/jvm/internal/Intrinsics$Kotlin
instanceKlass org/jetbrains/kotlin/fir/resolve/calls/ConstructorProcessingKt
instanceKlass  @bci org/jetbrains/kotlin/fir/resolve/calls/tower/ScopeBasedTowerLevel processFunctionsByName (Lorg/jetbrains/kotlin/fir/resolve/calls/candidate/CallInfo;Lorg/jetbrains/kotlin/fir/resolve/calls/tower/TowerLevelProcessor;)Lorg/jetbrains/kotlin/fir/resolve/calls/tower/ProcessResult; 86 <appendix> member <vmtarget> ; # org/jetbrains/kotlin/fir/resolve/calls/tower/ScopeBasedTowerLevel$$Lambda+0x000000080070d058
instanceKlass org/jetbrains/kotlin/fir/resolve/calls/ExpressionReceiverValue
instanceKlass org/jetbrains/kotlin/fir/resolve/calls/QualifierReceiver
instanceKlass org/jetbrains/kotlin/fir/resolve/calls/QualifierReceiverKt
instanceKlass org/jetbrains/kotlin/fir/resolve/calls/tower/FirInvokeResolveTowerExtension$enqueueInvokeReceiverTask$invokeReceiverProcessor$1
instanceKlass org/jetbrains/kotlin/fir/expressions/ReferenceUtilsKt
instanceKlass  @bci org/jetbrains/kotlin/fir/resolve/dfa/FirDataFlowAnalyzer getVariableWithoutUnwrappingAlias (Lorg/jetbrains/kotlin/fir/resolve/dfa/Flow;Lorg/jetbrains/kotlin/fir/expressions/FirExpression;Z)Lorg/jetbrains/kotlin/fir/resolve/dfa/DataFlowVariable; 13 <appendix> member <vmtarget> ; # org/jetbrains/kotlin/fir/resolve/dfa/FirDataFlowAnalyzer$$Lambda+0x000000080070ad40
instanceKlass  @bci org/jetbrains/kotlin/fir/resolve/dfa/FirDataFlowAnalyzer getVariableWithoutUnwrappingAlias (Lorg/jetbrains/kotlin/fir/resolve/dfa/Flow;Lorg/jetbrains/kotlin/fir/expressions/FirExpression;Z)Lorg/jetbrains/kotlin/fir/resolve/dfa/DataFlowVariable; 6 <appendix> argL0 ; # org/jetbrains/kotlin/fir/resolve/dfa/FirDataFlowAnalyzer$$Lambda+0x000000080070aaf0
instanceKlass org/jetbrains/kotlin/fir/resolve/QualifierResolutionResult
instanceKlass org/jetbrains/kotlin/fir/expressions/builder/FirResolvedQualifierBuilder
instanceKlass org/jetbrains/kotlin/fir/expressions/builder/FirAbstractResolvedQualifierBuilder
instanceKlass org/jetbrains/kotlin/fir/resolve/QualifiedNameResolutionKt$getUnambiguousCandidate$$inlined$processClassifiersByName$1
instanceKlass org/jetbrains/kotlin/fir/resolve/BodyResolveComponentsKt
instanceKlass org/jetbrains/kotlin/fir/resolve/QualifiedNameResolutionKt
instanceKlass  @bci org/jetbrains/kotlin/fir/scopes/impl/FirDefaultStarImportingScope processClassifiersByNameWithSubstitution (Lorg/jetbrains/kotlin/name/Name;Lkotlin/jvm/functions/Function2;)V 15 <appendix> member <vmtarget> ; # org/jetbrains/kotlin/fir/scopes/impl/FirDefaultStarImportingScope$$Lambda+0x00000008007086a8
instanceKlass org/jetbrains/kotlin/fir/resolve/calls/ResolutionDiagnosticKt
instanceKlass org/jetbrains/kotlin/fir/resolve/calls/candidate/CandidateFactoryKt
instanceKlass org/jetbrains/kotlin/fir/resolve/inference/FirDelegatedPropertyInferenceSessionKt
instanceKlass org/jetbrains/kotlin/fir/resolve/calls/stages/TypeArgumentMapping
instanceKlass org/jetbrains/kotlin/fir/symbols/SyntheticSymbol
instanceKlass org/jetbrains/kotlin/fir/resolve/calls/VisibilityUtilsKt
instanceKlass org/jetbrains/kotlin/fir/resolve/calls/stages/ResolutionStageRunner$processCandidate$2
instanceKlass org/jetbrains/kotlin/fir/resolve/calls/candidate/CheckerSink
instanceKlass org/jetbrains/kotlin/fir/resolve/calls/ResolutionDiagnostic
instanceKlass  @bci org/jetbrains/kotlin/fir/resolve/calls/candidate/Candidate <init> (Lorg/jetbrains/kotlin/fir/symbols/FirBasedSymbol;Lorg/jetbrains/kotlin/fir/resolve/calls/ConeResolutionAtom;Ljava/util/List;Lorg/jetbrains/kotlin/resolve/calls/tasks/ExplicitReceiverKind;Lorg/jetbrains/kotlin/fir/resolve/inference/InferenceComponents$ConstraintSystemFactory;Lorg/jetbrains/kotlin/resolve/calls/inference/model/ConstraintStorage;Lorg/jetbrains/kotlin/fir/resolve/calls/candidate/CallInfo;Lorg/jetbrains/kotlin/fir/scopes/FirScope;ZZLorg/jetbrains/kotlin/fir/resolve/transformers/body/resolve/BodyResolveContext;)V 121 <appendix> member <vmtarget> ; # org/jetbrains/kotlin/fir/resolve/calls/candidate/Candidate$$Lambda+0x0000000800705d40
instanceKlass org/jetbrains/kotlin/fir/resolve/calls/candidate/CandidateFactory$WhenMappings
instanceKlass org/jetbrains/kotlin/fir/resolve/calls/ConeResolutionAtom$Companion
instanceKlass org/jetbrains/kotlin/fir/resolve/calls/AbstractConeResolutionAtom
instanceKlass org/jetbrains/kotlin/fir/resolve/calls/tower/ScopeBasedTowerLevel$processObjectsByName$$inlined$processClassifiersByName$1
instanceKlass  @bci org/jetbrains/kotlin/fir/resolve/calls/tower/ScopeBasedTowerLevel processObjectsByName (Lorg/jetbrains/kotlin/fir/resolve/calls/candidate/CallInfo;Lorg/jetbrains/kotlin/fir/resolve/calls/tower/TowerLevelProcessor;)Lorg/jetbrains/kotlin/fir/resolve/calls/tower/ProcessResult; 74 <appendix> member <vmtarget> ; # org/jetbrains/kotlin/fir/resolve/calls/tower/ScopeBasedTowerLevel$$Lambda+0x0000000800704a58
instanceKlass  @bci org/jetbrains/kotlin/fir/scopes/impl/FirDefaultStarImportingScope processSymbolsByName (Lorg/jetbrains/kotlin/name/Name;Lkotlin/jvm/functions/Function3;Lkotlin/jvm/functions/Function1;)V 18 <appendix> member <vmtarget> ; # org/jetbrains/kotlin/fir/scopes/impl/FirDefaultStarImportingScope$$Lambda+0x0000000800704800
instanceKlass org/jetbrains/kotlin/fir/resolve/providers/FirCachedSymbolNamesProvider$topLevelCallableNamesByPackage_delegate$lambda$0$$inlined$createCache$1
instanceKlass  @bci org/jetbrains/kotlin/fir/resolve/calls/tower/ScopeBasedTowerLevel processPropertiesByName (Lorg/jetbrains/kotlin/fir/resolve/calls/candidate/CallInfo;Lorg/jetbrains/kotlin/fir/resolve/calls/tower/TowerLevelProcessor;)Lorg/jetbrains/kotlin/fir/resolve/calls/tower/ProcessResult; 77 <appendix> member <vmtarget> ; # org/jetbrains/kotlin/fir/resolve/calls/tower/ScopeBasedTowerLevel$$Lambda+0x0000000800703f68
instanceKlass kotlin/coroutines/jvm/internal/Boxing
instanceKlass  @bci org/jetbrains/kotlin/fir/resolve/calls/tower/DispatchReceiverMemberScopeTowerLevel processMembers (Lorg/jetbrains/kotlin/fir/resolve/calls/candidate/CallInfo;Lorg/jetbrains/kotlin/fir/resolve/calls/tower/TowerLevelProcessor;Lkotlin/jvm/functions/Function2;)Lorg/jetbrains/kotlin/fir/resolve/calls/tower/ProcessResult; 580 <appendix> member <vmtarget> ; # org/jetbrains/kotlin/fir/resolve/calls/tower/DispatchReceiverMemberScopeTowerLevel$$Lambda+0x00000008007033c8
instanceKlass org/jetbrains/kotlin/fir/resolve/calls/FirSyntheticNamesProviderKt
instanceKlass org/jetbrains/kotlin/resolve/descriptorUtil/AnnotationsForResolveKt
instanceKlass org/jetbrains/kotlin/fir/resolve/calls/stages/ResolutionStagesKt
instanceKlass org/jetbrains/kotlin/fir/resolve/calls/FirSyntheticPropertiesScope$Companion
instanceKlass  @bci org/jetbrains/kotlin/fir/resolve/calls/tower/DispatchReceiverMemberScopeTowerLevel processPropertiesByName$lambda$0 (Lorg/jetbrains/kotlin/fir/FirLookupTrackerComponent;Lorg/jetbrains/kotlin/fir/resolve/calls/candidate/CallInfo;Lorg/jetbrains/kotlin/fir/resolve/calls/tower/DispatchReceiverMemberScopeTowerLevel;Lorg/jetbrains/kotlin/fir/scopes/FirScope;Lkotlin/jvm/functions/Function1;)Lkotlin/Unit; 49 <appendix> member <vmtarget> ; # org/jetbrains/kotlin/fir/resolve/calls/tower/DispatchReceiverMemberScopeTowerLevel$$Lambda+0x0000000800702600
instanceKlass org/jetbrains/kotlin/fir/resolve/calls/tower/DispatchReceiverMemberScopeTowerLevel$processMembers$$inlined$processCandidates$1
instanceKlass org/jetbrains/kotlin/fir/resolve/calls/FirReceiversKt
instanceKlass  @bci org/jetbrains/kotlin/fir/resolve/calls/tower/DispatchReceiverMemberScopeTowerLevel processPropertiesByName (Lorg/jetbrains/kotlin/fir/resolve/calls/candidate/CallInfo;Lorg/jetbrains/kotlin/fir/resolve/calls/tower/TowerLevelProcessor;)Lorg/jetbrains/kotlin/fir/resolve/calls/tower/ProcessResult; 28 <appendix> member <vmtarget> ; # org/jetbrains/kotlin/fir/resolve/calls/tower/DispatchReceiverMemberScopeTowerLevel$$Lambda+0x00000008007018f0
instanceKlass org/jetbrains/kotlin/fir/resolve/calls/tower/TowerLevelProcessor
instanceKlass org/jetbrains/kotlin/fir/resolve/calls/tower/TowerLevel
instanceKlass org/jetbrains/kotlin/resolve/calls/tower/CandidateApplicabilityKt
instanceKlass org/jetbrains/kotlin/fir/resolve/calls/tower/TowerResolveManager$SuspendedResolverTask
instanceKlass org/jetbrains/kotlin/fir/resolve/calls/tower/TowerResolveManager$enqueueResolverTask$continuation$1
instanceKlass org/jetbrains/kotlin/fir/resolve/calls/tower/TowerLevelHandler
instanceKlass  @bci org/jetbrains/kotlin/fir/resolve/calls/tower/TowerDataElementsForName <init> (Lorg/jetbrains/kotlin/name/Name;Lorg/jetbrains/kotlin/fir/declarations/FirTowerDataContext;)V 68 <appendix> member <vmtarget> ; # org/jetbrains/kotlin/fir/resolve/calls/tower/TowerDataElementsForName$$Lambda+0x00000008006fe988
instanceKlass  @bci org/jetbrains/kotlin/fir/resolve/calls/tower/TowerDataElementsForName <init> (Lorg/jetbrains/kotlin/name/Name;Lorg/jetbrains/kotlin/fir/declarations/FirTowerDataContext;)V 52 <appendix> member <vmtarget> ; # org/jetbrains/kotlin/fir/resolve/calls/tower/TowerDataElementsForName$$Lambda+0x00000008006fe730
instanceKlass  @bci org/jetbrains/kotlin/fir/resolve/calls/tower/TowerDataElementsForName <init> (Lorg/jetbrains/kotlin/name/Name;Lorg/jetbrains/kotlin/fir/declarations/FirTowerDataContext;)V 36 <appendix> member <vmtarget> ; # org/jetbrains/kotlin/fir/resolve/calls/tower/TowerDataElementsForName$$Lambda+0x00000008006fe4d8
instanceKlass org/jetbrains/kotlin/fir/resolve/calls/tower/TowerDataElementsForName
instanceKlass org/jetbrains/kotlin/fir/resolve/calls/tower/FirBaseTowerResolveTask
instanceKlass org/jetbrains/kotlin/fir/resolve/calls/tower/FirInvokeResolveTowerExtension
instanceKlass org/jetbrains/kotlin/fir/resolve/calls/tower/CandidateFactoriesAndCollectors
instanceKlass org/jetbrains/kotlin/resolve/calls/inference/model/MutableConstraintStorage
instanceKlass org/jetbrains/kotlin/resolve/calls/inference/model/ConstraintStorage
instanceKlass org/jetbrains/kotlin/resolve/calls/inference/components/ConstraintSystemCompletionContext
instanceKlass org/jetbrains/kotlin/resolve/calls/inference/components/VariableFixationFinder$Context
instanceKlass org/jetbrains/kotlin/resolve/calls/inference/components/ResultTypeResolver$Context
instanceKlass org/jetbrains/kotlin/resolve/calls/inference/components/ConstraintInjector$Context
instanceKlass org/jetbrains/kotlin/resolve/calls/inference/components/ConstraintSystemMarker
instanceKlass org/jetbrains/kotlin/resolve/calls/inference/NewConstraintSystem
instanceKlass org/jetbrains/kotlin/resolve/calls/inference/ConstraintSystemBuilder
instanceKlass org/jetbrains/kotlin/resolve/calls/inference/ConstraintSystemOperation
instanceKlass org/jetbrains/kotlin/resolve/calls/components/PostponedArgumentsAnalyzerContext
instanceKlass org/jetbrains/kotlin/fir/resolve/calls/candidate/CandidateFactory$Companion
instanceKlass org/jetbrains/kotlin/fir/resolve/calls/candidate/CandidateFactory
instanceKlass org/jetbrains/kotlin/fir/resolve/calls/AbstractCallInfo
instanceKlass org/jetbrains/kotlin/fir/resolve/calls/stages/ResolutionStage
instanceKlass org/jetbrains/kotlin/fir/resolve/calls/candidate/CallKind
instanceKlass  @bci org/jetbrains/kotlin/fir/resolve/calls/FirCallResolver resolveVariableAccessAndSelectCandidateImpl (Lorg/jetbrains/kotlin/fir/expressions/FirQualifiedAccessExpression;ZLorg/jetbrains/kotlin/fir/resolve/ResolutionMode;ZLorg/jetbrains/kotlin/fir/FirElement;Lkotlin/jvm/functions/Function1;)Lorg/jetbrains/kotlin/fir/expressions/FirExpression; 125 <adapter> ; # java/lang/invoke/LambdaForm$MH+0x00000008006f0c00
# instanceKlass java/lang/invoke/LambdaForm$DMH+0x00000008006f0800
instanceKlass  @bci org/jetbrains/kotlin/fir/resolve/calls/FirCallResolver resolveVariableAccessAndSelectCandidateImpl (Lorg/jetbrains/kotlin/fir/expressions/FirQualifiedAccessExpression;ZLorg/jetbrains/kotlin/fir/resolve/ResolutionMode;ZLorg/jetbrains/kotlin/fir/FirElement;Lkotlin/jvm/functions/Function1;)Lorg/jetbrains/kotlin/fir/expressions/FirExpression; 125 <appendix> form vmentry <vmtarget> ; # java/lang/invoke/LambdaForm$DMH+0x00000008006f0400
instanceKlass  @bci org/jetbrains/kotlin/fir/resolve/calls/FirCallResolver resolveVariableAccessAndSelectCandidateImpl (Lorg/jetbrains/kotlin/fir/expressions/FirQualifiedAccessExpression;ZLorg/jetbrains/kotlin/fir/resolve/ResolutionMode;ZLorg/jetbrains/kotlin/fir/FirElement;Lkotlin/jvm/functions/Function1;)Lorg/jetbrains/kotlin/fir/expressions/FirExpression; 125 <appendix> member <vmtarget> ; # org/jetbrains/kotlin/fir/resolve/calls/FirCallResolver$$Lambda+0x00000008006efb38
instanceKlass  @cpi org/jetbrains/kotlin/fir/resolve/calls/FirCallResolver 806 form vmentry <vmtarget> ; # java/lang/invoke/LambdaForm$DMH+0x00000008006f0000
instanceKlass org/jetbrains/kotlin/fir/resolve/calls/FirCallResolver$ResolutionResult
instanceKlass  @bci org/jetbrains/kotlin/fir/resolve/calls/FirCallResolver resolveVariableAccessAndSelectCandidate (Lorg/jetbrains/kotlin/fir/expressions/FirQualifiedAccessExpression;ZZLorg/jetbrains/kotlin/fir/FirElement;Lorg/jetbrains/kotlin/fir/resolve/ResolutionMode;)Lorg/jetbrains/kotlin/fir/expressions/FirExpression; 31 <appendix> argL0 ; # org/jetbrains/kotlin/fir/resolve/calls/FirCallResolver$$Lambda+0x00000008006ef6a8
instanceKlass org/jetbrains/kotlin/fir/resolve/transformers/body/resolve/FirExpressionsResolveTransformer$WhenMappings
instanceKlass org/jetbrains/kotlin/fir/resolve/dfa/cfg/PostponedPath
instanceKlass org/jetbrains/kotlin/fir/resolve/dfa/cfg/CFGNodeKt
instanceKlass org/jetbrains/kotlin/fir/resolve/dfa/cfg/Edge$Companion
instanceKlass org/jetbrains/kotlin/fir/resolve/dfa/cfg/Edge
instanceKlass org/jetbrains/kotlin/fir/resolve/dfa/cfg/NormalPath
instanceKlass org/jetbrains/kotlin/fir/resolve/dfa/cfg/EdgeLabel
instanceKlass org/jetbrains/kotlin/fir/resolve/dfa/cfg/EdgeKind$Companion
instanceKlass org/jetbrains/kotlin/fir/resolve/transformers/LambdaArgumentEffectsTransformerKt
instanceKlass org/jetbrains/kotlin/fir/resolve/ResolutionModeKt
instanceKlass  @bci org/jetbrains/kotlin/fir/resolve/dfa/RealVariable <init> (Lorg/jetbrains/kotlin/fir/symbols/FirBasedSymbol;ZLorg/jetbrains/kotlin/fir/resolve/dfa/RealVariable;Lorg/jetbrains/kotlin/fir/resolve/dfa/RealVariable;Lorg/jetbrains/kotlin/fir/types/ConeKotlinType;)V 47 <appendix> member <vmtarget> ; # org/jetbrains/kotlin/fir/resolve/dfa/RealVariable$$Lambda+0x00000008006eb908
instanceKlass org/jetbrains/kotlin/fir/resolve/dfa/RealVariable$Companion
instanceKlass org/jetbrains/kotlin/kotlinx/collections/immutable/implementations/persistentOrderedMap/PersistentOrderedMapLinksIterator
instanceKlass org/jetbrains/kotlin/kotlinx/collections/immutable/implementations/persistentOrderedMap/PersistentOrderedMapValuesIterator
instanceKlass org/jetbrains/kotlin/kotlinx/collections/immutable/PersistentMap$Builder
instanceKlass org/jetbrains/kotlin/fir/resolve/dfa/FlowKt
instanceKlass  @bci org/jetbrains/kotlin/fir/resolve/dfa/FirDataFlowAnalyzer mergeIncomingFlow$default (Lorg/jetbrains/kotlin/fir/resolve/dfa/FirDataFlowAnalyzer;Lorg/jetbrains/kotlin/fir/resolve/dfa/cfg/CFGNode;Lkotlin/jvm/functions/Function2;ILjava/lang/Object;)V 22 <appendix> argL0 ; # org/jetbrains/kotlin/fir/resolve/dfa/FirDataFlowAnalyzer$$Lambda+0x00000008006e9998
instanceKlass org/jetbrains/kotlin/fir/resolve/dfa/Flow
instanceKlass org/jetbrains/kotlin/fir/resolve/dfa/cfg/GraphExitNodeMarker
instanceKlass org/jetbrains/kotlin/fir/resolve/dfa/cfg/CFGNode$Companion
instanceKlass org/jetbrains/kotlin/fir/resolve/dfa/FlowPath
instanceKlass org/jetbrains/kotlin/fir/resolve/dfa/cfg/ControlFlowGraphNodeBuilderKt
instanceKlass org/jetbrains/kotlin/fir/resolve/transformers/body/resolve/ImplicitBodyResolveComputationStatus
instanceKlass  @bci org/jetbrains/kotlin/fir/resolve/transformers/body/resolve/FirImplicitAwareBodyResolveTransformer transformProperty (Lorg/jetbrains/kotlin/fir/declarations/FirProperty;Lorg/jetbrains/kotlin/fir/resolve/ResolutionMode;)Lorg/jetbrains/kotlin/fir/declarations/FirProperty; 20 <appendix> member <vmtarget> ; # org/jetbrains/kotlin/fir/resolve/transformers/body/resolve/FirImplicitAwareBodyResolveTransformer$$Lambda+0x00000008006e7750
instanceKlass  @bci org/jetbrains/kotlin/fir/resolve/transformers/body/resolve/FirImplicitAwareBodyResolveTransformer transformSimpleFunction (Lorg/jetbrains/kotlin/fir/declarations/FirSimpleFunction;Lorg/jetbrains/kotlin/fir/resolve/ResolutionMode;)Lorg/jetbrains/kotlin/fir/declarations/FirSimpleFunction; 20 <appendix> member <vmtarget> ; # org/jetbrains/kotlin/fir/resolve/transformers/body/resolve/FirImplicitAwareBodyResolveTransformer$$Lambda+0x00000008006e74f8
instanceKlass  @bci org/jetbrains/kotlin/fir/resolve/transformers/body/resolve/FirDeclarationsResolveTransformer forRegularClassBody (Lorg/jetbrains/kotlin/fir/declarations/FirRegularClass;Lkotlin/jvm/functions/Function0;)Lorg/jetbrains/kotlin/fir/declarations/FirRegularClass; 82 <appendix> member <vmtarget> ; # org/jetbrains/kotlin/fir/resolve/transformers/body/resolve/FirDeclarationsResolveTransformer$$Lambda+0x00000008006e72a0
instanceKlass  @bci org/jetbrains/kotlin/fir/resolve/transformers/body/resolve/FirDeclarationsResolveTransformer doTransformRegularClassContent (Lorg/jetbrains/kotlin/fir/declarations/FirRegularClass;Lorg/jetbrains/kotlin/fir/resolve/ResolutionMode;)Lorg/jetbrains/kotlin/fir/declarations/FirRegularClass; 19 <appendix> member <vmtarget> ; # org/jetbrains/kotlin/fir/resolve/transformers/body/resolve/FirDeclarationsResolveTransformer$$Lambda+0x00000008006e7048
instanceKlass org/jetbrains/kotlin/fir/resolve/dfa/Statement
instanceKlass org/jetbrains/kotlin/fir/resolve/dfa/LogicSystem
instanceKlass org/jetbrains/kotlin/fir/resolve/dfa/FirDataFlowAnalyzer$Companion
instanceKlass org/jetbrains/kotlin/fir/resolve/dfa/DataFlowVariable
instanceKlass org/jetbrains/kotlin/fir/util/PersistentMultimap
instanceKlass org/jetbrains/kotlin/kotlinx/collections/immutable/implementations/persistentOrderedSet/Links
instanceKlass org/jetbrains/kotlin/kotlinx/collections/immutable/implementations/immutableMap/TrieNode$ModificationResult
instanceKlass org/jetbrains/kotlin/kotlinx/collections/immutable/implementations/immutableMap/TrieNodeKt
instanceKlass org/jetbrains/kotlin/kotlinx/collections/immutable/implementations/persistentOrderedMap/LinkedValue
instanceKlass org/jetbrains/kotlin/fir/declarations/TowerElementsForClass
instanceKlass  @bci org/jetbrains/kotlin/fir/resolve/calls/ImplicitReceiverValue <init> (Lorg/jetbrains/kotlin/fir/symbols/FirBasedSymbol;Lorg/jetbrains/kotlin/fir/types/ConeKotlinType;Lorg/jetbrains/kotlin/fir/types/ConeKotlinType;Lorg/jetbrains/kotlin/fir/FirSession;Lorg/jetbrains/kotlin/fir/resolve/ScopeSession;ZZ)V 38 <appendix> member <vmtarget> ; # org/jetbrains/kotlin/fir/resolve/calls/ImplicitReceiverValue$$Lambda+0x00000008006e41f0
instanceKlass org/jetbrains/kotlin/fir/resolve/calls/ImplicitValue
instanceKlass org/jetbrains/kotlin/fir/resolve/calls/ReceiverValue
instanceKlass  @bci org/jetbrains/kotlin/fir/scopes/FirCompositeScope <init> (Ljava/lang/Iterable;)V 20 <appendix> member <vmtarget> ; # org/jetbrains/kotlin/fir/scopes/FirCompositeScope$$Lambda+0x00000008006e31d0
instanceKlass  @bci org/jetbrains/kotlin/fir/java/scopes/JavaClassStaticEnhancementScope <init> (Lorg/jetbrains/kotlin/fir/FirSession;Lorg/jetbrains/kotlin/fir/symbols/impl/FirRegularClassSymbol;Lorg/jetbrains/kotlin/fir/java/scopes/JavaClassStaticUseSiteScope;)V 53 <appendix> argL0 ; # org/jetbrains/kotlin/fir/java/scopes/JavaClassStaticEnhancementScope$$Lambda+0x00000008006e2398
instanceKlass org/jetbrains/kotlin/utils/DFS$VisitedWithSet
instanceKlass org/jetbrains/kotlin/utils/DFS$Visited
instanceKlass org/jetbrains/kotlin/utils/DFS
instanceKlass org/jetbrains/kotlin/utils/DFS$AbstractNodeHandler
instanceKlass org/jetbrains/kotlin/utils/DFS$NodeHandler
instanceKlass  @bci org/jetbrains/kotlin/fir/java/JavaScopeProvider findClosestJavaSuperTypes (Lorg/jetbrains/kotlin/fir/declarations/FirRegularClass;Lorg/jetbrains/kotlin/fir/FirSession;)Ljava/util/Collection; 19 <appendix> member <vmtarget> ; # org/jetbrains/kotlin/fir/java/JavaScopeProvider$$Lambda+0x00000008006e0e30
instanceKlass org/jetbrains/kotlin/utils/DFS$Neighbors
instanceKlass  @bci org/jetbrains/kotlin/fir/resolve/transformers/body/resolve/BodyResolveContext forRegularClassBody (Lorg/jetbrains/kotlin/fir/declarations/FirRegularClass;Lorg/jetbrains/kotlin/fir/SessionAndScopeSessionHolder;Lkotlin/jvm/functions/Function0;)Ljava/lang/Object; 139 <appendix> member <vmtarget> ; # org/jetbrains/kotlin/fir/resolve/transformers/body/resolve/BodyResolveContext$$Lambda+0x00000008006e0708
instanceKlass  @bci org/jetbrains/kotlin/fir/resolve/transformers/contracts/FirAbstractContractResolveTransformerDispatcher$FirDeclarationsContractResolveTransformer forRegularClassBody (Lorg/jetbrains/kotlin/fir/declarations/FirRegularClass;Lkotlin/jvm/functions/Function0;)Lorg/jetbrains/kotlin/fir/declarations/FirRegularClass; 49 <appendix> member <vmtarget> ; # org/jetbrains/kotlin/fir/resolve/transformers/contracts/FirAbstractContractResolveTransformerDispatcher$FirDeclarationsContractResolveTransformer$$Lambda+0x00000008006e04b0
instanceKlass  @bci org/jetbrains/kotlin/fir/resolve/transformers/contracts/FirAbstractContractResolveTransformerDispatcher$FirDeclarationsContractResolveTransformer transformRegularClass (Lorg/jetbrains/kotlin/fir/declarations/FirRegularClass;Lorg/jetbrains/kotlin/fir/resolve/ResolutionMode;)Lorg/jetbrains/kotlin/fir/declarations/FirRegularClass; 18 <appendix> member <vmtarget> ; # org/jetbrains/kotlin/fir/resolve/transformers/contracts/FirAbstractContractResolveTransformerDispatcher$FirDeclarationsContractResolveTransformer$$Lambda+0x00000008006e0258
instanceKlass  @bci org/jetbrains/kotlin/fir/resolve/transformers/body/resolve/FirDeclarationsResolveTransformer doTransformFile (Lorg/jetbrains/kotlin/fir/declarations/FirFile;Lorg/jetbrains/kotlin/fir/resolve/ResolutionMode;)Lorg/jetbrains/kotlin/fir/declarations/FirFile; 5 <appendix> member <vmtarget> ; # org/jetbrains/kotlin/fir/resolve/transformers/body/resolve/FirDeclarationsResolveTransformer$$Lambda+0x00000008006e0000
instanceKlass org/jetbrains/kotlin/fir/resolve/ResolutionMode$Companion
instanceKlass org/jetbrains/kotlin/fir/resolve/ResolutionMode
instanceKlass org/jetbrains/kotlin/fir/resolve/substitution/SubstitutionUtilitiesKt
instanceKlass org/jetbrains/kotlin/types/AbstractTypeChecker$WhenMappings
instanceKlass org/jetbrains/kotlin/types/model/TypeSystemContextKt$WhenMappings
instanceKlass org/jetbrains/kotlin/types/model/TypeSystemContextKt
instanceKlass org/jetbrains/kotlin/fir/types/ConeTypeContext$WhenMappings
instanceKlass org/jetbrains/kotlin/fir/types/FirCorrespondingSupertypesCacheKt
instanceKlass org/jetbrains/kotlin/types/TypeCheckerState$SupertypesPolicy
instanceKlass org/jetbrains/kotlin/types/AbstractNullabilityChecker
instanceKlass org/jetbrains/kotlin/builtins/functions/FunctionTypeKindExtractor$KindWithArity
instanceKlass  @bci org/jetbrains/kotlin/fir/scopes/jvm/JvmMappedScope processFunctionsByName (Lorg/jetbrains/kotlin/name/Name;Lkotlin/jvm/functions/Function1;)V 111 <appendix> member <vmtarget> ; # org/jetbrains/kotlin/fir/scopes/jvm/JvmMappedScope$$Lambda+0x00000008006dc0f8
instanceKlass  @bci org/jetbrains/kotlin/fir/scopes/jvm/JvmMappedScope processFunctionsByName (Lorg/jetbrains/kotlin/name/Name;Lkotlin/jvm/functions/Function1;)V 44 <appendix> member <vmtarget> ; # org/jetbrains/kotlin/fir/scopes/jvm/JvmMappedScope$$Lambda+0x00000008006dbea0
instanceKlass  @bci org/jetbrains/kotlin/fir/scopes/jvm/JvmMappedScope processFunctionsByName (Lorg/jetbrains/kotlin/name/Name;Lkotlin/jvm/functions/Function1;)V 33 <appendix> member <vmtarget> ; # org/jetbrains/kotlin/fir/scopes/jvm/JvmMappedScope$$Lambda+0x00000008006dbc48
instanceKlass  @bci org/jetbrains/kotlin/fir/scopes/impl/FirClassSubstitutionScope processFunctionsByName (Lorg/jetbrains/kotlin/name/Name;Lkotlin/jvm/functions/Function1;)V 19 <appendix> member <vmtarget> ; # org/jetbrains/kotlin/fir/scopes/impl/FirClassSubstitutionScope$$Lambda+0x00000008006db9f0
instanceKlass  @bci org/jetbrains/kotlin/fir/scopes/impl/FirClassSubstitutionScope processPropertiesByName (Lorg/jetbrains/kotlin/name/Name;Lkotlin/jvm/functions/Function1;)V 19 <appendix> member <vmtarget> ; # org/jetbrains/kotlin/fir/scopes/impl/FirClassSubstitutionScope$$Lambda+0x00000008006db798
instanceKlass org/jetbrains/kotlin/fir/declarations/SealedClassInheritorsKt$setSealedClassInheritors$$inlined$sortedBy$1
instanceKlass org/jetbrains/kotlin/fir/declarations/SealedClassInheritorsKt
instanceKlass org/jetbrains/kotlin/fir/scopes/impl/FirEnumEntriesSupportKt
instanceKlass  @bci org/jetbrains/kotlin/fir/scopes/impl/FirSubstitutionOverrideStorage$SubstitutionOverrideCache <init> (Lorg/jetbrains/kotlin/fir/caches/FirCachesFactory;)V 38 <appendix> argL0 ; # org/jetbrains/kotlin/fir/scopes/impl/FirSubstitutionOverrideStorage$SubstitutionOverrideCache$$Lambda+0x00000008006dabd8
instanceKlass  @bci org/jetbrains/kotlin/fir/scopes/impl/FirSubstitutionOverrideStorage$SubstitutionOverrideCache <init> (Lorg/jetbrains/kotlin/fir/caches/FirCachesFactory;)V 25 <appendix> argL0 ; # org/jetbrains/kotlin/fir/scopes/impl/FirSubstitutionOverrideStorage$SubstitutionOverrideCache$$Lambda+0x00000008006da988
instanceKlass  @bci org/jetbrains/kotlin/fir/scopes/impl/FirSubstitutionOverrideStorage$SubstitutionOverrideCache <init> (Lorg/jetbrains/kotlin/fir/caches/FirCachesFactory;)V 12 <appendix> argL0 ; # org/jetbrains/kotlin/fir/scopes/impl/FirSubstitutionOverrideStorage$SubstitutionOverrideCache$$Lambda+0x00000008006da738
instanceKlass org/jetbrains/kotlin/fir/scopes/impl/FirSubstitutionOverrideStorage$SubstitutionOverrideCache
instanceKlass org/jetbrains/kotlin/fir/scopes/impl/FirClassSubstitutionScopeKt
instanceKlass  @bci org/jetbrains/kotlin/fir/resolve/substitution/AbstractConeSubstitutor substituteArguments (Lorg/jetbrains/kotlin/fir/types/ConeSimpleKotlinType;)Lorg/jetbrains/kotlin/fir/types/ConeKotlinType; 4 <appendix> member <vmtarget> ; # org/jetbrains/kotlin/fir/resolve/substitution/AbstractConeSubstitutor$$Lambda+0x00000008006d9e28
instanceKlass org/jetbrains/kotlin/fir/java/enhancement/EnhancedTypeForWarningAttributeKt
instanceKlass  @bci org/jetbrains/kotlin/load/java/typeEnhancement/AbstractSignatureParts getBoundsNullability (Lorg/jetbrains/kotlin/types/model/TypeParameterMarker;)Lorg/jetbrains/kotlin/load/java/typeEnhancement/NullabilityQualifierWithMigrationStatus; 231 <appendix> member <vmtarget> ; # org/jetbrains/kotlin/load/java/typeEnhancement/AbstractSignatureParts$$Lambda+0x00000008006d94b0
instanceKlass org/jetbrains/kotlin/fir/types/ConeTypeVariableTypeConstructor
instanceKlass org/jetbrains/kotlin/types/model/TypeVariableTypeConstructorMarker
instanceKlass org/jetbrains/kotlin/fir/types/ConeCapturedTypeConstructor
instanceKlass org/jetbrains/kotlin/types/model/CapturedTypeConstructorMarker
instanceKlass org/jetbrains/kotlin/resolve/DataClassResolver
instanceKlass  @bci org/jetbrains/kotlin/fir/resolve/transformers/FirStatusResolver getOverriddenProperties (Lorg/jetbrains/kotlin/fir/declarations/FirProperty;Lorg/jetbrains/kotlin/fir/declarations/FirClass;)Ljava/util/List; 64 <appendix> member <vmtarget> ; # org/jetbrains/kotlin/fir/resolve/transformers/FirStatusResolver$$Lambda+0x00000008006d8700
instanceKlass  @bci org/jetbrains/kotlin/fir/scopes/impl/FirClassUseSiteMemberScope getPropertiesAndFieldsFromSupertypesByName (Lorg/jetbrains/kotlin/name/Name;)Lkotlin/Pair; 207 <appendix> member <vmtarget> ; # org/jetbrains/kotlin/fir/scopes/impl/FirClassUseSiteMemberScope$$Lambda+0x00000008006d84a8
instanceKlass  @bci org/jetbrains/kotlin/fir/scopes/impl/FirClassUseSiteMemberScope collectProperties (Lorg/jetbrains/kotlin/name/Name;)Ljava/util/Collection; 36 <appendix> member <vmtarget> ; # org/jetbrains/kotlin/fir/scopes/impl/FirClassUseSiteMemberScope$$Lambda+0x00000008006d8250
instanceKlass  @bci org/jetbrains/kotlin/fir/resolve/transformers/FirStatusResolver getOverriddenProperties (Lorg/jetbrains/kotlin/fir/declarations/FirProperty;Lorg/jetbrains/kotlin/fir/declarations/FirClass;)Ljava/util/List; 47 <appendix> argL0 ; # org/jetbrains/kotlin/fir/resolve/transformers/FirStatusResolver$$Lambda+0x00000008006d8000
instanceKlass  @bci org/jetbrains/kotlin/fir/scopes/impl/FirSynthesizedStorage$SynthesizedCache <init> (Lorg/jetbrains/kotlin/fir/caches/FirCachesFactory;)V 12 <appendix> argL0 ; # org/jetbrains/kotlin/fir/scopes/impl/FirSynthesizedStorage$SynthesizedCache$$Lambda+0x00000008006d0400
instanceKlass org/jetbrains/kotlin/fir/scopes/impl/FirSynthesizedStorage$SynthesizedCache
instanceKlass org/jetbrains/kotlin/fir/scopes/impl/FirClassAnySynthesizedMemberScopeKt
instanceKlass org/jetbrains/kotlin/fir/scopes/impl/FirClassAnySynthesizedMemberScope$Companion
instanceKlass java/util/RegularEnumSet$EnumSetIterator
instanceKlass org/jetbrains/kotlin/name/CallableIdKt
instanceKlass  @bci org/jetbrains/kotlin/fir/resolve/transformers/FirStatusResolver getOverriddenFunctions (Lorg/jetbrains/kotlin/fir/declarations/FirSimpleFunction;Lorg/jetbrains/kotlin/fir/declarations/FirClass;)Ljava/util/List; 69 <appendix> member <vmtarget> ; # org/jetbrains/kotlin/fir/resolve/transformers/FirStatusResolver$$Lambda+0x00000008006d1860
instanceKlass org/jetbrains/kotlin/fir/java/scopes/BuiltinMethodsWithSpecialGenericSignature
instanceKlass org/jetbrains/kotlin/fir/scopes/ProcessorAction$WhenMappings
instanceKlass  @bci org/jetbrains/kotlin/fir/scopes/FirTypeScopeKt doProcessAllOverriddenCallables (Lorg/jetbrains/kotlin/fir/scopes/FirTypeScope;Lorg/jetbrains/kotlin/fir/symbols/impl/FirCallableSymbol;Lkotlin/jvm/functions/Function2;Lkotlin/jvm/functions/Function3;Ljava/util/Set;)Lorg/jetbrains/kotlin/fir/scopes/ProcessorAction; 26 <appendix> member <vmtarget> ; # org/jetbrains/kotlin/fir/scopes/FirTypeScopeKt$$Lambda+0x00000008006d3a00
instanceKlass  @bci org/jetbrains/kotlin/fir/scopes/FirTypeScopeKt doProcessAllOverriddenCallables (Lorg/jetbrains/kotlin/fir/scopes/FirTypeScope;Lorg/jetbrains/kotlin/fir/symbols/impl/FirCallableSymbol;Lkotlin/jvm/functions/Function1;Lkotlin/jvm/functions/Function3;Ljava/util/Set;)Lorg/jetbrains/kotlin/fir/scopes/ProcessorAction; 3 <appendix> member <vmtarget> ; # org/jetbrains/kotlin/fir/scopes/FirTypeScopeKt$$Lambda+0x00000008006d37a8
instanceKlass  @bci org/jetbrains/kotlin/fir/java/scopes/JavaOverrideChecker hasPrimitiveReturnTypeInJvm (Lorg/jetbrains/kotlin/fir/declarations/FirSimpleFunction;Lorg/jetbrains/kotlin/fir/types/ConeKotlinType;)Z 34 <appendix> member <vmtarget> ; # org/jetbrains/kotlin/fir/java/scopes/JavaOverrideChecker$$Lambda+0x00000008006d3168
instanceKlass org/jetbrains/kotlin/fir/types/CompilerConeAttributesKt
instanceKlass org/jetbrains/kotlin/types/model/CapturedTypeMarker
instanceKlass org/jetbrains/kotlin/types/model/IntersectionTypeConstructorMarker
instanceKlass org/jetbrains/kotlin/types/model/StubTypeMarker
instanceKlass org/jetbrains/kotlin/fir/scopes/impl/AbstractFirOverrideScopeKt
instanceKlass org/jetbrains/kotlin/types/model/TypeSystemContextContextualKt
instanceKlass org/jetbrains/kotlin/types/AbstractTypeRefiner
instanceKlass org/jetbrains/kotlin/types/AbstractTypePreparator
instanceKlass org/jetbrains/kotlin/types/AbstractTypeChecker
instanceKlass org/jetbrains/kotlin/fir/resolve/transformers/PhaseUtilsKt
instanceKlass org/jetbrains/kotlin/descriptors/Visibilities
instanceKlass org/jetbrains/kotlin/fir/scopes/impl/FirAbstractOverrideCheckerKt
instanceKlass org/jetbrains/kotlin/fir/scopes/MemberWithBaseScope
instanceKlass org/jetbrains/kotlin/fir/scopes/impl/FirTypeIntersectionScopeContext$ResultOfIntersection
instanceKlass org/jetbrains/kotlin/fir/java/enhancement/InheritedKtPrivateClassDataKeyKt
instanceKlass org/jetbrains/kotlin/fir/declarations/CheckResult
instanceKlass  @bci org/jetbrains/kotlin/fir/declarations/OperatorFunctionChecks <clinit> ()V 810 <appendix> argL0 ; # org/jetbrains/kotlin/fir/declarations/OperatorFunctionChecks$$Lambda+0x00000008006d4940
instanceKlass  @bci org/jetbrains/kotlin/fir/declarations/Checks$Returns <clinit> ()V 47 <appendix> argL0 ; # org/jetbrains/kotlin/fir/declarations/Checks$Returns$$Lambda+0x00000008006d44a0
instanceKlass  @bci org/jetbrains/kotlin/fir/declarations/Checks$Returns <clinit> ()V 31 <appendix> argL0 ; # org/jetbrains/kotlin/fir/declarations/Checks$Returns$$Lambda+0x00000008006d4250
instanceKlass  @bci org/jetbrains/kotlin/fir/declarations/Checks$Returns returnsCheck (Ljava/lang/String;Lkotlin/jvm/functions/Function2;)Lorg/jetbrains/kotlin/fir/declarations/Check; 17 <appendix> argL0 ; # org/jetbrains/kotlin/fir/declarations/Checks$Returns$$Lambda+0x00000008006d4000
instanceKlass  @bci org/jetbrains/kotlin/fir/declarations/Checks$Returns <clinit> ()V 15 <appendix> argL0 ; # org/jetbrains/kotlin/fir/declarations/Checks$Returns$$Lambda+0x00000008006cfc40
instanceKlass org/jetbrains/kotlin/fir/declarations/Checks$Returns
instanceKlass  @bci org/jetbrains/kotlin/fir/declarations/Checks$ValueParametersCount exactly (I)Lorg/jetbrains/kotlin/fir/declarations/Check; 30 <appendix> member <vmtarget> ; # org/jetbrains/kotlin/fir/declarations/Checks$ValueParametersCount$$Lambda+0x00000008006cf7b8
instanceKlass  @bci org/jetbrains/kotlin/fir/declarations/Checks$ValueParametersCount atMost (ILorg/jetbrains/kotlin/config/LanguageFeature;)Lorg/jetbrains/kotlin/fir/declarations/Check; 45 <appendix> member <vmtarget> ; # org/jetbrains/kotlin/fir/declarations/Checks$ValueParametersCount$$Lambda+0x00000008006cf568
instanceKlass  @bci org/jetbrains/kotlin/fir/declarations/OperatorFunctionChecks <clinit> ()V 94 <appendix> argL0 ; # org/jetbrains/kotlin/fir/declarations/OperatorFunctionChecks$$Lambda+0x00000008006cf318
instanceKlass  @bci org/jetbrains/kotlin/fir/declarations/Checks$ValueParametersCount atLeast (I)Lorg/jetbrains/kotlin/fir/declarations/Check; 45 <appendix> member <vmtarget> ; # org/jetbrains/kotlin/fir/declarations/Checks$ValueParametersCount$$Lambda+0x00000008006cf0c8
instanceKlass  @cpi org/jetbrains/kotlin/fir/declarations/Checks$ValueParametersCount 75 form vmentry <vmtarget> ; # java/lang/invoke/LambdaForm$DMH+0x00000008006d0000
instanceKlass  @bci org/jetbrains/kotlin/fir/declarations/Checks$ValueParametersCount <clinit> ()V 38 <appendix> argL0 ; # org/jetbrains/kotlin/fir/declarations/Checks$ValueParametersCount$$Lambda+0x00000008006cee78
instanceKlass  @bci org/jetbrains/kotlin/fir/declarations/Checks$ValueParametersCount <clinit> ()V 17 <appendix> argL0 ; # org/jetbrains/kotlin/fir/declarations/Checks$ValueParametersCount$$Lambda+0x00000008006cec28
instanceKlass org/jetbrains/kotlin/fir/declarations/Checks$ValueParametersCount
instanceKlass  @bci org/jetbrains/kotlin/fir/declarations/Checks <clinit> ()V 152 <appendix> argL0 ; # org/jetbrains/kotlin/fir/declarations/Checks$$Lambda+0x00000008006ce550
instanceKlass  @bci org/jetbrains/kotlin/fir/declarations/Checks <clinit> ()V 147 <appendix> argL0 ; # org/jetbrains/kotlin/fir/declarations/Checks$$Lambda+0x00000008006ce300
instanceKlass  @bci org/jetbrains/kotlin/fir/declarations/Checks <clinit> ()V 88 <appendix> argL0 ; # org/jetbrains/kotlin/fir/declarations/Checks$$Lambda+0x00000008006ce0b0
instanceKlass  @bci org/jetbrains/kotlin/fir/declarations/Checks <clinit> ()V 83 <appendix> argL0 ; # org/jetbrains/kotlin/fir/declarations/Checks$$Lambda+0x00000008006cde60
instanceKlass  @bci org/jetbrains/kotlin/fir/declarations/Checks <clinit> ()V 65 <appendix> argL0 ; # org/jetbrains/kotlin/fir/declarations/Checks$$Lambda+0x00000008006cdc10
instanceKlass  @bci org/jetbrains/kotlin/fir/declarations/Checks <clinit> ()V 60 <appendix> argL0 ; # org/jetbrains/kotlin/fir/declarations/Checks$$Lambda+0x00000008006cd9c0
instanceKlass  @bci org/jetbrains/kotlin/fir/declarations/Checks <clinit> ()V 39 <appendix> argL0 ; # org/jetbrains/kotlin/fir/declarations/Checks$$Lambda+0x00000008006cd770
instanceKlass java/security/CodeSigner
instanceKlass  @bci org/jetbrains/kotlin/fir/declarations/Checks <clinit> ()V 17 <appendix> argL0 ; # org/jetbrains/kotlin/fir/declarations/Checks$$Lambda+0x00000008006cd2d0
instanceKlass org/jetbrains/kotlin/fir/declarations/Checks
instanceKlass org/jetbrains/kotlin/fir/declarations/Check
instanceKlass org/jetbrains/kotlin/fir/declarations/OperatorFunctionChecks
instanceKlass org/jetbrains/kotlin/fir/java/enhancement/JavaTypeUtilsKt$WhenMappings
instanceKlass org/jetbrains/kotlin/fir/java/enhancement/FirSignatureEnhancement$TypeInSignature
instanceKlass org/jetbrains/kotlin/fir/scopes/FirTypeScopeKt$getDirectOverriddenFunctions$$inlined$processDirectlyOverriddenFunctions$1
instanceKlass org/jetbrains/kotlin/fir/scopes/FirTypeScopeKt
instanceKlass  @bci org/jetbrains/kotlin/load/java/typeEnhancement/PredefinedEnhancementInfoKt <clinit> ()V 1452 <appendix> member <vmtarget> ; # org/jetbrains/kotlin/load/java/typeEnhancement/PredefinedEnhancementInfoKt$$Lambda+0x00000008006caa30
instanceKlass  @bci org/jetbrains/kotlin/load/java/typeEnhancement/PredefinedEnhancementInfoKt <clinit> ()V 1401 <appendix> member <vmtarget> ; # org/jetbrains/kotlin/load/java/typeEnhancement/PredefinedEnhancementInfoKt$$Lambda+0x00000008006ca7d8
instanceKlass  @bci org/jetbrains/kotlin/load/java/typeEnhancement/PredefinedEnhancementInfoKt <clinit> ()V 1355 <appendix> member <vmtarget> ; # org/jetbrains/kotlin/load/java/typeEnhancement/PredefinedEnhancementInfoKt$$Lambda+0x00000008006ca580
instanceKlass  @bci org/jetbrains/kotlin/load/java/typeEnhancement/PredefinedEnhancementInfoKt <clinit> ()V 1309 <appendix> member <vmtarget> ; # org/jetbrains/kotlin/load/java/typeEnhancement/PredefinedEnhancementInfoKt$$Lambda+0x00000008006ca328
instanceKlass  @bci org/jetbrains/kotlin/load/java/typeEnhancement/PredefinedEnhancementInfoKt <clinit> ()V 1263 <appendix> member <vmtarget> ; # org/jetbrains/kotlin/load/java/typeEnhancement/PredefinedEnhancementInfoKt$$Lambda+0x00000008006ca0d0
instanceKlass  @bci org/jetbrains/kotlin/load/java/typeEnhancement/PredefinedEnhancementInfoKt <clinit> ()V 1217 <appendix> member <vmtarget> ; # org/jetbrains/kotlin/load/java/typeEnhancement/PredefinedEnhancementInfoKt$$Lambda+0x00000008006c9e78
instanceKlass  @bci org/jetbrains/kotlin/load/java/typeEnhancement/PredefinedEnhancementInfoKt <clinit> ()V 1166 <appendix> member <vmtarget> ; # org/jetbrains/kotlin/load/java/typeEnhancement/PredefinedEnhancementInfoKt$$Lambda+0x00000008006c9c20
instanceKlass  @bci org/jetbrains/kotlin/load/java/typeEnhancement/PredefinedEnhancementInfoKt <clinit> ()V 1120 <appendix> member <vmtarget> ; # org/jetbrains/kotlin/load/java/typeEnhancement/PredefinedEnhancementInfoKt$$Lambda+0x00000008006c99c8
instanceKlass  @bci org/jetbrains/kotlin/load/java/typeEnhancement/PredefinedEnhancementInfoKt <clinit> ()V 1069 <appendix> member <vmtarget> ; # org/jetbrains/kotlin/load/java/typeEnhancement/PredefinedEnhancementInfoKt$$Lambda+0x00000008006c9770
instanceKlass  @bci org/jetbrains/kotlin/load/java/typeEnhancement/PredefinedEnhancementInfoKt <clinit> ()V 1051 <appendix> member <vmtarget> ; # org/jetbrains/kotlin/load/java/typeEnhancement/PredefinedEnhancementInfoKt$$Lambda+0x00000008006c9518
instanceKlass  @bci org/jetbrains/kotlin/load/java/typeEnhancement/PredefinedEnhancementInfoKt <clinit> ()V 1034 <appendix> member <vmtarget> ; # org/jetbrains/kotlin/load/java/typeEnhancement/PredefinedEnhancementInfoKt$$Lambda+0x00000008006c92c0
instanceKlass  @bci org/jetbrains/kotlin/load/java/typeEnhancement/PredefinedEnhancementInfoKt <clinit> ()V 1015 <appendix> member <vmtarget> ; # org/jetbrains/kotlin/load/java/typeEnhancement/PredefinedEnhancementInfoKt$$Lambda+0x00000008006c9068
instanceKlass  @bci org/jetbrains/kotlin/load/java/typeEnhancement/PredefinedEnhancementInfoKt <clinit> ()V 996 <appendix> member <vmtarget> ; # org/jetbrains/kotlin/load/java/typeEnhancement/PredefinedEnhancementInfoKt$$Lambda+0x00000008006c8e10
instanceKlass  @bci org/jetbrains/kotlin/load/java/typeEnhancement/PredefinedEnhancementInfoKt <clinit> ()V 951 <appendix> member <vmtarget> ; # org/jetbrains/kotlin/load/java/typeEnhancement/PredefinedEnhancementInfoKt$$Lambda+0x00000008006c8bb8
instanceKlass  @bci org/jetbrains/kotlin/load/java/typeEnhancement/PredefinedEnhancementInfoKt <clinit> ()V 934 <appendix> member <vmtarget> ; # org/jetbrains/kotlin/load/java/typeEnhancement/PredefinedEnhancementInfoKt$$Lambda+0x00000008006c8960
instanceKlass  @bci org/jetbrains/kotlin/load/java/typeEnhancement/PredefinedEnhancementInfoKt <clinit> ()V 881 <appendix> member <vmtarget> ; # org/jetbrains/kotlin/load/java/typeEnhancement/PredefinedEnhancementInfoKt$$Lambda+0x00000008006c8708
instanceKlass  @bci org/jetbrains/kotlin/load/java/typeEnhancement/PredefinedEnhancementInfoKt <clinit> ()V 862 <appendix> member <vmtarget> ; # org/jetbrains/kotlin/load/java/typeEnhancement/PredefinedEnhancementInfoKt$$Lambda+0x00000008006c84b0
instanceKlass  @bci org/jetbrains/kotlin/load/java/typeEnhancement/PredefinedEnhancementInfoKt <clinit> ()V 843 <appendix> member <vmtarget> ; # org/jetbrains/kotlin/load/java/typeEnhancement/PredefinedEnhancementInfoKt$$Lambda+0x00000008006c8258
instanceKlass  @bci org/jetbrains/kotlin/load/java/typeEnhancement/PredefinedEnhancementInfoKt <clinit> ()V 824 <appendix> member <vmtarget> ; # org/jetbrains/kotlin/load/java/typeEnhancement/PredefinedEnhancementInfoKt$$Lambda+0x00000008006c8000
instanceKlass  @bci org/jetbrains/kotlin/load/java/typeEnhancement/PredefinedEnhancementInfoKt <clinit> ()V 805 <appendix> member <vmtarget> ; # org/jetbrains/kotlin/load/java/typeEnhancement/PredefinedEnhancementInfoKt$$Lambda+0x00000008006c7d58
instanceKlass  @bci org/jetbrains/kotlin/load/java/typeEnhancement/PredefinedEnhancementInfoKt <clinit> ()V 787 <appendix> member <vmtarget> ; # org/jetbrains/kotlin/load/java/typeEnhancement/PredefinedEnhancementInfoKt$$Lambda+0x00000008006c7b00
instanceKlass  @bci org/jetbrains/kotlin/load/java/typeEnhancement/PredefinedEnhancementInfoKt <clinit> ()V 770 <appendix> member <vmtarget> ; # org/jetbrains/kotlin/load/java/typeEnhancement/PredefinedEnhancementInfoKt$$Lambda+0x00000008006c78a8
instanceKlass  @bci org/jetbrains/kotlin/load/java/typeEnhancement/PredefinedEnhancementInfoKt <clinit> ()V 753 <appendix> member <vmtarget> ; # org/jetbrains/kotlin/load/java/typeEnhancement/PredefinedEnhancementInfoKt$$Lambda+0x00000008006c7650
instanceKlass  @bci org/jetbrains/kotlin/load/java/typeEnhancement/PredefinedEnhancementInfoKt <clinit> ()V 736 <appendix> member <vmtarget> ; # org/jetbrains/kotlin/load/java/typeEnhancement/PredefinedEnhancementInfoKt$$Lambda+0x00000008006c73f8
instanceKlass  @bci org/jetbrains/kotlin/load/java/typeEnhancement/PredefinedEnhancementInfoKt <clinit> ()V 686 <appendix> member <vmtarget> ; # org/jetbrains/kotlin/load/java/typeEnhancement/PredefinedEnhancementInfoKt$$Lambda+0x00000008006c71a0
instanceKlass  @bci org/jetbrains/kotlin/load/java/typeEnhancement/PredefinedEnhancementInfoKt <clinit> ()V 669 <appendix> member <vmtarget> ; # org/jetbrains/kotlin/load/java/typeEnhancement/PredefinedEnhancementInfoKt$$Lambda+0x00000008006c6f48
instanceKlass  @bci org/jetbrains/kotlin/load/java/typeEnhancement/PredefinedEnhancementInfoKt <clinit> ()V 652 <appendix> member <vmtarget> ; # org/jetbrains/kotlin/load/java/typeEnhancement/PredefinedEnhancementInfoKt$$Lambda+0x00000008006c6cf0
instanceKlass  @bci org/jetbrains/kotlin/load/java/typeEnhancement/PredefinedEnhancementInfoKt <clinit> ()V 635 <appendix> member <vmtarget> ; # org/jetbrains/kotlin/load/java/typeEnhancement/PredefinedEnhancementInfoKt$$Lambda+0x00000008006c6a98
instanceKlass  @bci org/jetbrains/kotlin/load/java/typeEnhancement/PredefinedEnhancementInfoKt <clinit> ()V 618 <appendix> member <vmtarget> ; # org/jetbrains/kotlin/load/java/typeEnhancement/PredefinedEnhancementInfoKt$$Lambda+0x00000008006c6840
instanceKlass  @bci org/jetbrains/kotlin/load/java/typeEnhancement/PredefinedEnhancementInfoKt <clinit> ()V 601 <appendix> member <vmtarget> ; # org/jetbrains/kotlin/load/java/typeEnhancement/PredefinedEnhancementInfoKt$$Lambda+0x00000008006c65e8
instanceKlass  @bci org/jetbrains/kotlin/load/java/typeEnhancement/PredefinedEnhancementInfoKt <clinit> ()V 550 <appendix> member <vmtarget> ; # org/jetbrains/kotlin/load/java/typeEnhancement/PredefinedEnhancementInfoKt$$Lambda+0x00000008006c6390
instanceKlass  @bci org/jetbrains/kotlin/load/java/typeEnhancement/PredefinedEnhancementInfoKt <clinit> ()V 533 <appendix> member <vmtarget> ; # org/jetbrains/kotlin/load/java/typeEnhancement/PredefinedEnhancementInfoKt$$Lambda+0x00000008006c6138
instanceKlass  @bci org/jetbrains/kotlin/load/java/typeEnhancement/PredefinedEnhancementInfoKt <clinit> ()V 516 <appendix> member <vmtarget> ; # org/jetbrains/kotlin/load/java/typeEnhancement/PredefinedEnhancementInfoKt$$Lambda+0x00000008006c5ee0
instanceKlass  @bci org/jetbrains/kotlin/load/java/typeEnhancement/PredefinedEnhancementInfoKt <clinit> ()V 499 <appendix> member <vmtarget> ; # org/jetbrains/kotlin/load/java/typeEnhancement/PredefinedEnhancementInfoKt$$Lambda+0x00000008006c5c88
instanceKlass  @bci org/jetbrains/kotlin/load/java/typeEnhancement/PredefinedEnhancementInfoKt <clinit> ()V 448 <appendix> member <vmtarget> ; # org/jetbrains/kotlin/load/java/typeEnhancement/PredefinedEnhancementInfoKt$$Lambda+0x00000008006c5a30
instanceKlass  @bci org/jetbrains/kotlin/load/java/typeEnhancement/PredefinedEnhancementInfoKt <clinit> ()V 431 <appendix> member <vmtarget> ; # org/jetbrains/kotlin/load/java/typeEnhancement/PredefinedEnhancementInfoKt$$Lambda+0x00000008006c57d8
instanceKlass  @bci org/jetbrains/kotlin/load/java/typeEnhancement/PredefinedEnhancementInfoKt <clinit> ()V 414 <appendix> member <vmtarget> ; # org/jetbrains/kotlin/load/java/typeEnhancement/PredefinedEnhancementInfoKt$$Lambda+0x00000008006c5580
instanceKlass  @bci org/jetbrains/kotlin/load/java/typeEnhancement/PredefinedEnhancementInfoKt <clinit> ()V 397 <appendix> member <vmtarget> ; # org/jetbrains/kotlin/load/java/typeEnhancement/PredefinedEnhancementInfoKt$$Lambda+0x00000008006c5328
instanceKlass  @bci org/jetbrains/kotlin/load/java/typeEnhancement/PredefinedEnhancementInfoKt <clinit> ()V 378 <appendix> member <vmtarget> ; # org/jetbrains/kotlin/load/java/typeEnhancement/PredefinedEnhancementInfoKt$$Lambda+0x00000008006c50d0
instanceKlass  @bci org/jetbrains/kotlin/load/java/typeEnhancement/PredefinedEnhancementInfoKt <clinit> ()V 326 <appendix> member <vmtarget> ; # org/jetbrains/kotlin/load/java/typeEnhancement/PredefinedEnhancementInfoKt$$Lambda+0x00000008006c4e78
instanceKlass  @bci org/jetbrains/kotlin/load/java/typeEnhancement/PredefinedEnhancementInfoKt <clinit> ()V 309 <appendix> member <vmtarget> ; # org/jetbrains/kotlin/load/java/typeEnhancement/PredefinedEnhancementInfoKt$$Lambda+0x00000008006c4c20
instanceKlass  @bci org/jetbrains/kotlin/load/java/typeEnhancement/PredefinedEnhancementInfoKt <clinit> ()V 292 <appendix> member <vmtarget> ; # org/jetbrains/kotlin/load/java/typeEnhancement/PredefinedEnhancementInfoKt$$Lambda+0x00000008006c49c8
instanceKlass  @bci org/jetbrains/kotlin/load/java/typeEnhancement/PredefinedEnhancementInfoKt <clinit> ()V 242 <appendix> member <vmtarget> ; # org/jetbrains/kotlin/load/java/typeEnhancement/PredefinedEnhancementInfoKt$$Lambda+0x00000008006c4770
instanceKlass org/jetbrains/kotlin/load/java/typeEnhancement/PredefinedFunctionEnhancementInfo
instanceKlass  @bci org/jetbrains/kotlin/load/kotlin/SignatureBuildingComponents jvmDescriptor (Ljava/lang/String;Ljava/util/List;Ljava/lang/String;)Ljava/lang/String; 47 <appendix> argL0 ; # org/jetbrains/kotlin/load/kotlin/SignatureBuildingComponents$$Lambda+0x00000008006c42e0
instanceKlass  @bci kotlin/collections/ArraysKt___ArraysKt withIndex ([Ljava/lang/Object;)Ljava/lang/Iterable; 11 <appendix> member <vmtarget> ; # kotlin/collections/ArraysKt___ArraysKt$$Lambda+0x00000008006c4088
instanceKlass  @bci org/jetbrains/kotlin/load/java/typeEnhancement/PredefinedEnhancementInfoKt <clinit> ()V 193 <appendix> member <vmtarget> ; # org/jetbrains/kotlin/load/java/typeEnhancement/PredefinedEnhancementInfoKt$$Lambda+0x00000008006c3e30
instanceKlass org/jetbrains/kotlin/load/java/typeEnhancement/SignatureEnhancementBuilder$ClassEnhancementBuilder$FunctionEnhancementBuilder
instanceKlass org/jetbrains/kotlin/load/java/typeEnhancement/SignatureEnhancementBuilder$ClassEnhancementBuilder
instanceKlass org/jetbrains/kotlin/load/java/typeEnhancement/SignatureEnhancementBuilder
instanceKlass org/jetbrains/kotlin/load/java/typeEnhancement/PredefinedEnhancementInfoKt
instanceKlass org/jetbrains/kotlin/load/kotlin/SignatureBuildingComponentsKt
instanceKlass org/jetbrains/kotlin/fir/scopes/jvm/SignatureUtilsKt
instanceKlass  @bci org/jetbrains/kotlin/fir/java/enhancement/FirSignatureEnhancement enhanceMethod (Lorg/jetbrains/kotlin/fir/declarations/FirFunction;Lorg/jetbrains/kotlin/name/CallableId;Lorg/jetbrains/kotlin/name/Name;ZLjava/util/List;)Lorg/jetbrains/kotlin/fir/symbols/impl/FirFunctionSymbol; 48 <appendix> member <vmtarget> ; # org/jetbrains/kotlin/fir/java/enhancement/FirSignatureEnhancement$$Lambda+0x00000008006c2e70
instanceKlass org/jetbrains/kotlin/fir/symbols/impl/FirIntersectionCallableSymbol
instanceKlass org/jetbrains/kotlin/load/java/BuiltinSpecialPropertiesKt
instanceKlass org/jetbrains/kotlin/load/java/BuiltinSpecialProperties
instanceKlass org/jetbrains/kotlin/load/java/PropertiesConventionUtilKt
instanceKlass org/jetbrains/kotlin/fir/java/scopes/JavaClassUseSiteMemberScope$collectFunctions$$inlined$collectMembersGroupedByScope$1
instanceKlass  @bci org/jetbrains/kotlin/fir/java/scopes/JavaClassMembersEnhancementScope processFunctionsByName (Lorg/jetbrains/kotlin/name/Name;Lkotlin/jvm/functions/Function1;)V 20 <appendix> member <vmtarget> ; # org/jetbrains/kotlin/fir/java/scopes/JavaClassMembersEnhancementScope$$Lambda+0x00000008006c1a50
instanceKlass org/jetbrains/kotlin/fir/scopes/impl/FirTypeIntersectionScopeContext$collectMembersGroupedByScope$1$1
instanceKlass  @bci org/jetbrains/kotlin/fir/scopes/impl/AbstractFirUseSiteMemberScope collectDeclaredFunctions (Lorg/jetbrains/kotlin/name/Name;Ljava/util/List;)V 21 <appendix> member <vmtarget> ; # org/jetbrains/kotlin/fir/scopes/impl/AbstractFirUseSiteMemberScope$$Lambda+0x00000008006c15a0
instanceKlass  @bci org/jetbrains/kotlin/fir/java/declarations/FirJavaConstructor <init> (Lorg/jetbrains/kotlin/KtSourceElement;Lorg/jetbrains/kotlin/fir/FirModuleData;Lorg/jetbrains/kotlin/fir/symbols/impl/FirConstructorSymbol;Lorg/jetbrains/kotlin/fir/declarations/FirDeclarationOrigin$Java;ZLorg/jetbrains/kotlin/fir/types/FirTypeRef;Ljava/util/List;Ljava/util/List;Lorg/jetbrains/kotlin/fir/java/enhancement/FirJavaAnnotationList;Lorg/jetbrains/kotlin/fir/declarations/impl/FirResolvedDeclarationStatusImpl;Lorg/jetbrains/kotlin/fir/types/ConeSimpleKotlinType;Lorg/jetbrains/kotlin/fir/symbols/impl/FirClassSymbol;)V 197 <appendix> member <vmtarget> ; # org/jetbrains/kotlin/fir/java/declarations/FirJavaConstructor$$Lambda+0x00000008006bfc28
instanceKlass org/jetbrains/kotlin/fir/java/declarations/FirJavaValueParameterBuilder
instanceKlass  @bci org/jetbrains/kotlin/fir/java/declarations/FirJavaMethod <init> (Lorg/jetbrains/kotlin/KtSourceElement;Lorg/jetbrains/kotlin/fir/FirModuleData;Lorg/jetbrains/kotlin/fir/declarations/FirDeclarationOrigin$Java;Lorg/jetbrains/kotlin/fir/declarations/FirDeclarationAttributes;Lorg/jetbrains/kotlin/fir/types/FirTypeRef;Ljava/util/List;Ljava/util/List;Lorg/jetbrains/kotlin/name/Name;Lorg/jetbrains/kotlin/fir/declarations/impl/FirResolvedDeclarationStatusImpl;Lorg/jetbrains/kotlin/fir/symbols/impl/FirNamedFunctionSymbol;Lorg/jetbrains/kotlin/fir/java/enhancement/FirJavaAnnotationList;Lorg/jetbrains/kotlin/fir/types/ConeSimpleKotlinType;Lorg/jetbrains/kotlin/fir/symbols/impl/FirClassSymbol;)V 196 <appendix> member <vmtarget> ; # org/jetbrains/kotlin/fir/java/declarations/FirJavaMethod$$Lambda+0x00000008006bf790
instanceKlass org/jetbrains/kotlin/fir/java/declarations/FirJavaMethodBuilder
instanceKlass org/jetbrains/kotlin/load/java/structure/JavaLoadingKt
instanceKlass  @bci org/jetbrains/kotlin/fir/java/declarations/FirJavaField <init> (Lorg/jetbrains/kotlin/KtSourceElement;Lorg/jetbrains/kotlin/fir/FirModuleData;Lorg/jetbrains/kotlin/fir/declarations/FirDeclarationOrigin$Java;Lorg/jetbrains/kotlin/fir/symbols/impl/FirFieldSymbol;Lorg/jetbrains/kotlin/name/Name;Lorg/jetbrains/kotlin/fir/types/FirTypeRef;Lorg/jetbrains/kotlin/fir/declarations/impl/FirResolvedDeclarationStatusImpl;ZLorg/jetbrains/kotlin/fir/java/enhancement/FirJavaAnnotationList;Lkotlin/Lazy;Lkotlin/Lazy;Lorg/jetbrains/kotlin/fir/types/ConeSimpleKotlinType;Lorg/jetbrains/kotlin/fir/declarations/FirDeclarationAttributes;Lorg/jetbrains/kotlin/fir/symbols/impl/FirClassSymbol;)V 204 <appendix> member <vmtarget> ; # org/jetbrains/kotlin/fir/java/declarations/FirJavaField$$Lambda+0x00000008006be848
instanceKlass  @bci org/jetbrains/kotlin/fir/java/declarations/FirJavaField <init> (Lorg/jetbrains/kotlin/KtSourceElement;Lorg/jetbrains/kotlin/fir/FirModuleData;Lorg/jetbrains/kotlin/fir/declarations/FirDeclarationOrigin$Java;Lorg/jetbrains/kotlin/fir/symbols/impl/FirFieldSymbol;Lorg/jetbrains/kotlin/name/Name;Lorg/jetbrains/kotlin/fir/types/FirTypeRef;Lorg/jetbrains/kotlin/fir/declarations/impl/FirResolvedDeclarationStatusImpl;ZLorg/jetbrains/kotlin/fir/java/enhancement/FirJavaAnnotationList;Lkotlin/Lazy;Lkotlin/Lazy;Lorg/jetbrains/kotlin/fir/types/ConeSimpleKotlinType;Lorg/jetbrains/kotlin/fir/declarations/FirDeclarationAttributes;Lorg/jetbrains/kotlin/fir/symbols/impl/FirClassSymbol;)V 191 <appendix> member <vmtarget> ; # org/jetbrains/kotlin/fir/java/declarations/FirJavaField$$Lambda+0x00000008006be5f0
instanceKlass  @bci org/jetbrains/kotlin/fir/java/FirJavaFacadeKt convertJavaFieldToFir (Lorg/jetbrains/kotlin/load/java/structure/JavaField;Lorg/jetbrains/kotlin/name/ClassId;Lorg/jetbrains/kotlin/fir/java/MutableJavaTypeParameterStack;Lorg/jetbrains/kotlin/fir/types/ConeClassLikeType;Lorg/jetbrains/kotlin/fir/FirModuleData;Lorg/jetbrains/kotlin/fir/symbols/impl/FirRegularClassSymbol;)Lorg/jetbrains/kotlin/fir/declarations/FirDeclaration; 568 <appendix> member <vmtarget> ; # org/jetbrains/kotlin/fir/java/FirJavaFacadeKt$$Lambda+0x00000008006bdd48
instanceKlass  @bci org/jetbrains/kotlin/fir/java/FirJavaFacadeKt convertJavaFieldToFir (Lorg/jetbrains/kotlin/load/java/structure/JavaField;Lorg/jetbrains/kotlin/name/ClassId;Lorg/jetbrains/kotlin/fir/java/MutableJavaTypeParameterStack;Lorg/jetbrains/kotlin/fir/types/ConeClassLikeType;Lorg/jetbrains/kotlin/fir/FirModuleData;Lorg/jetbrains/kotlin/fir/symbols/impl/FirRegularClassSymbol;)Lorg/jetbrains/kotlin/fir/declarations/FirDeclaration; 554 <appendix> member <vmtarget> ; # org/jetbrains/kotlin/fir/java/FirJavaFacadeKt$$Lambda+0x00000008006bdaf0
instanceKlass org/jetbrains/kotlin/fir/declarations/builder/FirFieldBuilder
instanceKlass org/jetbrains/kotlin/fir/java/ValueParametersForAnnotationConstructor
instanceKlass  @bci org/jetbrains/kotlin/fir/resolve/transformers/FirStatusResolver getOverriddenFunctions (Lorg/jetbrains/kotlin/fir/declarations/FirSimpleFunction;Lorg/jetbrains/kotlin/fir/declarations/FirClass;)Ljava/util/List; 53 <appendix> argL0 ; # org/jetbrains/kotlin/fir/resolve/transformers/FirStatusResolver$$Lambda+0x00000008006bc6b0
instanceKlass org/jetbrains/kotlin/fir/scopes/impl/FirGeneratedClassDeclaredMemberScope$Companion
instanceKlass org/jetbrains/kotlin/fir/declarations/FirMustUseReturnValueStatusComponentKt
instanceKlass  @bci org/jetbrains/kotlin/fir/resolve/transformers/FirStatusResolver resolveVisibility (Lorg/jetbrains/kotlin/fir/declarations/FirDeclaration;Lorg/jetbrains/kotlin/fir/declarations/FirClass;Lorg/jetbrains/kotlin/fir/declarations/FirProperty;Ljava/util/List;)Lorg/jetbrains/kotlin/descriptors/Visibility; 383 <appendix> member <vmtarget> ; # org/jetbrains/kotlin/fir/resolve/transformers/FirStatusResolver$$Lambda+0x00000008006bba90
instanceKlass  @bci org/jetbrains/kotlin/fir/resolve/transformers/FirStatusResolver resolveVisibility (Lorg/jetbrains/kotlin/fir/declarations/FirDeclaration;Lorg/jetbrains/kotlin/fir/declarations/FirClass;Lorg/jetbrains/kotlin/fir/declarations/FirProperty;Ljava/util/List;)Lorg/jetbrains/kotlin/descriptors/Visibility; 378 <appendix> argL0 ; # org/jetbrains/kotlin/fir/resolve/transformers/FirStatusResolver$$Lambda+0x00000008006bb840
instanceKlass org/jetbrains/kotlin/fir/resolve/transformers/FirStatusResolverKt
instanceKlass org/jetbrains/kotlin/resolve/deprecation/CommonDeprecationUtilsKt$WhenMappings
instanceKlass org/jetbrains/kotlin/resolve/deprecation/CommonDeprecationUtilsKt
instanceKlass org/jetbrains/kotlin/metadata/jvm/JvmProtoBuf$1
instanceKlass org/jetbrains/kotlin/fir/java/enhancement/FirSignatureEnhancement$enhanceTypeParameterBoundsSecondRound$$inlined$enhanceTypeParameterBounds$1
instanceKlass org/jetbrains/kotlin/fir/java/enhancement/FirSignatureEnhancement$enhanceTypeParameterBoundsSecondRound$lambda$0$$inlined$replaceEnhancedBounds$2
instanceKlass org/jetbrains/kotlin/fir/java/enhancement/FirSignatureEnhancement$enhanceTypeParameterBoundsSecondRound$lambda$0$$inlined$replaceEnhancedBounds$1
instanceKlass org/jetbrains/kotlin/fir/java/enhancement/FirSignatureEnhancement$enhanceTypeParameterBoundsFirstRound$$inlined$enhanceTypeParameterBounds$1
instanceKlass  @bci org/jetbrains/kotlin/fir/java/declarations/FirJavaTypeParameter <init> (Lorg/jetbrains/kotlin/load/java/structure/JavaTypeParameter;Lorg/jetbrains/kotlin/KtSourceElement;Lorg/jetbrains/kotlin/fir/FirModuleData;Lorg/jetbrains/kotlin/fir/declarations/FirDeclarationOrigin;Lorg/jetbrains/kotlin/fir/declarations/FirDeclarationAttributes;Lorg/jetbrains/kotlin/name/Name;Lorg/jetbrains/kotlin/fir/symbols/impl/FirTypeParameterSymbol;Lorg/jetbrains/kotlin/fir/symbols/FirBasedSymbol;Lorg/jetbrains/kotlin/fir/java/enhancement/FirJavaAnnotationList;)V 118 <appendix> member <vmtarget> ; # org/jetbrains/kotlin/fir/java/declarations/FirJavaTypeParameter$$Lambda+0x00000008006b8f78
instanceKlass org/jetbrains/kotlin/fir/java/declarations/FirJavaTypeParameter$BoundsEnhancementState
instanceKlass org/jetbrains/kotlin/fir/java/declarations/FirJavaTypeParameterBuilder
instanceKlass org/jetbrains/kotlin/descriptors/ValueClassRepresentation
instanceKlass org/jetbrains/kotlin/SpecialJvmAnnotations$isAnnotatedWithContainerMetaAnnotation$1
instanceKlass org/jetbrains/kotlin/fir/declarations/DeprecationsPerUseSite
instanceKlass org/jetbrains/kotlin/fir/extensions/FirTypeAttributeExtensionKt
instanceKlass org/jetbrains/kotlin/fir/types/CompilerConeAttributes$ContextFunctionTypeParams$Companion
instanceKlass  @bci org/jetbrains/kotlin/fir/CopyUtilsKt tryExpandClassId (Lorg/jetbrains/kotlin/fir/expressions/FirAnnotation;Lorg/jetbrains/kotlin/fir/FirSession;)Lorg/jetbrains/kotlin/name/ClassId; 64 <appendix> argL0 ; # org/jetbrains/kotlin/fir/CopyUtilsKt$$Lambda+0x00000008006b7250
instanceKlass org/jetbrains/kotlin/resolve/constants/ClassLiteralValue
instanceKlass org/jetbrains/kotlin/fir/types/ParameterNameTypeAttribute$Companion
instanceKlass kotlin/jvm/internal/DoubleCompanionObject
instanceKlass  @bci org/jetbrains/kotlin/fir/resolve/substitution/ConeSubstitutorByMap <init> (Ljava/util/Map;Lorg/jetbrains/kotlin/fir/FirSession;)V 26 <appendix> member <vmtarget> ; # org/jetbrains/kotlin/fir/resolve/substitution/ConeSubstitutorByMap$$Lambda+0x00000008006b6708
instanceKlass  @bci org/jetbrains/kotlin/fir/scopes/impl/FirAbstractStarImportingScope processClassifiersByNameWithSubstitution (Lorg/jetbrains/kotlin/name/Name;Lkotlin/jvm/functions/Function2;)V 90 <appendix> member <vmtarget> ; # org/jetbrains/kotlin/fir/scopes/impl/FirAbstractStarImportingScope$$Lambda+0x00000008006b64b0
instanceKlass  @bci org/jetbrains/kotlin/fir/scopes/impl/FirDefaultStarImportingScope processClassifiersByNameWithSubstitutionFromBothLevelsConditionally (Lorg/jetbrains/kotlin/name/Name;Lkotlin/jvm/functions/Function2;)V 27 <appendix> member <vmtarget> ; # org/jetbrains/kotlin/fir/scopes/impl/FirDefaultStarImportingScope$$Lambda+0x00000008006b6258
instanceKlass  @bci org/jetbrains/kotlin/fir/resolve/providers/impl/FirTypeResolverImpl resolveUserTypeToSymbol (Lorg/jetbrains/kotlin/fir/types/FirUserTypeRef;Lorg/jetbrains/kotlin/fir/resolve/TypeResolutionConfiguration;Lorg/jetbrains/kotlin/fir/resolve/SupertypeSupplier;Z)Lorg/jetbrains/kotlin/fir/resolve/providers/impl/FirTypeCandidateCollector$TypeResolutionResult; 418 <appendix> member <vmtarget> ; # org/jetbrains/kotlin/fir/resolve/providers/impl/FirTypeResolverImpl$$Lambda+0x00000008006b6000
instanceKlass  @cpi org/jetbrains/kotlin/resolve/calls/inference/components/TypeVariableDependencyInformationProvider 371 form vmentry <vmtarget> ; # java/lang/invoke/LambdaForm$DMH+0x00000008006b4000
instanceKlass kotlin/jvm/internal/FloatCompanionObject
instanceKlass kotlin/jvm/internal/IntCompanionObject
instanceKlass org/jetbrains/kotlin/fir/expressions/builder/FirClassReferenceExpressionBuilder
instanceKlass  @bci org/jetbrains/kotlin/fir/deserialization/AbstractAnnotationDeserializer resolveValue (Lorg/jetbrains/kotlin/metadata/ProtoBuf$Annotation$Argument$Value;Lorg/jetbrains/kotlin/metadata/deserialization/NameResolver;Lkotlin/jvm/functions/Function0;)Lorg/jetbrains/kotlin/fir/expressions/FirExpression; 974 <appendix> member <vmtarget> ; # org/jetbrains/kotlin/fir/deserialization/AbstractAnnotationDeserializer$$Lambda+0x00000008006b2578
instanceKlass  @bci org/jetbrains/kotlin/fir/scopes/jvm/JvmMappedScope <init> (Lorg/jetbrains/kotlin/fir/FirSession;Lorg/jetbrains/kotlin/fir/declarations/FirRegularClass;Lorg/jetbrains/kotlin/fir/declarations/FirRegularClass;Lorg/jetbrains/kotlin/fir/scopes/FirContainingNamesAwareScope;Lorg/jetbrains/kotlin/fir/scopes/FirTypeScope;Z)V 337 <appendix> member <vmtarget> ; # org/jetbrains/kotlin/fir/scopes/jvm/JvmMappedScope$$Lambda+0x00000008006b20a0
instanceKlass  @bci org/jetbrains/kotlin/fir/scopes/jvm/JvmMappedScope <init> (Lorg/jetbrains/kotlin/fir/FirSession;Lorg/jetbrains/kotlin/fir/declarations/FirRegularClass;Lorg/jetbrains/kotlin/fir/declarations/FirRegularClass;Lorg/jetbrains/kotlin/fir/scopes/FirContainingNamesAwareScope;Lorg/jetbrains/kotlin/fir/scopes/FirTypeScope;Z)V 321 <appendix> member <vmtarget> ; # org/jetbrains/kotlin/fir/scopes/jvm/JvmMappedScope$$Lambda+0x00000008006b1e48
instanceKlass  @bci org/jetbrains/kotlin/fir/scopes/jvm/JvmMappedScope <init> (Lorg/jetbrains/kotlin/fir/FirSession;Lorg/jetbrains/kotlin/fir/declarations/FirRegularClass;Lorg/jetbrains/kotlin/fir/declarations/FirRegularClass;Lorg/jetbrains/kotlin/fir/scopes/FirContainingNamesAwareScope;Lorg/jetbrains/kotlin/fir/scopes/FirTypeScope;Z)V 285 <appendix> member <vmtarget> ; # org/jetbrains/kotlin/fir/scopes/jvm/JvmMappedScope$$Lambda+0x00000008006b1bf0
instanceKlass  @bci org/jetbrains/kotlin/fir/scopes/jvm/JvmMappedScope$FirMappedSymbolStorage$MappedSymbolsCache <init> (Lorg/jetbrains/kotlin/fir/caches/FirCachesFactory;)V 38 <appendix> argL0 ; # org/jetbrains/kotlin/fir/scopes/jvm/JvmMappedScope$FirMappedSymbolStorage$MappedSymbolsCache$$Lambda+0x00000008006b19a0
instanceKlass  @bci org/jetbrains/kotlin/fir/scopes/jvm/JvmMappedScope$FirMappedSymbolStorage$MappedSymbolsCache <init> (Lorg/jetbrains/kotlin/fir/caches/FirCachesFactory;)V 25 <appendix> argL0 ; # org/jetbrains/kotlin/fir/scopes/jvm/JvmMappedScope$FirMappedSymbolStorage$MappedSymbolsCache$$Lambda+0x00000008006b1750
instanceKlass  @bci org/jetbrains/kotlin/fir/scopes/jvm/JvmMappedScope$FirMappedSymbolStorage$MappedSymbolsCache <init> (Lorg/jetbrains/kotlin/fir/caches/FirCachesFactory;)V 12 <appendix> argL0 ; # org/jetbrains/kotlin/fir/scopes/jvm/JvmMappedScope$FirMappedSymbolStorage$MappedSymbolsCache$$Lambda+0x00000008006b1500
instanceKlass org/jetbrains/kotlin/fir/scopes/jvm/JvmMappedScope$FirMappedSymbolStorage$MappedSymbolsCache
instanceKlass org/jetbrains/kotlin/fir/scopes/jvm/JvmMappedScopeKt
instanceKlass org/jetbrains/kotlin/fir/scopes/jvm/JvmMappedScope$Companion
instanceKlass  @bci org/jetbrains/kotlin/fir/java/scopes/JavaClassMembersEnhancementScope <init> (Lorg/jetbrains/kotlin/fir/FirSession;Lorg/jetbrains/kotlin/fir/symbols/impl/FirRegularClassSymbol;Lorg/jetbrains/kotlin/fir/java/scopes/JavaClassUseSiteMemberScope;)V 76 <appendix> member <vmtarget> ; # org/jetbrains/kotlin/fir/java/scopes/JavaClassMembersEnhancementScope$$Lambda+0x00000008006b0bf8
instanceKlass org/jetbrains/kotlin/fir/java/FirSyntheticPropertiesStorage$cacheByOwner$1$1
instanceKlass org/jetbrains/kotlin/fir/java/FirSyntheticPropertiesStorageKt
instanceKlass  @bci org/jetbrains/kotlin/fir/java/scopes/JavaClassUseSiteMemberScope <init> (Lorg/jetbrains/kotlin/fir/java/declarations/FirJavaClass;Lorg/jetbrains/kotlin/fir/FirSession;Ljava/util/List;Lorg/jetbrains/kotlin/fir/scopes/FirContainingNamesAwareScope;)V 73 <appendix> member <vmtarget> ; # org/jetbrains/kotlin/fir/java/scopes/JavaClassUseSiteMemberScope$$Lambda+0x00000008006b0518
instanceKlass org/jetbrains/kotlin/fir/java/scopes/JavaClassUseSiteMemberScope$Companion
instanceKlass  @bci org/jetbrains/kotlin/fir/scopes/impl/AbstractFirUseSiteMemberScope <init> (Lorg/jetbrains/kotlin/fir/types/ConeClassLikeLookupTag;Lorg/jetbrains/kotlin/fir/FirSession;Lorg/jetbrains/kotlin/fir/scopes/FirOverrideChecker;Lorg/jetbrains/kotlin/fir/scopes/FirOverrideChecker;Ljava/util/List;Lorg/jetbrains/kotlin/fir/types/ConeSimpleKotlinType;Lorg/jetbrains/kotlin/fir/scopes/FirContainingNamesAwareScope;)V 208 <appendix> member <vmtarget> ; # org/jetbrains/kotlin/fir/scopes/impl/AbstractFirUseSiteMemberScope$$Lambda+0x00000008006afb98
instanceKlass  @bci org/jetbrains/kotlin/fir/scopes/impl/AbstractFirUseSiteMemberScope <init> (Lorg/jetbrains/kotlin/fir/types/ConeClassLikeLookupTag;Lorg/jetbrains/kotlin/fir/FirSession;Lorg/jetbrains/kotlin/fir/scopes/FirOverrideChecker;Lorg/jetbrains/kotlin/fir/scopes/FirOverrideChecker;Ljava/util/List;Lorg/jetbrains/kotlin/fir/types/ConeSimpleKotlinType;Lorg/jetbrains/kotlin/fir/scopes/FirContainingNamesAwareScope;)V 192 <appendix> member <vmtarget> ; # org/jetbrains/kotlin/fir/scopes/impl/AbstractFirUseSiteMemberScope$$Lambda+0x00000008006af940
instanceKlass org/jetbrains/kotlin/fir/scopes/impl/FirIntersectionOverrideStorage$cacheByScope$1$1
instanceKlass org/jetbrains/kotlin/fir/scopes/impl/FirTypeIntersectionScopeContextKt
instanceKlass org/jetbrains/kotlin/fir/scopes/FirOverrideServiceKt
instanceKlass org/jetbrains/kotlin/fir/scopes/impl/FirTypeIntersectionScopeContext
instanceKlass org/jetbrains/kotlin/fir/scopes/PlatformSpecificOverridabilityRulesKt
instanceKlass org/jetbrains/kotlin/fir/scopes/FirIntersectionScopeOverrideChecker
instanceKlass org/jetbrains/kotlin/fir/java/JavaScopeProviderKt
instanceKlass  @bci org/jetbrains/kotlin/fir/scopes/impl/FirClassDeclaredMemberScopeImpl <init> (Lorg/jetbrains/kotlin/fir/FirSession;Lorg/jetbrains/kotlin/fir/declarations/FirClass;Ljava/util/List;)V 95 <appendix> member <vmtarget> ; # org/jetbrains/kotlin/fir/scopes/impl/FirClassDeclaredMemberScopeImpl$$Lambda+0x00000008006ad060
instanceKlass org/jetbrains/kotlin/fir/scopes/FirKotlinScopeProviderKt
instanceKlass org/jetbrains/kotlin/fir/deserialization/AbstractAnnotationDeserializer$WhenMappings
instanceKlass  @bci org/jetbrains/kotlin/fir/deserialization/AbstractAnnotationDeserializer createArgumentMapping (Lorg/jetbrains/kotlin/metadata/ProtoBuf$Annotation;Lorg/jetbrains/kotlin/name/ClassId;Lorg/jetbrains/kotlin/metadata/deserialization/NameResolver;)Lorg/jetbrains/kotlin/fir/expressions/FirAnnotationArgumentMapping; 160 <appendix> member <vmtarget> ; # org/jetbrains/kotlin/fir/deserialization/AbstractAnnotationDeserializer$$Lambda+0x00000008006aaf88
instanceKlass  @bci org/jetbrains/kotlin/fir/deserialization/AbstractAnnotationDeserializer createArgumentMapping (Lorg/jetbrains/kotlin/metadata/ProtoBuf$Annotation;Lorg/jetbrains/kotlin/name/ClassId;Lorg/jetbrains/kotlin/metadata/deserialization/NameResolver;)Lorg/jetbrains/kotlin/fir/expressions/FirAnnotationArgumentMapping; 31 <appendix> member <vmtarget> ; # org/jetbrains/kotlin/fir/deserialization/AbstractAnnotationDeserializer$$Lambda+0x00000008006aad30
instanceKlass kotlin/jvm/internal/BooleanCompanionObject
instanceKlass kotlin/jvm/internal/StringCompanionObject
instanceKlass org/jetbrains/kotlin/fir/resolve/transformers/TransformUtilsKt
instanceKlass org/jetbrains/kotlin/fir/scopes/FirScopeKt$processClassifiersByName$1
instanceKlass org/jetbrains/kotlin/fir/scopes/FirScopeKt
instanceKlass org/jetbrains/kotlin/fir/extensions/DeclarationGenerationContext
instanceKlass org/jetbrains/kotlin/fir/scopes/impl/FirGeneratedScopesKt
instanceKlass org/jetbrains/kotlin/fir/scopes/impl/FirGeneratedClassNestedClassifierScope$Companion
instanceKlass org/jetbrains/kotlin/fir/scopes/impl/FirNestedClassifierScopeWithSubstitutionKt
instanceKlass  @bci org/jetbrains/kotlin/fir/scopes/impl/FirNestedClassifierScopeImpl <init> (Lorg/jetbrains/kotlin/fir/declarations/FirClass;Lorg/jetbrains/kotlin/fir/FirSession;)V 23 <appendix> member <vmtarget> ; # org/jetbrains/kotlin/fir/scopes/impl/FirNestedClassifierScopeImpl$$Lambda+0x00000008006a8550
instanceKlass org/jetbrains/kotlin/fir/scopes/impl/FirDeclaredMemberScopeProviderKt
instanceKlass org/jetbrains/kotlin/fir/scopes/ScopesKt
instanceKlass org/jetbrains/kotlin/fir/resolve/substitution/ConeSubstitutorByMap$Companion
instanceKlass org/jetbrains/kotlin/fir/resolve/substitution/ConeSubstitutorByMapKt
instanceKlass  @bci org/jetbrains/kotlin/fir/resolve/SupertypeUtilsKt computePartialExpansion (Lorg/jetbrains/kotlin/fir/types/ConeClassLikeType;Lorg/jetbrains/kotlin/fir/FirSession;Lorg/jetbrains/kotlin/fir/resolve/SupertypeSupplier;)Lorg/jetbrains/kotlin/fir/types/ConeClassLikeType; 4 <appendix> member <vmtarget> ; # org/jetbrains/kotlin/fir/resolve/SupertypeUtilsKt$$Lambda+0x00000008006a7150
instanceKlass org/jetbrains/kotlin/utils/SmartSet$Companion
instanceKlass org/jetbrains/kotlin/fir/resolve/SupertypeUtilsKt
instanceKlass  @bci org/jetbrains/kotlin/fir/FirVisibilityCheckerKt parentDeclarationSequence (Lorg/jetbrains/kotlin/fir/declarations/FirMemberDeclaration;Lorg/jetbrains/kotlin/fir/FirSession;Lorg/jetbrains/kotlin/fir/expressions/FirExpression;Ljava/util/List;Lorg/jetbrains/kotlin/fir/resolve/SupertypeSupplier;)Lkotlin/sequences/Sequence; 46 <appendix> member <vmtarget> ; # org/jetbrains/kotlin/fir/FirVisibilityCheckerKt$$Lambda+0x00000008006a4a40
instanceKlass org/jetbrains/kotlin/fir/declarations/EnumValueArgumentInfo
instanceKlass kotlin/jvm/internal/EnumCompanionObject
instanceKlass org/jetbrains/kotlin/fir/declarations/builder/FirConstructedClassTypeParameterRefBuilder
instanceKlass org/jetbrains/kotlin/fir/resolve/transformers/PlatformSupertypeUpdaterKt
instanceKlass org/jetbrains/kotlin/load/java/structure/JavaTypesKt
instanceKlass org/jetbrains/kotlin/fir/expressions/builder/FirExpressionStubBuilder
instanceKlass  @bci org/jetbrains/kotlin/fir/java/deserialization/JvmBinaryAnnotationDeserializerKt$loadMemberAnnotations$1$AnnotationVisitorForMethod visitAnnotationMemberDefaultValue ()Lorg/jetbrains/kotlin/load/kotlin/KotlinJvmBinaryClass$AnnotationArgumentVisitor; 15 <appendix> member <vmtarget> ; # org/jetbrains/kotlin/fir/java/deserialization/JvmBinaryAnnotationDeserializerKt$loadMemberAnnotations$1$AnnotationVisitorForMethod$$Lambda+0x00000008006a24f0
instanceKlass org/jetbrains/kotlin/load/java/typeEnhancement/NullabilityQualifierWithMigrationStatus
instanceKlass org/jetbrains/kotlin/load/java/JavaDefaultQualifiers
instanceKlass org/jetbrains/kotlin/load/java/JvmAnnotationNamesKt
instanceKlass org/jetbrains/kotlin/load/java/JavaDefaultQualifiersKt
instanceKlass org/jetbrains/kotlin/fir/java/AnnotationData
instanceKlass  @bci org/jetbrains/kotlin/fir/java/JavaAnnotationsMappingKt$buildFirAnnotation$argumentMapping$1 <init> (Lorg/jetbrains/kotlin/name/ClassId;Lorg/jetbrains/kotlin/load/java/structure/JavaAnnotation;Lorg/jetbrains/kotlin/fir/FirSession;Lorg/jetbrains/kotlin/fir/symbols/impl/ConeClassLikeLookupTagImpl;Lorg/jetbrains/kotlin/KtSourceElement;)V 12 <appendix> member <vmtarget> ; # org/jetbrains/kotlin/fir/java/JavaAnnotationsMappingKt$buildFirAnnotation$argumentMapping$1$$Lambda+0x00000008006a1768
instanceKlass org/jetbrains/kotlin/io/vavr/control/Option$None
instanceKlass org/jetbrains/kotlin/metadata/deserialization/VersionRequirement$Companion$WhenMappings
instanceKlass org/jetbrains/kotlin/metadata/deserialization/VersionRequirement$Version$Companion
instanceKlass org/jetbrains/kotlin/metadata/deserialization/VersionRequirement$Version
instanceKlass  @bci org/jetbrains/kotlin/fir/resolve/providers/impl/AbstractFirBuiltinSymbolProvider$BuiltInsPackageFragmentWrapper classCache$lambda$1 (Lorg/jetbrains/kotlin/fir/resolve/providers/impl/AbstractFirBuiltinSymbolProvider$BuiltInsPackageFragmentWrapper;Lorg/jetbrains/kotlin/name/ClassId;Lorg/jetbrains/kotlin/fir/symbols/impl/FirRegularClassSymbol;Lorg/jetbrains/kotlin/fir/deserialization/FirDeserializationContext;)Lkotlin/Unit; 110 <appendix> member <vmtarget> ; # org/jetbrains/kotlin/fir/resolve/providers/impl/AbstractFirBuiltinSymbolProvider$BuiltInsPackageFragmentWrapper$$Lambda+0x000000080069fbf8
instanceKlass org/jetbrains/kotlin/fir/deserialization/FirNestedTypeAliasDeserializationContext
instanceKlass org/jetbrains/kotlin/fir/deserialization/FirTypeDeserializer$FlexibleTypeFactory$Default
instanceKlass kotlin/collections/builders/SetBuilder$Companion
instanceKlass org/jetbrains/kotlin/metadata/ProtoBuf$1
instanceKlass org/jetbrains/kotlin/metadata/ProtoBuf$TypeAliasOrBuilder
instanceKlass org/jetbrains/kotlin/metadata/ProtoBuf$Effect$EffectConditionKind$1
instanceKlass org/jetbrains/kotlin/metadata/ProtoBuf$Effect$InvocationKind$1
instanceKlass org/jetbrains/kotlin/metadata/ProtoBuf$Expression$ConstantValue$1
instanceKlass org/jetbrains/kotlin/metadata/ProtoBuf$ExpressionOrBuilder
instanceKlass org/jetbrains/kotlin/metadata/ProtoBuf$Effect$EffectType$1
instanceKlass org/jetbrains/kotlin/metadata/ProtoBuf$EffectOrBuilder
instanceKlass org/jetbrains/kotlin/load/kotlin/KotlinClassFinderKt
instanceKlass org/jetbrains/kotlin/load/java/structure/JavaAnnotationAsAnnotationArgument
instanceKlass org/jetbrains/kotlin/load/java/structure/impl/classFiles/BinaryJavaClass$WhenMappings
instanceKlass org/jetbrains/kotlin/fir/java/deserialization/JvmBinaryAnnotationDeserializer$loadClassAnnotations$3
instanceKlass org/jetbrains/kotlin/fir/expressions/builder/FirEnumEntryDeserializedAccessExpressionBuilder
instanceKlass org/jetbrains/kotlin/load/java/structure/JavaEnumValueAnnotationArgument
instanceKlass org/jetbrains/kotlin/fir/deserialization/FirConstDeserializerKt
instanceKlass org/jetbrains/kotlin/fir/java/deserialization/FirJvmConstDeserializer$loadConstant$2
instanceKlass org/jetbrains/kotlin/fir/types/ConeBuiltinTypeUtilsKt
instanceKlass org/jetbrains/kotlin/metadata/jvm/deserialization/JvmFlags
instanceKlass org/jetbrains/kotlin/fir/declarations/FirValueClassRepresentationKt
instanceKlass org/jetbrains/kotlin/fir/declarations/ValueClassesUtilsKt
instanceKlass org/jetbrains/kotlin/serialization/deserialization/ValueClassUtilKt
instanceKlass  @bci org/jetbrains/kotlin/fir/deserialization/ClassDeserializationKt deserializeClassToSymbol (Lorg/jetbrains/kotlin/name/ClassId;Lorg/jetbrains/kotlin/metadata/ProtoBuf$Class;Lorg/jetbrains/kotlin/fir/symbols/impl/FirRegularClassSymbol;Lorg/jetbrains/kotlin/metadata/deserialization/NameResolver;Lorg/jetbrains/kotlin/fir/FirSession;Lorg/jetbrains/kotlin/fir/FirModuleData;Lorg/jetbrains/kotlin/fir/deserialization/AbstractAnnotationDeserializer;Lorg/jetbrains/kotlin/fir/deserialization/FirTypeDeserializer$FlexibleTypeFactory;Lorg/jetbrains/kotlin/fir/scopes/FirScopeProvider;Lorg/jetbrains/kotlin/serialization/SerializerExtensionProtocol;Lorg/jetbrains/kotlin/fir/deserialization/FirDeserializationContext;Lorg/jetbrains/kotlin/serialization/deserialization/descriptors/DeserializedContainerSource;Lorg/jetbrains/kotlin/fir/declarations/FirDeclarationOrigin;Lkotlin/jvm/functions/Function2;Lkotlin/jvm/functions/Function2;)V 2849 <appendix> member <vmtarget> ; # org/jetbrains/kotlin/fir/deserialization/ClassDeserializationKt$$Lambda+0x0000000800691cb8
instanceKlass org/jetbrains/kotlin/builtins/jvm/JvmBuiltInsSignatures
instanceKlass org/jetbrains/kotlin/fir/declarations/builder/FirConstructorBuilder
instanceKlass org/jetbrains/kotlin/fir/java/deserialization/JvmBinaryAnnotationDeserializer$WhenMappings
instanceKlass org/jetbrains/kotlin/load/kotlin/AbstractBinaryClassAnnotationLoaderKt
instanceKlass org/jetbrains/kotlin/metadata/SerializationPluginMetadataExtensions
instanceKlass org/jetbrains/kotlin/fir/deserialization/FirTypeDeserializer$WhenMappings
instanceKlass org/jetbrains/kotlin/fir/types/ConeTypeUtilsKt$WhenMappings
instanceKlass org/jetbrains/kotlin/fir/declarations/DeprecationsProviderImpl$special$$inlined$createCache$1
instanceKlass org/jetbrains/kotlin/fir/declarations/DeprecationInfoProvider
instanceKlass org/jetbrains/kotlin/name/StandardClassIds$Annotations$ParameterNames
instanceKlass org/jetbrains/kotlin/fir/declarations/FirAnnotationUtilsKt
instanceKlass org/jetbrains/kotlin/fir/expressions/builder/FirArrayLiteralBuilder
instanceKlass org/jetbrains/kotlin/fir/java/deserialization/AnnotationsLoader$AnnotationsLoaderVisitorImpl$visitArray$1
instanceKlass org/jetbrains/kotlin/load/kotlin/KotlinJvmBinaryClass$MethodAnnotationVisitor
instanceKlass org/jetbrains/kotlin/fir/expressions/builder/FirAnnotationArgumentMappingBuilder
instanceKlass org/jetbrains/kotlin/fir/expressions/builder/FirAnnotationBuilder
instanceKlass org/jetbrains/kotlin/fir/java/deserialization/AnnotationsLoader$AnnotationsLoaderVisitorImpl
instanceKlass org/jetbrains/kotlin/SpecialJvmAnnotations
instanceKlass org/jetbrains/kotlin/fir/java/deserialization/JvmBinaryAnnotationDeserializerKt$loadMemberAnnotations$1$MemberAnnotationVisitor
instanceKlass org/jetbrains/kotlin/fir/java/deserialization/JvmBinaryAnnotationDeserializerKt$loadMemberAnnotations$1
instanceKlass org/jetbrains/kotlin/load/kotlin/KotlinJvmBinaryClass$MemberVisitor
instanceKlass org/jetbrains/kotlin/fir/java/deserialization/JvmBinaryAnnotationDeserializerKt
instanceKlass org/jetbrains/kotlin/load/kotlin/MemberSignature$Companion
instanceKlass org/jetbrains/kotlin/load/kotlin/MemberSignature
instanceKlass org/jetbrains/kotlin/metadata/jvm/deserialization/JvmMemberSignature
instanceKlass org/jetbrains/kotlin/metadata/jvm/deserialization/ClassMapperLite
instanceKlass  @bci org/jetbrains/kotlin/fir/resolve/transformers/PublishedApiEffectiveVisibilityKt setLazyPublishedVisibility (Lorg/jetbrains/kotlin/fir/declarations/FirMemberDeclaration;ZLorg/jetbrains/kotlin/fir/declarations/FirProperty;Lorg/jetbrains/kotlin/fir/FirSession;)V 20 <adapter> ; # java/lang/invoke/LambdaForm$MH+0x0000000800690800
# instanceKlass java/lang/invoke/LambdaForm$DMH+0x0000000800690400
instanceKlass  @bci org/jetbrains/kotlin/fir/resolve/transformers/PublishedApiEffectiveVisibilityKt setLazyPublishedVisibility (Lorg/jetbrains/kotlin/fir/declarations/FirMemberDeclaration;ZLorg/jetbrains/kotlin/fir/declarations/FirProperty;Lorg/jetbrains/kotlin/fir/FirSession;)V 20 <appendix> form vmentry <vmtarget> ; # java/lang/invoke/LambdaForm$DMH+0x0000000800690000
instanceKlass  @bci org/jetbrains/kotlin/fir/resolve/transformers/PublishedApiEffectiveVisibilityKt setLazyPublishedVisibility (Lorg/jetbrains/kotlin/fir/declarations/FirMemberDeclaration;ZLorg/jetbrains/kotlin/fir/declarations/FirProperty;Lorg/jetbrains/kotlin/fir/FirSession;)V 20 <appendix> member <vmtarget> ; # org/jetbrains/kotlin/fir/resolve/transformers/PublishedApiEffectiveVisibilityKt$$Lambda+0x000000080068e988
instanceKlass org/jetbrains/kotlin/fir/resolve/transformers/PublishedApiEffectiveVisibilityKt
instanceKlass org/jetbrains/kotlin/metadata/deserialization/ProtoTypeTableUtilKt
instanceKlass org/jetbrains/kotlin/fir/deserialization/FirDeserializationUtilsKt
instanceKlass org/jetbrains/kotlin/metadata/deserialization/VersionRequirement$Companion
instanceKlass org/jetbrains/kotlin/metadata/deserialization/VersionRequirement
instanceKlass org/jetbrains/kotlin/fir/resolve/ScopeUtilsKt
instanceKlass  @bci org/jetbrains/kotlin/fir/deserialization/FirMemberDeserializerKt toLazyEffectiveVisibility (Lorg/jetbrains/kotlin/descriptors/Visibility;Lorg/jetbrains/kotlin/fir/symbols/impl/FirClassLikeSymbol;Lorg/jetbrains/kotlin/fir/FirSession;Z)Lkotlin/Lazy; 19 <appendix> member <vmtarget> ; # org/jetbrains/kotlin/fir/deserialization/FirMemberDeserializerKt$$Lambda+0x000000080068ce90
instanceKlass org/jetbrains/kotlin/fir/deserialization/FirMemberDeserializerKt
instanceKlass org/jetbrains/kotlin/serialization/deserialization/ProtoEnumFlags$WhenMappings
instanceKlass org/jetbrains/kotlin/serialization/deserialization/ProtoEnumFlags
instanceKlass org/jetbrains/kotlin/fir/deserialization/ClassDeserializationKt
instanceKlass org/jetbrains/kotlin/load/kotlin/KotlinJvmBinarySourceElement
instanceKlass  @bci org/jetbrains/kotlin/fir/deserialization/PackagePartsCacheData <init> (Lorg/jetbrains/kotlin/metadata/ProtoBuf$Package;Lorg/jetbrains/kotlin/fir/deserialization/FirDeserializationContext;Lorg/jetbrains/kotlin/fir/deserialization/PackagePartsCacheData$Extra;)V 59 <appendix> member <vmtarget> ; # org/jetbrains/kotlin/fir/deserialization/PackagePartsCacheData$$Lambda+0x000000080068abf0
instanceKlass  @bci org/jetbrains/kotlin/fir/deserialization/PackagePartsCacheData <init> (Lorg/jetbrains/kotlin/metadata/ProtoBuf$Package;Lorg/jetbrains/kotlin/fir/deserialization/FirDeserializationContext;Lorg/jetbrains/kotlin/fir/deserialization/PackagePartsCacheData$Extra;)V 46 <appendix> member <vmtarget> ; # org/jetbrains/kotlin/fir/deserialization/PackagePartsCacheData$$Lambda+0x000000080068a998
instanceKlass  @bci org/jetbrains/kotlin/fir/deserialization/PackagePartsCacheData <init> (Lorg/jetbrains/kotlin/metadata/ProtoBuf$Package;Lorg/jetbrains/kotlin/fir/deserialization/FirDeserializationContext;Lorg/jetbrains/kotlin/fir/deserialization/PackagePartsCacheData$Extra;)V 33 <appendix> member <vmtarget> ; # org/jetbrains/kotlin/fir/deserialization/PackagePartsCacheData$$Lambda+0x000000080068a740
instanceKlass org/jetbrains/kotlin/serialization/deserialization/ProtoBufContractDeserializer
instanceKlass org/jetbrains/kotlin/fir/deserialization/FirTypeDeserializer
instanceKlass org/jetbrains/kotlin/metadata/deserialization/VersionRequirementTable$Companion
instanceKlass org/jetbrains/kotlin/metadata/deserialization/VersionRequirementTable
instanceKlass org/jetbrains/kotlin/metadata/deserialization/TypeTable
instanceKlass org/jetbrains/kotlin/fir/deserialization/FirConstDeserializer
instanceKlass org/jetbrains/kotlin/fir/java/deserialization/JvmClassFileBasedSymbolProvider$JavaAwareFlexibleTypeFactory
instanceKlass org/jetbrains/kotlin/fir/deserialization/FirTypeDeserializer$FlexibleTypeFactory
instanceKlass  @bci org/jetbrains/kotlin/fir/java/deserialization/JvmBinaryAnnotationDeserializer <init> (Lorg/jetbrains/kotlin/fir/FirSession;Lorg/jetbrains/kotlin/load/kotlin/KotlinJvmBinaryClass;Lorg/jetbrains/kotlin/load/kotlin/KotlinClassFinder;[B)V 84 <appendix> member <vmtarget> ; # org/jetbrains/kotlin/fir/java/deserialization/JvmBinaryAnnotationDeserializer$$Lambda+0x0000000800689040
instanceKlass org/jetbrains/kotlin/fir/java/deserialization/AnnotationsLoader
instanceKlass  @bci org/jetbrains/kotlin/fir/java/deserialization/JvmBinaryAnnotationDeserializer <init> (Lorg/jetbrains/kotlin/fir/FirSession;Lorg/jetbrains/kotlin/load/kotlin/KotlinJvmBinaryClass;Lorg/jetbrains/kotlin/load/kotlin/KotlinClassFinder;[B)V 51 <appendix> member <vmtarget> ; # org/jetbrains/kotlin/fir/java/deserialization/JvmBinaryAnnotationDeserializer$$Lambda+0x0000000800688ba8
instanceKlass org/jetbrains/kotlin/fir/java/deserialization/MemberAnnotations
instanceKlass org/jetbrains/kotlin/fir/deserialization/FirDeserializationContext$Companion
instanceKlass org/jetbrains/kotlin/fir/deserialization/PackagePartsCacheData
instanceKlass org/jetbrains/kotlin/metadata/jvm/deserialization/JvmNameResolverBase$WhenMappings
instanceKlass org/jetbrains/kotlin/metadata/deserialization/ProtoBufUtilKt
instanceKlass org/jetbrains/kotlin/serialization/deserialization/descriptors/PreReleaseInfo$Companion
instanceKlass org/jetbrains/kotlin/serialization/deserialization/descriptors/PreReleaseInfo
instanceKlass org/jetbrains/kotlin/load/kotlin/JvmPackagePartSource
instanceKlass org/jetbrains/kotlin/serialization/deserialization/descriptors/DeserializedContainerSource
instanceKlass org/jetbrains/kotlin/load/kotlin/FacadeClassSource
instanceKlass org/jetbrains/kotlin/metadata/ProtoBuf$VersionRequirement$VersionKind$1
instanceKlass org/jetbrains/kotlin/metadata/ProtoBuf$VersionRequirement$Level$1
instanceKlass org/jetbrains/kotlin/metadata/ProtoBuf$VersionRequirementOrBuilder
instanceKlass org/jetbrains/kotlin/metadata/jvm/deserialization/JvmNameResolverKt
instanceKlass org/jetbrains/kotlin/metadata/jvm/JvmProtoBuf$StringTableTypes$Record$Operation$1
instanceKlass org/jetbrains/kotlin/metadata/jvm/JvmProtoBuf$StringTableTypes$RecordOrBuilder
instanceKlass org/jetbrains/kotlin/metadata/jvm/JvmProtoBuf$StringTableTypesOrBuilder
instanceKlass org/jetbrains/kotlin/metadata/jvm/deserialization/JvmNameResolverBase$Companion
instanceKlass org/jetbrains/kotlin/metadata/jvm/deserialization/JvmNameResolverBase
instanceKlass org/jetbrains/kotlin/metadata/jvm/deserialization/UtfEncodingKt
instanceKlass org/jetbrains/kotlin/metadata/jvm/deserialization/BitEncoding
instanceKlass org/jetbrains/kotlin/metadata/jvm/JvmProtoBuf$JvmFieldSignatureOrBuilder
instanceKlass org/jetbrains/kotlin/metadata/jvm/JvmProtoBuf$JvmPropertySignatureOrBuilder
instanceKlass org/jetbrains/kotlin/metadata/jvm/JvmProtoBuf$JvmMethodSignatureOrBuilder
instanceKlass org/jetbrains/kotlin/metadata/jvm/JvmProtoBuf
instanceKlass org/jetbrains/kotlin/metadata/jvm/deserialization/JvmProtoBufUtil
instanceKlass  @bci org/jetbrains/kotlin/fir/deserialization/LibraryPathFilter$LibraryList accepts (Ljava/nio/file/Path;)Z 17 <appendix> member <vmtarget> ; # org/jetbrains/kotlin/fir/deserialization/LibraryPathFilter$LibraryList$$Lambda+0x0000000800680478
instanceKlass org/jetbrains/kotlin/load/kotlin/PathHolder
instanceKlass org/jetbrains/kotlin/fir/java/deserialization/JvmClassFileBasedSymbolProvider$WhenMappings
instanceKlass org/jetbrains/kotlin/load/kotlin/header/ReadKotlinClassHeaderAnnotationVisitor$CollectStringArrayAnnotationVisitor
instanceKlass org/jetbrains/kotlin/load/kotlin/KotlinJvmBinaryClass$AnnotationArrayArgumentVisitor
instanceKlass org/jetbrains/kotlin/load/kotlin/header/ReadKotlinClassHeaderAnnotationVisitor$KotlinMetadataArgumentVisitor
instanceKlass java/lang/Override
instanceKlass org/jetbrains/kotlin/load/java/JvmAnnotationNames
instanceKlass org/jetbrains/kotlin/resolve/jvm/JvmClassName
instanceKlass org/jetbrains/kotlin/load/java/structure/JavaWildcardType
instanceKlass org/jetbrains/org/objectweb/asm/TypeReference
instanceKlass org/jetbrains/kotlin/load/java/typeEnhancement/TypeComponentPositionKt
instanceKlass org/jetbrains/kotlin/types/model/DefinitelyNotNullTypeMarker
instanceKlass  @bci org/jetbrains/kotlin/load/java/typeEnhancement/AbstractSignatureParts computeIndexedQualifiers (Lorg/jetbrains/kotlin/types/model/KotlinTypeMarker;Ljava/lang/Iterable;Lorg/jetbrains/kotlin/load/java/typeEnhancement/TypeEnhancementInfo;Z)Lkotlin/jvm/functions/Function1; 517 <appendix> member <vmtarget> ; # org/jetbrains/kotlin/load/java/typeEnhancement/AbstractSignatureParts$$Lambda+0x000000080067cdf8
instanceKlass org/jetbrains/kotlin/load/java/typeEnhancement/TypeEnhancementInfo
instanceKlass org/jetbrains/kotlin/load/java/typeEnhancement/TypeEnhancementUtilsKt
instanceKlass org/jetbrains/kotlin/load/java/typeEnhancement/JavaTypeQualifiers$Companion
instanceKlass  @bci org/jetbrains/kotlin/load/java/typeEnhancement/AbstractSignatureParts extractQualifiersFromAnnotations (Lorg/jetbrains/kotlin/load/java/typeEnhancement/AbstractSignatureParts$TypeAndDefaultQualifiers;)Lorg/jetbrains/kotlin/load/java/typeEnhancement/JavaTypeQualifiers; 347 <appendix> member <vmtarget> ; # org/jetbrains/kotlin/load/java/typeEnhancement/AbstractSignatureParts$$Lambda+0x000000080067bbb0
instanceKlass org/jetbrains/kotlin/fir/types/ArrayUtilsKt
instanceKlass org/jetbrains/kotlin/load/java/typeEnhancement/JavaTypeQualifiers
instanceKlass org/jetbrains/kotlin/util/WeakPairKt
instanceKlass org/jetbrains/kotlin/fir/resolve/TypeExpansionUtilsKt
instanceKlass  @bci org/jetbrains/kotlin/load/java/typeEnhancement/AbstractSignatureParts toIndexed (Lorg/jetbrains/kotlin/types/model/KotlinTypeMarker;)Ljava/util/List; 28 <appendix> member <vmtarget> ; # org/jetbrains/kotlin/load/java/typeEnhancement/AbstractSignatureParts$$Lambda+0x000000080067aa60
instanceKlass org/jetbrains/kotlin/load/java/typeEnhancement/AbstractSignatureParts$TypeAndDefaultQualifiers
instanceKlass org/jetbrains/kotlin/fir/types/ParameterNameTypeAttributeKt
instanceKlass org/jetbrains/kotlin/fir/types/CustomAnnotationTypeAttributeKt
instanceKlass org/jetbrains/kotlin/fir/types/ConeTypeProjectionKt
instanceKlass org/jetbrains/kotlin/fir/java/enhancement/JavaTypeUtilsKt
instanceKlass org/jetbrains/kotlin/load/java/structure/JavaLiteralAnnotationArgument
instanceKlass org/jetbrains/kotlin/load/java/structure/impl/classFiles/PlainJavaAnnotationArgument
instanceKlass org/jetbrains/kotlin/load/java/structure/JavaArrayAnnotationArgument
instanceKlass org/jetbrains/kotlin/load/java/structure/JavaArrayType
instanceKlass org/jetbrains/kotlin/io/vavr/control/Option$Some
instanceKlass org/jetbrains/kotlin/io/vavr/control/Option
instanceKlass org/jetbrains/kotlin/util/vavr/VavrAdaptersKt
instanceKlass org/jetbrains/kotlin/load/java/typeEnhancement/AbstractSignatureParts
instanceKlass org/jetbrains/kotlin/load/java/FakePureImplementationsProvider
instanceKlass  @bci org/jetbrains/kotlin/fir/java/declarations/FirJavaClass superTypeRefs_delegate$lambda$0 (Lorg/jetbrains/kotlin/fir/java/declarations/FirJavaClass;)Ljava/util/List; 120 <appendix> argL0 ; # org/jetbrains/kotlin/fir/java/declarations/FirJavaClass$$Lambda+0x0000000800676bc8
instanceKlass  @bci org/jetbrains/kotlin/fir/types/jvm/FirJavaTypeRef <init> (Lorg/jetbrains/kotlin/load/java/structure/JavaType;Lorg/jetbrains/kotlin/KtSourceElement;Lkotlin/jvm/functions/Function0;)V 28 <appendix> member <vmtarget> ; # org/jetbrains/kotlin/fir/types/jvm/FirJavaTypeRef$$Lambda+0x0000000800676970
instanceKlass  @bci org/jetbrains/kotlin/fir/java/JavaTypeConversionKt toFirJavaTypeRef (Lorg/jetbrains/kotlin/load/java/structure/JavaType;Lorg/jetbrains/kotlin/fir/FirSession;Lorg/jetbrains/kotlin/KtSourceElement;)Lorg/jetbrains/kotlin/fir/types/jvm/FirJavaTypeRef; 35 <appendix> member <vmtarget> ; # org/jetbrains/kotlin/fir/java/JavaTypeConversionKt$$Lambda+0x00000008006763e0
instanceKlass org/jetbrains/kotlin/fir/types/jvm/FirJavaTypeRefBuilder
instanceKlass java/util/concurrent/atomic/AtomicLongArray
instanceKlass java/util/concurrent/atomic/AtomicIntegerArray
instanceKlass org/jetbrains/kotlin/builtins/CompanionObjectMapping
instanceKlass org/jetbrains/kotlin/builtins/jvm/JavaToKotlinClassMap$PlatformMutabilityMapping
instanceKlass org/jetbrains/kotlin/builtins/jvm/JavaToKotlinClassMap
instanceKlass org/jetbrains/kotlin/fir/java/JavaTypeConversionKt
instanceKlass org/jetbrains/kotlin/fir/types/ConeTypeUtilsKt
instanceKlass org/jetbrains/kotlin/fir/resolve/ToSymbolUtilsKt
instanceKlass org/jetbrains/kotlin/fir/resolve/FirTypeResolutionResult
instanceKlass org/jetbrains/kotlin/util/WeakPair
instanceKlass org/jetbrains/kotlin/fir/resolve/LookupTagUtilsKt
instanceKlass org/jetbrains/kotlin/fir/CopyUtilsKt
instanceKlass org/jetbrains/kotlin/fir/types/FunctionalTypeUtilsKt
instanceKlass org/jetbrains/kotlin/fir/resolve/DeclarationUtilsKt
instanceKlass kotlin/concurrent/LocksKt
instanceKlass org/jetbrains/kotlin/fir/java/enhancement/FirSignatureEnhancement$special$$inlined$thenByDescending$1
instanceKlass org/jetbrains/kotlin/fir/java/enhancement/FirSignatureEnhancement$special$$inlined$compareByDescending$1
instanceKlass  @bci org/jetbrains/kotlin/fir/java/enhancement/FirEnhancedSymbolsStorage$EnhancementSymbolsCache <init> (Lorg/jetbrains/kotlin/fir/caches/FirCachesFactory;)V 58 <appendix> argL0 ; # org/jetbrains/kotlin/fir/java/enhancement/FirEnhancedSymbolsStorage$EnhancementSymbolsCache$$Lambda+0x0000000800672fd8
instanceKlass  @bci org/jetbrains/kotlin/fir/java/enhancement/FirEnhancedSymbolsStorage$EnhancementSymbolsCache <init> (Lorg/jetbrains/kotlin/fir/caches/FirCachesFactory;)V 45 <appendix> argL0 ; # org/jetbrains/kotlin/fir/java/enhancement/FirEnhancedSymbolsStorage$EnhancementSymbolsCache$$Lambda+0x0000000800672d88
instanceKlass org/jetbrains/kotlin/fir/java/enhancement/FirEnhancedSymbolsStorage$FunctionEnhancementContext
instanceKlass  @bci org/jetbrains/kotlin/fir/java/enhancement/FirEnhancedSymbolsStorage$EnhancementSymbolsCache <clinit> ()V 14 <appendix> argL0 ; # org/jetbrains/kotlin/fir/java/enhancement/FirEnhancedSymbolsStorage$EnhancementSymbolsCache$$Lambda+0x00000008006728f8
instanceKlass org/jetbrains/kotlin/fir/java/enhancement/FirEnhancedSymbolsStorage$EnhancementSymbolsCache$Companion
instanceKlass org/jetbrains/kotlin/fir/java/enhancement/FirEnhancedSymbolsStorage$EnhancementSymbolsCache
instanceKlass org/jetbrains/kotlin/fir/java/enhancement/SignatureEnhancementKt
instanceKlass  @bci org/jetbrains/kotlin/fir/java/enhancement/FirSignatureEnhancement <init> (Lorg/jetbrains/kotlin/fir/declarations/FirRegularClass;Lorg/jetbrains/kotlin/fir/FirSession;ZLkotlin/jvm/functions/Function1;)V 74 <appendix> member <vmtarget> ; # org/jetbrains/kotlin/fir/java/enhancement/FirSignatureEnhancement$$Lambda+0x0000000800671ff0
instanceKlass  @bci org/jetbrains/kotlin/fir/java/enhancement/FirSignatureEnhancement <init> (Lorg/jetbrains/kotlin/fir/declarations/FirRegularClass;Lorg/jetbrains/kotlin/fir/FirSession;ZLkotlin/jvm/functions/Function1;)V 61 <appendix> member <vmtarget> ; # org/jetbrains/kotlin/fir/java/enhancement/FirSignatureEnhancement$$Lambda+0x0000000800671d98
instanceKlass org/jetbrains/kotlin/load/java/JavaTypeQualifiersByElementType
instanceKlass org/jetbrains/kotlin/fir/java/enhancement/FirAnnotationTypeQualifierResolverKt
instanceKlass  @bci org/jetbrains/kotlin/fir/java/declarations/FirJavaClass typeParameters_delegate$lambda$0 (Lorg/jetbrains/kotlin/fir/java/declarations/FirJavaClass;)Ljava/util/List; 16 <appendix> argL0 ; # org/jetbrains/kotlin/fir/java/declarations/FirJavaClass$$Lambda+0x00000008006716d0
instanceKlass org/jetbrains/kotlin/fir/java/enhancement/FirSignatureEnhancement
instanceKlass org/jetbrains/kotlin/fir/resolve/providers/impl/FirTypeCandidateCollector$TypeResolutionResult
instanceKlass org/jetbrains/kotlin/fir/resolve/calls/AbstractCandidate
instanceKlass org/jetbrains/kotlin/descriptors/annotations/KotlinTarget$Companion
instanceKlass org/jetbrains/kotlin/fir/java/JavaAnnotationsMappingKt
instanceKlass org/jetbrains/kotlin/fir/declarations/FirHiddenDeprecationProviderKt
instanceKlass org/jetbrains/kotlin/fir/declarations/utils/FirDeclarationUtilKt
instanceKlass org/jetbrains/kotlin/fir/FirPrivateVisibleFromDifferentModuleExtension
instanceKlass org/jetbrains/kotlin/fir/FirVisibilityCheckerKt
instanceKlass org/jetbrains/kotlin/fir/java/VirtualFileBasedSourceElement
instanceKlass  @bci org/jetbrains/kotlin/fir/java/declarations/FirJavaClass <init> (Lorg/jetbrains/kotlin/load/java/structure/JavaClass;Lorg/jetbrains/kotlin/KtSourceElement;Lorg/jetbrains/kotlin/fir/FirModuleData;Lorg/jetbrains/kotlin/name/Name;Lorg/jetbrains/kotlin/fir/declarations/FirDeclarationOrigin$Java;Lorg/jetbrains/kotlin/fir/java/enhancement/FirJavaAnnotationList;Lorg/jetbrains/kotlin/fir/declarations/impl/FirResolvedDeclarationStatusImpl;Lorg/jetbrains/kotlin/descriptors/ClassKind;Lorg/jetbrains/kotlin/fir/java/enhancement/FirJavaDeclarationList;Lorg/jetbrains/kotlin/fir/scopes/FirScopeProvider;Lorg/jetbrains/kotlin/fir/symbols/impl/FirRegularClassSymbol;Ljava/util/List;Ljava/util/List;Lorg/jetbrains/kotlin/load/java/structure/JavaPackage;Lorg/jetbrains/kotlin/fir/java/MutableJavaTypeParameterStack;Ljava/util/List;Lorg/jetbrains/kotlin/fir/symbols/impl/FirClassSymbol;)V 346 <appendix> member <vmtarget> ; # org/jetbrains/kotlin/fir/java/declarations/FirJavaClass$$Lambda+0x000000080066d8f8
instanceKlass  @bci org/jetbrains/kotlin/fir/java/declarations/FirJavaClass <init> (Lorg/jetbrains/kotlin/load/java/structure/JavaClass;Lorg/jetbrains/kotlin/KtSourceElement;Lorg/jetbrains/kotlin/fir/FirModuleData;Lorg/jetbrains/kotlin/name/Name;Lorg/jetbrains/kotlin/fir/declarations/FirDeclarationOrigin$Java;Lorg/jetbrains/kotlin/fir/java/enhancement/FirJavaAnnotationList;Lorg/jetbrains/kotlin/fir/declarations/impl/FirResolvedDeclarationStatusImpl;Lorg/jetbrains/kotlin/descriptors/ClassKind;Lorg/jetbrains/kotlin/fir/java/enhancement/FirJavaDeclarationList;Lorg/jetbrains/kotlin/fir/scopes/FirScopeProvider;Lorg/jetbrains/kotlin/fir/symbols/impl/FirRegularClassSymbol;Ljava/util/List;Ljava/util/List;Lorg/jetbrains/kotlin/load/java/structure/JavaPackage;Lorg/jetbrains/kotlin/fir/java/MutableJavaTypeParameterStack;Ljava/util/List;Lorg/jetbrains/kotlin/fir/symbols/impl/FirClassSymbol;)V 333 <appendix> member <vmtarget> ; # org/jetbrains/kotlin/fir/java/declarations/FirJavaClass$$Lambda+0x000000080066d6a0
instanceKlass  @bci org/jetbrains/kotlin/fir/java/declarations/FirJavaClass <init> (Lorg/jetbrains/kotlin/load/java/structure/JavaClass;Lorg/jetbrains/kotlin/KtSourceElement;Lorg/jetbrains/kotlin/fir/FirModuleData;Lorg/jetbrains/kotlin/name/Name;Lorg/jetbrains/kotlin/fir/declarations/FirDeclarationOrigin$Java;Lorg/jetbrains/kotlin/fir/java/enhancement/FirJavaAnnotationList;Lorg/jetbrains/kotlin/fir/declarations/impl/FirResolvedDeclarationStatusImpl;Lorg/jetbrains/kotlin/descriptors/ClassKind;Lorg/jetbrains/kotlin/fir/java/enhancement/FirJavaDeclarationList;Lorg/jetbrains/kotlin/fir/scopes/FirScopeProvider;Lorg/jetbrains/kotlin/fir/symbols/impl/FirRegularClassSymbol;Ljava/util/List;Ljava/util/List;Lorg/jetbrains/kotlin/load/java/structure/JavaPackage;Lorg/jetbrains/kotlin/fir/java/MutableJavaTypeParameterStack;Ljava/util/List;Lorg/jetbrains/kotlin/fir/symbols/impl/FirClassSymbol;)V 306 <appendix> member <vmtarget> ; # org/jetbrains/kotlin/fir/java/declarations/FirJavaClass$$Lambda+0x000000080066d448
instanceKlass  @bci org/jetbrains/kotlin/fir/java/declarations/FirJavaClass <init> (Lorg/jetbrains/kotlin/load/java/structure/JavaClass;Lorg/jetbrains/kotlin/KtSourceElement;Lorg/jetbrains/kotlin/fir/FirModuleData;Lorg/jetbrains/kotlin/name/Name;Lorg/jetbrains/kotlin/fir/declarations/FirDeclarationOrigin$Java;Lorg/jetbrains/kotlin/fir/java/enhancement/FirJavaAnnotationList;Lorg/jetbrains/kotlin/fir/declarations/impl/FirResolvedDeclarationStatusImpl;Lorg/jetbrains/kotlin/descriptors/ClassKind;Lorg/jetbrains/kotlin/fir/java/enhancement/FirJavaDeclarationList;Lorg/jetbrains/kotlin/fir/scopes/FirScopeProvider;Lorg/jetbrains/kotlin/fir/symbols/impl/FirRegularClassSymbol;Ljava/util/List;Ljava/util/List;Lorg/jetbrains/kotlin/load/java/structure/JavaPackage;Lorg/jetbrains/kotlin/fir/java/MutableJavaTypeParameterStack;Ljava/util/List;Lorg/jetbrains/kotlin/fir/symbols/impl/FirClassSymbol;)V 293 <appendix> member <vmtarget> ; # org/jetbrains/kotlin/fir/java/declarations/FirJavaClass$$Lambda+0x000000080066d1f0
instanceKlass  @bci org/jetbrains/kotlin/fir/java/declarations/FirJavaClass <init> (Lorg/jetbrains/kotlin/load/java/structure/JavaClass;Lorg/jetbrains/kotlin/KtSourceElement;Lorg/jetbrains/kotlin/fir/FirModuleData;Lorg/jetbrains/kotlin/name/Name;Lorg/jetbrains/kotlin/fir/declarations/FirDeclarationOrigin$Java;Lorg/jetbrains/kotlin/fir/java/enhancement/FirJavaAnnotationList;Lorg/jetbrains/kotlin/fir/declarations/impl/FirResolvedDeclarationStatusImpl;Lorg/jetbrains/kotlin/descriptors/ClassKind;Lorg/jetbrains/kotlin/fir/java/enhancement/FirJavaDeclarationList;Lorg/jetbrains/kotlin/fir/scopes/FirScopeProvider;Lorg/jetbrains/kotlin/fir/symbols/impl/FirRegularClassSymbol;Ljava/util/List;Ljava/util/List;Lorg/jetbrains/kotlin/load/java/structure/JavaPackage;Lorg/jetbrains/kotlin/fir/java/MutableJavaTypeParameterStack;Ljava/util/List;Lorg/jetbrains/kotlin/fir/symbols/impl/FirClassSymbol;)V 240 <appendix> member <vmtarget> ; # org/jetbrains/kotlin/fir/java/declarations/FirJavaClass$$Lambda+0x000000080066cf98
instanceKlass org/jetbrains/kotlin/fir/java/declarations/UtilsKt
instanceKlass  @bci org/jetbrains/kotlin/fir/java/FirLazyJavaDeclarationList <init> (Lorg/jetbrains/kotlin/load/java/structure/JavaClass;Lorg/jetbrains/kotlin/fir/symbols/impl/FirRegularClassSymbol;Lorg/jetbrains/kotlin/load/java/structure/JavaPackage;)V 23 <appendix> member <vmtarget> ; # org/jetbrains/kotlin/fir/java/FirLazyJavaDeclarationList$$Lambda+0x000000080066c8c8
instanceKlass org/jetbrains/kotlin/fir/java/FirLazyJavaDeclarationList
instanceKlass org/jetbrains/kotlin/descriptors/EffectiveVisibility$WhenMappings
instanceKlass org/jetbrains/kotlin/it/unimi/dsi/fastutil/objects/Object2ObjectOpenHashMap$i
instanceKlass  @bci org/jetbrains/kotlin/fir/java/enhancement/FirLazyJavaAnnotationList <init> (Lorg/jetbrains/kotlin/load/java/structure/JavaAnnotationOwner;Lorg/jetbrains/kotlin/fir/FirModuleData;)V 31 <appendix> member <vmtarget> ; # org/jetbrains/kotlin/fir/java/enhancement/FirLazyJavaAnnotationList$$Lambda+0x000000080066adc8
instanceKlass org/jetbrains/kotlin/fir/java/enhancement/FirLazyJavaAnnotationList
instanceKlass org/jetbrains/kotlin/fir/java/enhancement/FirEmptyJavaDeclarationList
instanceKlass org/jetbrains/kotlin/fir/java/enhancement/FirJavaDeclarationList
instanceKlass org/jetbrains/kotlin/fir/java/enhancement/FirJavaAnnotationList
instanceKlass org/jetbrains/kotlin/fir/java/JavaTypeParameterStack$Companion
instanceKlass org/jetbrains/kotlin/fir/java/JavaTypeParameterStack
instanceKlass  @bci org/jetbrains/kotlin/fir/java/deserialization/JvmClassFileBasedSymbolProvider extractClassMetadata (Lorg/jetbrains/kotlin/name/ClassId;Lorg/jetbrains/kotlin/fir/deserialization/FirDeserializationContext;)Lorg/jetbrains/kotlin/fir/deserialization/AbstractFirDeserializedSymbolProvider$ClassMetadataFindResult; 146 <appendix> member <vmtarget> ; # org/jetbrains/kotlin/fir/java/deserialization/JvmClassFileBasedSymbolProvider$$Lambda+0x0000000800668908
instanceKlass org/jetbrains/kotlin/fir/deserialization/AbstractFirDeserializedSymbolProvider$ClassMetadataFindResult
instanceKlass org/jetbrains/kotlin/fir/java/JavaUtilsKt
instanceKlass  @bci org/jetbrains/kotlin/load/java/structure/impl/classFiles/BinaryClassSignatureParser parseTypeVariableRefSignature (Ljava/text/CharacterIterator;Lorg/jetbrains/kotlin/load/java/structure/impl/classFiles/ClassifierResolutionContext;)Lorg/jetbrains/kotlin/load/java/structure/JavaClassifierType; 139 <appendix> member <vmtarget> ; # org/jetbrains/kotlin/load/java/structure/impl/classFiles/BinaryClassSignatureParser$$Lambda+0x0000000800668000
instanceKlass org/jetbrains/kotlin/load/java/structure/impl/classFiles/BinaryJavaTypeParameter
instanceKlass org/jetbrains/kotlin/load/java/structure/JavaTypeParameter
instanceKlass  @bci org/jetbrains/kotlin/load/java/structure/impl/classFiles/BinaryJavaAnnotationVisitor <init> (Lorg/jetbrains/kotlin/load/java/structure/impl/classFiles/ClassifierResolutionContext;Lorg/jetbrains/kotlin/load/java/structure/impl/classFiles/BinaryClassSignatureParser;Ljava/util/Collection;)V 22 <appendix> member <vmtarget> ; # org/jetbrains/kotlin/load/java/structure/impl/classFiles/BinaryJavaAnnotationVisitor$$Lambda+0x0000000800667358
instanceKlass org/jetbrains/kotlin/load/java/structure/JavaAnnotationArgument
instanceKlass  @bci org/jetbrains/kotlin/load/java/structure/impl/classFiles/BinaryJavaAnnotation <init> (Ljava/lang/String;Lorg/jetbrains/kotlin/load/java/structure/impl/classFiles/ClassifierResolutionContext;Ljava/util/Collection;Z)V 26 <appendix> member <vmtarget> ; # org/jetbrains/kotlin/load/java/structure/impl/classFiles/BinaryJavaAnnotation$$Lambda+0x0000000800666c60
instanceKlass org/jetbrains/kotlin/load/java/structure/impl/classFiles/BinaryJavaAnnotation$Companion
instanceKlass org/jetbrains/kotlin/load/java/structure/impl/classFiles/BinaryJavaAnnotation
instanceKlass org/jetbrains/kotlin/load/java/structure/JavaAnnotation
instanceKlass org/jetbrains/kotlin/load/java/structure/impl/classFiles/BinaryJavaValueParameter
instanceKlass org/jetbrains/kotlin/load/java/structure/JavaValueParameter
instanceKlass org/jetbrains/kotlin/load/java/structure/JavaMethod
instanceKlass org/jetbrains/org/objectweb/asm/MethodVisitor
instanceKlass org/jetbrains/kotlin/load/java/structure/JavaConstructor
instanceKlass org/jetbrains/kotlin/load/java/structure/impl/classFiles/BinaryJavaMethodBase$Companion$MethodInfo
instanceKlass org/jetbrains/org/objectweb/asm/Type
instanceKlass org/jetbrains/kotlin/load/java/structure/impl/classFiles/BinaryJavaMethodBase$Companion
instanceKlass org/jetbrains/kotlin/load/java/structure/impl/classFiles/BinaryJavaMethodBase
instanceKlass org/jetbrains/org/objectweb/asm/FieldVisitor
instanceKlass org/jetbrains/kotlin/load/java/structure/impl/classFiles/BinaryJavaField
instanceKlass org/jetbrains/kotlin/load/java/structure/JavaField
instanceKlass org/jetbrains/kotlin/load/java/structure/JavaMember
instanceKlass org/jetbrains/kotlin/load/java/structure/JavaPrimitiveType
instanceKlass  @bci org/jetbrains/kotlin/load/java/structure/impl/classFiles/BinaryClassSignatureParser parseParameterizedClassRefSignature (Ljava/text/CharacterIterator;Lorg/jetbrains/kotlin/load/java/structure/impl/classFiles/ClassifierResolutionContext;)Lorg/jetbrains/kotlin/load/java/structure/JavaClassifierType; 215 <appendix> member <vmtarget> ; # org/jetbrains/kotlin/load/java/structure/impl/classFiles/BinaryClassSignatureParser$$Lambda+0x0000000800662ca8
instanceKlass java/text/StringCharacterIterator
instanceKlass java/text/CharacterIterator
instanceKlass org/jetbrains/kotlin/load/java/structure/impl/classFiles/ClassifierResolutionContext$InnerClassInfo
instanceKlass org/jetbrains/kotlin/load/java/structure/impl/classFiles/CommonMixinsKt
instanceKlass  @bci org/jetbrains/kotlin/load/java/structure/impl/classFiles/BinaryJavaClass convertInternalNameToClassifierType (Ljava/lang/String;)Lorg/jetbrains/kotlin/load/java/structure/JavaClassifierType; 6 <appendix> member <vmtarget> ; # org/jetbrains/kotlin/load/java/structure/impl/classFiles/BinaryJavaClass$$Lambda+0x0000000800661718
instanceKlass org/jetbrains/kotlin/load/java/structure/impl/classFiles/ClassifierResolutionContext$Result
instanceKlass org/jetbrains/kotlin/load/java/structure/impl/classFiles/JavaPlainType
instanceKlass org/jetbrains/kotlin/load/java/structure/JavaClassifierType
instanceKlass org/jetbrains/kotlin/load/java/structure/JavaType
instanceKlass org/jetbrains/kotlin/load/java/structure/ListBasedJavaAnnotationOwner
instanceKlass org/jetbrains/kotlin/load/java/structure/impl/classFiles/BinaryJavaModifierListOwner
instanceKlass org/jetbrains/kotlin/load/java/structure/impl/VirtualFileBoundJavaClass
instanceKlass org/jetbrains/kotlin/load/java/structure/MutableJavaAnnotationOwner
instanceKlass org/jetbrains/kotlin/io/vavr/collection/HashArrayMappedTrieModule$AbstractNode
instanceKlass org/jetbrains/kotlin/io/vavr/collection/HashArrayMappedTrie
instanceKlass org/jetbrains/kotlin/io/vavr/collection/Set
instanceKlass org/jetbrains/kotlin/io/vavr/collection/Seq
instanceKlass org/jetbrains/kotlin/io/vavr/collection/Iterator
instanceKlass org/jetbrains/kotlin/io/vavr/collection/HashMap
instanceKlass org/jetbrains/kotlin/io/vavr/collection/Map
instanceKlass org/jetbrains/kotlin/io/vavr/collection/Traversable
instanceKlass org/jetbrains/kotlin/io/vavr/collection/Foldable
instanceKlass org/jetbrains/kotlin/io/vavr/Value
instanceKlass org/jetbrains/kotlin/io/vavr/PartialFunction
instanceKlass org/jetbrains/kotlin/io/vavr/Function1
instanceKlass  @bci org/jetbrains/kotlin/cli/jvm/compiler/KotlinCliJavaFileManagerImpl findClass (Lorg/jetbrains/kotlin/load/java/JavaClassFinder$Request;Lorg/jetbrains/kotlin/com/intellij/psi/search/GlobalSearchScope;)Lorg/jetbrains/kotlin/load/java/structure/JavaClass; 258 <appendix> member <vmtarget> ; # org/jetbrains/kotlin/cli/jvm/compiler/KotlinCliJavaFileManagerImpl$$Lambda+0x000000080065cca8
instanceKlass org/jetbrains/kotlin/load/java/structure/impl/classFiles/ClassifierResolutionContext
instanceKlass org/jetbrains/kotlin/util/SideStats$Companion
instanceKlass org/jetbrains/kotlin/util/SideStats
instanceKlass org/jetbrains/kotlin/load/kotlin/FileBasedKotlinClass$OuterAndInnerName
instanceKlass org/jetbrains/org/objectweb/asm/Context
instanceKlass org/jetbrains/org/objectweb/asm/Attribute
instanceKlass org/jetbrains/org/objectweb/asm/Label
instanceKlass org/jetbrains/org/objectweb/asm/ClassReader
instanceKlass org/jetbrains/kotlin/load/kotlin/header/KotlinClassHeader$Kind$Companion
instanceKlass org/jetbrains/kotlin/load/kotlin/KotlinJvmBinaryClass$AnnotationArgumentVisitor
instanceKlass org/jetbrains/kotlin/load/kotlin/header/ReadKotlinClassHeaderAnnotationVisitor
instanceKlass org/jetbrains/kotlin/load/kotlin/KotlinJvmBinaryClass$AnnotationVisitor
instanceKlass  @bci org/jetbrains/kotlin/load/kotlin/VirtualFileKotlinClass$Factory create$lambda$0 (Lorg/jetbrains/kotlin/com/intellij/openapi/vfs/VirtualFile;[BLorg/jetbrains/kotlin/metadata/deserialization/MetadataVersion;)Lorg/jetbrains/kotlin/load/kotlin/KotlinClassFinder$Result; 122 <appendix> member <vmtarget> ; # org/jetbrains/kotlin/load/kotlin/VirtualFileKotlinClass$Factory$$Lambda+0x000000080065a340
instanceKlass org/jetbrains/kotlin/load/kotlin/FileBasedKotlinClass$InnerClassesInfo
instanceKlass org/jetbrains/kotlin/load/kotlin/header/KotlinClassHeader
instanceKlass org/jetbrains/kotlin/util/PerformanceManagerKt
instanceKlass  @bci org/jetbrains/kotlin/load/kotlin/VirtualFileKotlinClass$Factory create$frontend_common_jvm (Lorg/jetbrains/kotlin/com/intellij/openapi/vfs/VirtualFile;Lorg/jetbrains/kotlin/metadata/deserialization/MetadataVersion;[BLorg/jetbrains/kotlin/util/PerformanceManager;)Lorg/jetbrains/kotlin/load/kotlin/KotlinClassFinder$Result; 20 <appendix> member <vmtarget> ; # org/jetbrains/kotlin/load/kotlin/VirtualFileKotlinClass$Factory$$Lambda+0x0000000800659a20
instanceKlass org/jetbrains/kotlin/load/kotlin/VirtualFileKotlinClass$Factory
instanceKlass org/jetbrains/org/objectweb/asm/AnnotationVisitor
instanceKlass org/jetbrains/org/objectweb/asm/ClassVisitor
instanceKlass org/jetbrains/kotlin/load/kotlin/FileBasedKotlinClass
instanceKlass org/jetbrains/kotlin/load/kotlin/KotlinJvmBinaryClass
instanceKlass  @bci org/jetbrains/kotlin/load/kotlin/KotlinBinaryClassCache$Companion getKotlinBinaryClassOrClassFileContent (Lorg/jetbrains/kotlin/com/intellij/openapi/vfs/VirtualFile;Lorg/jetbrains/kotlin/metadata/deserialization/MetadataVersion;[BLorg/jetbrains/kotlin/util/PerformanceManager;)Lorg/jetbrains/kotlin/load/kotlin/KotlinClassFinder$Result; 126 <appendix> member <vmtarget> ; # org/jetbrains/kotlin/load/kotlin/KotlinBinaryClassCache$Companion$$Lambda+0x00000008006558e8
instanceKlass org/jetbrains/kotlin/load/kotlin/KotlinClassFinder$Result
instanceKlass org/jetbrains/kotlin/com/intellij/openapi/util/Computable
instanceKlass org/jetbrains/kotlin/load/kotlin/KotlinBinaryClassCache$RequestCache
instanceKlass  @bci org/jetbrains/kotlin/cli/jvm/compiler/CliVirtualFileFinder findBinaryOrSigClass (Lorg/jetbrains/kotlin/name/ClassId;Ljava/lang/String;Ljava/util/Set;)Lorg/jetbrains/kotlin/com/intellij/openapi/vfs/VirtualFile; 8 <appendix> member <vmtarget> ; # org/jetbrains/kotlin/cli/jvm/compiler/CliVirtualFileFinder$$Lambda+0x0000000800657d90
instanceKlass org/jetbrains/kotlin/utils/SmartList$SingletonIteratorBase
instanceKlass org/jetbrains/kotlin/cli/jvm/compiler/KotlinCliJavaFileManagerImpl$WhenMappings
instanceKlass  @bci org/jetbrains/kotlin/cli/jvm/compiler/KotlinCliJavaFileManagerImpl findVirtualFileForTopLevelClass (Lorg/jetbrains/kotlin/name/ClassId;Lorg/jetbrains/kotlin/com/intellij/psi/search/GlobalSearchScope;)Lorg/jetbrains/kotlin/com/intellij/openapi/vfs/VirtualFile; 139 <appendix> member <vmtarget> ; # org/jetbrains/kotlin/cli/jvm/compiler/KotlinCliJavaFileManagerImpl$$Lambda+0x00000008006573e8
instanceKlass org/jetbrains/kotlin/load/java/JavaClassFinder$Request
instanceKlass org/jetbrains/kotlin/fir/java/FirJavaFacadeKt
instanceKlass org/jetbrains/kotlin/fir/resolve/providers/FirSymbolNamesProviderKt
instanceKlass org/jetbrains/kotlin/it/unimi/dsi/fastutil/objects/ObjectList
instanceKlass org/jetbrains/kotlin/it/unimi/dsi/fastutil/objects/ObjectOpenHashSet$a
instanceKlass org/jetbrains/kotlin/fir/resolve/providers/FirCachedSymbolNamesProvider$topLevelClassifierNamesByPackage_delegate$lambda$0$$inlined$createCache$1
instanceKlass org/jetbrains/kotlin/fir/caches/FirCacheWithPostComputeKt
instanceKlass  @bci org/jetbrains/kotlin/fir/scopes/impl/FirAbstractSimpleImportingScope processClassifiersByNameWithSubstitution (Lorg/jetbrains/kotlin/name/Name;Lkotlin/jvm/functions/Function2;)V 36 <appendix> member <vmtarget> ; # org/jetbrains/kotlin/fir/scopes/impl/FirAbstractSimpleImportingScope$$Lambda+0x0000000800652f28
instanceKlass  @bci org/jetbrains/kotlin/fir/resolve/providers/impl/FirTypeResolverImpl resolveUserTypeToSymbol (Lorg/jetbrains/kotlin/fir/types/FirUserTypeRef;Lorg/jetbrains/kotlin/fir/resolve/TypeResolutionConfiguration;Lorg/jetbrains/kotlin/fir/resolve/SupertypeSupplier;Z)Lorg/jetbrains/kotlin/fir/resolve/providers/impl/FirTypeCandidateCollector$TypeResolutionResult; 392 <appendix> member <vmtarget> ; # org/jetbrains/kotlin/fir/resolve/providers/impl/FirTypeResolverImpl$$Lambda+0x0000000800652cd0
instanceKlass org/jetbrains/kotlin/fir/resolve/providers/impl/FirTypeCandidateCollector
instanceKlass org/jetbrains/kotlin/fir/resolve/FirQualifierResolverKt
instanceKlass org/jetbrains/kotlin/fir/resolve/FirTypeResolverKt
instanceKlass org/jetbrains/kotlin/fir/resolve/TypeResolutionConfiguration$Companion
instanceKlass org/jetbrains/kotlin/fir/resolve/dfa/cfg/ControlFlowGraphBuilderKt
instanceKlass org/jetbrains/kotlin/fir/resolve/transformers/FirSupertypesResolutionKt
instanceKlass  @bci org/jetbrains/kotlin/fir/resolve/transformers/FirSupertypeResolverVisitor prepareFileScopes (Lorg/jetbrains/kotlin/fir/declarations/FirFile;)Lorg/jetbrains/kotlin/kotlinx/collections/immutable/PersistentList; 7 <appendix> member <vmtarget> ; # org/jetbrains/kotlin/fir/resolve/transformers/FirSupertypeResolverVisitor$$Lambda+0x0000000800651d20
instanceKlass org/jetbrains/kotlin/fir/resolve/transformers/SupertypeComputationStatus
instanceKlass  @bci org/jetbrains/kotlin/fir/deserialization/FirMemberDeserializerKt toLazyEffectiveVisibility (Lorg/jetbrains/kotlin/descriptors/Visibility;Lorg/jetbrains/kotlin/fir/symbols/impl/FirClassLikeSymbol;Lorg/jetbrains/kotlin/fir/FirSession;Z)Lkotlin/Lazy; 19 <adapter> ; # java/lang/invoke/LambdaForm$MH+0x0000000800654c00
# instanceKlass java/lang/invoke/LambdaForm$DMH+0x0000000800654800
instanceKlass  @bci org/jetbrains/kotlin/fir/deserialization/FirMemberDeserializerKt toLazyEffectiveVisibility (Lorg/jetbrains/kotlin/descriptors/Visibility;Lorg/jetbrains/kotlin/fir/symbols/impl/FirClassLikeSymbol;Lorg/jetbrains/kotlin/fir/FirSession;Z)Lkotlin/Lazy; 19 <appendix> form vmentry <vmtarget> ; # java/lang/invoke/LambdaForm$DMH+0x0000000800654400
instanceKlass  @bci org/jetbrains/kotlin/fir/resolve/transformers/FirSupertypeResolverVisitor resolveSpecificClassLikeSupertypes (Lorg/jetbrains/kotlin/fir/declarations/FirClassLikeDeclaration;Ljava/util/List;Z)Ljava/util/List; 20 <appendix> member <vmtarget> ; # org/jetbrains/kotlin/fir/resolve/transformers/FirSupertypeResolverVisitor$$Lambda+0x00000008006511e0
instanceKlass  @cpi org/jetbrains/kotlin/fir/resolve/transformers/FirSupertypeResolverVisitor 714 form vmentry <vmtarget> ; # java/lang/invoke/LambdaForm$DMH+0x0000000800654000
instanceKlass org/jetbrains/kotlin/fir/resolve/TypeResolutionConfiguration
instanceKlass org/jetbrains/kotlin/fir/resolve/ResolveUtilsKt
instanceKlass org/jetbrains/kotlin/fir/declarations/DeprecationAnnotationInfoPerUseSiteStorage
instanceKlass org/jetbrains/kotlin/fir/declarations/FirAnnotationsPlatformSpecificSupportComponentKt
instanceKlass org/jetbrains/kotlin/fir/declarations/DeprecationAnnotationInfoPerUseSiteStorageBuilder
instanceKlass org/jetbrains/kotlin/fir/declarations/FirVersionRequirementsTableKeyKt
instanceKlass org/jetbrains/kotlin/fir/scopes/impl/FirAbstractImportingScopeKt
instanceKlass org/jetbrains/kotlin/fir/declarations/DeclarationUtilsKt
instanceKlass org/jetbrains/kotlin/fir/declarations/DeprecationUtilsKt
instanceKlass org/jetbrains/kotlin/fir/declarations/FirTowerDataElement
instanceKlass org/jetbrains/kotlin/fir/declarations/ImplicitReceiverUtilsKt
instanceKlass org/jetbrains/kotlin/fir/scopes/impl/FirPackageMemberScopeKt
instanceKlass org/jetbrains/kotlin/utils/WrappedValues$ThrowableWrapper
instanceKlass org/jetbrains/kotlin/fir/scopes/DefaultSimpleImportKey
instanceKlass  @bci org/jetbrains/kotlin/fir/scopes/impl/FirExplicitStarImportingScope <init> (Lorg/jetbrains/kotlin/fir/FirSession;Lorg/jetbrains/kotlin/fir/resolve/ScopeSession;Ljava/util/List;Ljava/util/Set;)V 19 <appendix> member <vmtarget> ; # org/jetbrains/kotlin/fir/scopes/impl/FirExplicitStarImportingScope$$Lambda+0x000000080064d220
instanceKlass org/jetbrains/kotlin/fir/resolve/providers/impl/FirBuiltinSymbolProvidersKt
instanceKlass org/jetbrains/kotlin/fir/scopes/FirDefaultImportProviderHolderKt
instanceKlass org/jetbrains/kotlin/fir/scopes/FirLookupDefaultStarImportsInSourcesSettingHolderKt
instanceKlass org/jetbrains/kotlin/fir/scopes/impl/DefaultStarImportingScopeMarker
instanceKlass org/jetbrains/kotlin/fir/scopes/DefaultStarImportKey
instanceKlass org/jetbrains/kotlin/fir/FirImportTrackerComponent
instanceKlass org/jetbrains/kotlin/fir/FirImportTrackerComponentKt
instanceKlass org/jetbrains/kotlin/fir/resolve/ScopeSessionKey
instanceKlass org/jetbrains/kotlin/fir/scopes/ImportingScopesKt
instanceKlass org/jetbrains/kotlin/fir/resolve/transformers/plugin/AbstractFirSpecificAnnotationResolveTransformer$transformFile$$inlined$resolveFile$1
instanceKlass org/jetbrains/kotlin/fir/extensions/FirPredicateBasedProviderKt
instanceKlass org/jetbrains/kotlin/fir/resolve/transformers/plugin/CompilerRequiredAnnotationsComputationSession
instanceKlass org/jetbrains/kotlin/descriptors/SourceElement$1
instanceKlass org/jetbrains/kotlin/serialization/deserialization/ClassData
instanceKlass  @bci org/jetbrains/kotlin/fir/resolve/providers/impl/AbstractFirBuiltinSymbolProvider$BuiltInsPackageFragmentWrapper <init> (Lorg/jetbrains/kotlin/fir/resolve/providers/impl/AbstractFirBuiltinSymbolProvider$BuiltInsPackageFragment;Lorg/jetbrains/kotlin/name/FqName;Lorg/jetbrains/kotlin/fir/FirModuleData;Lorg/jetbrains/kotlin/fir/scopes/FirKotlinScopeProvider;Z)V 145 <appendix> member <vmtarget> ; # org/jetbrains/kotlin/fir/resolve/providers/impl/AbstractFirBuiltinSymbolProvider$BuiltInsPackageFragmentWrapper$$Lambda+0x0000000800641248
instanceKlass org/jetbrains/kotlin/fir/resolve/providers/impl/AbstractFirBuiltinSymbolProvider$BuiltInsPackageFragmentWrapper$special$$inlined$createCache$1
instanceKlass  @bci org/jetbrains/kotlin/fir/resolve/providers/impl/AbstractFirBuiltinSymbolProvider$BuiltInsPackageFragmentWrapper <init> (Lorg/jetbrains/kotlin/fir/resolve/providers/impl/AbstractFirBuiltinSymbolProvider$BuiltInsPackageFragment;Lorg/jetbrains/kotlin/name/FqName;Lorg/jetbrains/kotlin/fir/FirModuleData;Lorg/jetbrains/kotlin/fir/scopes/FirKotlinScopeProvider;Z)V 86 <appendix> member <vmtarget> ; # org/jetbrains/kotlin/fir/resolve/providers/impl/AbstractFirBuiltinSymbolProvider$BuiltInsPackageFragmentWrapper$$Lambda+0x0000000800640d98
instanceKlass  @bci org/jetbrains/kotlin/fir/resolve/providers/impl/AbstractFirBuiltinSymbolProvider$BuiltInsPackageFragmentWrapper <init> (Lorg/jetbrains/kotlin/fir/resolve/providers/impl/AbstractFirBuiltinSymbolProvider$BuiltInsPackageFragment;Lorg/jetbrains/kotlin/name/FqName;Lorg/jetbrains/kotlin/fir/FirModuleData;Lorg/jetbrains/kotlin/fir/scopes/FirKotlinScopeProvider;Z)V 80 <appendix> argL0 ; # org/jetbrains/kotlin/fir/resolve/providers/impl/AbstractFirBuiltinSymbolProvider$BuiltInsPackageFragmentWrapper$$Lambda+0x0000000800640b48
instanceKlass  @bci org/jetbrains/kotlin/fir/resolve/providers/impl/AbstractFirBuiltinSymbolProvider$BuiltInsPackageFragmentWrapper <init> (Lorg/jetbrains/kotlin/fir/resolve/providers/impl/AbstractFirBuiltinSymbolProvider$BuiltInsPackageFragment;Lorg/jetbrains/kotlin/name/FqName;Lorg/jetbrains/kotlin/fir/FirModuleData;Lorg/jetbrains/kotlin/fir/scopes/FirKotlinScopeProvider;Z)V 58 <appendix> member <vmtarget> ; # org/jetbrains/kotlin/fir/resolve/providers/impl/AbstractFirBuiltinSymbolProvider$BuiltInsPackageFragmentWrapper$$Lambda+0x00000008006408f0
instanceKlass org/jetbrains/kotlin/fir/deserialization/FirMemberDeserializer
instanceKlass org/jetbrains/kotlin/fir/resolve/providers/impl/AbstractFirBuiltinSymbolProvider$BuiltInsPackageFragmentWrapper
instanceKlass org/jetbrains/kotlin/resolve/jvm/KotlinJavaPsiFacade$3
instanceKlass org/jetbrains/kotlin/fir/caches/NullableMap$NullValue
instanceKlass org/jetbrains/kotlin/fir/declarations/builder/FirResolvedImportBuilder
instanceKlass org/jetbrains/kotlin/fir/resolve/transformers/PackageAndClass
instanceKlass  @bci org/jetbrains/kotlin/load/java/structure/JavaElementsKt buildLazyValueForMap (Lorg/jetbrains/kotlin/load/java/structure/JavaAnnotationOwner;)Lkotlin/Lazy; 7 <appendix> member <vmtarget> ; # org/jetbrains/kotlin/load/java/structure/JavaElementsKt$$Lambda+0x000000080063f298
instanceKlass org/jetbrains/kotlin/load/java/structure/JavaElementsKt
instanceKlass org/jetbrains/kotlin/load/java/structure/impl/source/JavaElementPsiSource
instanceKlass org/jetbrains/kotlin/load/java/structure/impl/JavaElementImpl
instanceKlass org/jetbrains/kotlin/load/java/structure/impl/source/JavaSourceFactoryOwner
instanceKlass org/jetbrains/kotlin/load/java/structure/MapBasedJavaAnnotationOwner
instanceKlass org/jetbrains/kotlin/load/java/structure/JavaPackage
instanceKlass org/jetbrains/kotlin/load/java/structure/impl/source/JavaElementSourceFactory$Companion
instanceKlass  @bci org/jetbrains/kotlin/cli/jvm/compiler/KotlinCliJavaFileManagerImpl findPackage (Ljava/lang/String;)Lorg/jetbrains/kotlin/com/intellij/psi/PsiPackage; 45 <appendix> member <vmtarget> ; # org/jetbrains/kotlin/cli/jvm/compiler/KotlinCliJavaFileManagerImpl$$Lambda+0x000000080063c298
instanceKlass  @bci org/jetbrains/kotlin/cli/jvm/compiler/KotlinCliJavaFileManagerImplKt toSafeFqName (Ljava/lang/String;)Lorg/jetbrains/kotlin/name/FqName; 1 <appendix> member <vmtarget> ; # org/jetbrains/kotlin/cli/jvm/compiler/KotlinCliJavaFileManagerImplKt$$Lambda+0x000000080063c040
instanceKlass org/jetbrains/kotlin/cli/jvm/compiler/KotlinCliJavaFileManagerImplKt
instanceKlass org/jetbrains/kotlin/resolve/jvm/KotlinJavaPsiFacade$PackageCache
instanceKlass  @bci org/jetbrains/kotlin/cli/jvm/compiler/KotlinCliJavaFileManagerImpl knownClassNamesInPackage (Lorg/jetbrains/kotlin/name/FqName;)Ljava/util/Set; 33 <appendix> member <vmtarget> ; # org/jetbrains/kotlin/cli/jvm/compiler/KotlinCliJavaFileManagerImpl$$Lambda+0x000000080063b4c8
instanceKlass org/jetbrains/kotlin/com/intellij/psi/util/PsiUtilCore$NullPsiElement
instanceKlass org/jetbrains/kotlin/com/intellij/psi/util/PsiUtilCore
instanceKlass  @bci org/jetbrains/kotlin/resolve/jvm/KotlinJavaPsiFacade calcFinders ()[Lorg/jetbrains/kotlin/resolve/jvm/KotlinJavaPsiFacade$KotlinPsiElementFinderWrapper; 149 <appendix> argL0 ; # org/jetbrains/kotlin/resolve/jvm/KotlinJavaPsiFacade$$Lambda+0x00000008006392e8
instanceKlass org/jetbrains/kotlin/resolve/jvm/KotlinSafeClassFinder
instanceKlass org/jetbrains/kotlin/resolve/jvm/KotlinJavaPsiFacade$CliFinder
instanceKlass org/jetbrains/kotlin/fir/resolve/transformers/ImportUtilsKt
instanceKlass org/jetbrains/kotlin/fir/FirLookupTrackerComponent
instanceKlass org/jetbrains/kotlin/fir/FirLookupTrackerComponentKt
instanceKlass org/jetbrains/kotlin/fir/visitors/FirTransformerUtilKt
instanceKlass org/jetbrains/kotlin/fir/symbols/FirLazyDeclarationResolverKt
instanceKlass org/jetbrains/kotlin/fir/resolve/transformers/body/resolve/ImplicitBodyResolveComputationSession
instanceKlass org/jetbrains/kotlin/fir/resolve/calls/overloads/ConeOverloadConflictResolver$SpecificityComparisonWithNumerics$1
instanceKlass org/jetbrains/kotlin/resolve/calls/results/SpecificityComparisonCallbacks
instanceKlass org/jetbrains/kotlin/fir/resolve/calls/overloads/ConeEquivalentCallConflictResolver$Companion
instanceKlass org/jetbrains/kotlin/fir/resolve/calls/overloads/ConeCallConflictResolver
instanceKlass org/jetbrains/kotlin/fir/resolve/inference/InferenceComponentsKt
instanceKlass org/jetbrains/kotlin/fir/resolve/calls/overloads/ConeCallConflictResolverKt
instanceKlass org/jetbrains/kotlin/fir/resolve/calls/overloads/FirOverloadByLambdaReturnTypeResolver
instanceKlass org/jetbrains/kotlin/fir/resolve/calls/tower/TowerResolveManager
instanceKlass org/jetbrains/kotlin/fir/resolve/calls/tower/TowerGroupKind$Companion
instanceKlass  @bci org/jetbrains/kotlin/fir/resolve/calls/tower/TowerGroup <clinit> ()V 47 <appendix> member <vmtarget> ; # org/jetbrains/kotlin/fir/resolve/calls/tower/TowerGroup$$Lambda+0x0000000800629e68
instanceKlass org/jetbrains/kotlin/fir/resolve/calls/tower/TowerGroupKind
instanceKlass org/jetbrains/kotlin/fir/resolve/calls/tower/TowerGroup$Companion
instanceKlass org/jetbrains/kotlin/fir/resolve/calls/tower/TowerGroup
instanceKlass org/jetbrains/kotlin/fir/resolve/calls/candidate/CandidateCollector
instanceKlass org/jetbrains/kotlin/fir/resolve/calls/tower/FirTowerResolver
instanceKlass org/jetbrains/kotlin/fir/extensions/FirFunctionCallRefinementExtensionKt
instanceKlass org/jetbrains/kotlin/fir/extensions/FirAssignExpressionAltererExtensionKt
instanceKlass org/jetbrains/kotlin/fir/resolve/transformers/body/resolve/FirArrayOfCallTransformer$Companion
instanceKlass org/jetbrains/kotlin/fir/resolve/transformers/WhenExhaustivenessChecker
instanceKlass org/jetbrains/kotlin/fir/resolve/transformers/FirWhenExhaustivenessTransformer$Companion
instanceKlass org/jetbrains/kotlin/fir/resolve/calls/ResolutionContext
instanceKlass  @bci org/jetbrains/kotlin/fir/resolve/transformers/body/resolve/FirAbstractBodyResolveTransformer$BodyResolveTransformerComponents <init> (Lorg/jetbrains/kotlin/fir/FirSession;Lorg/jetbrains/kotlin/fir/resolve/ScopeSession;Lorg/jetbrains/kotlin/fir/resolve/transformers/body/resolve/FirAbstractBodyResolveTransformerDispatcher;Lorg/jetbrains/kotlin/fir/resolve/transformers/body/resolve/BodyResolveContext;Z)V 196 <appendix> member <vmtarget> ; # org/jetbrains/kotlin/fir/resolve/transformers/body/resolve/FirAbstractBodyResolveTransformer$BodyResolveTransformerComponents$$Lambda+0x0000000800622a78
instanceKlass  @bci org/jetbrains/kotlin/fir/resolve/transformers/body/resolve/FirAbstractBodyResolveTransformer$BodyResolveTransformerComponents <init> (Lorg/jetbrains/kotlin/fir/FirSession;Lorg/jetbrains/kotlin/fir/resolve/ScopeSession;Lorg/jetbrains/kotlin/fir/resolve/transformers/body/resolve/FirAbstractBodyResolveTransformerDispatcher;Lorg/jetbrains/kotlin/fir/resolve/transformers/body/resolve/BodyResolveContext;Z)V 180 <appendix> member <vmtarget> ; # org/jetbrains/kotlin/fir/resolve/transformers/body/resolve/FirAbstractBodyResolveTransformer$BodyResolveTransformerComponents$$Lambda+0x0000000800621c00
instanceKlass  @bci org/jetbrains/kotlin/fir/resolve/transformers/body/resolve/FirAbstractBodyResolveTransformer$BodyResolveTransformerComponents <init> (Lorg/jetbrains/kotlin/fir/FirSession;Lorg/jetbrains/kotlin/fir/resolve/ScopeSession;Lorg/jetbrains/kotlin/fir/resolve/transformers/body/resolve/FirAbstractBodyResolveTransformerDispatcher;Lorg/jetbrains/kotlin/fir/resolve/transformers/body/resolve/BodyResolveContext;Z)V 164 <appendix> member <vmtarget> ; # org/jetbrains/kotlin/fir/resolve/transformers/body/resolve/FirAbstractBodyResolveTransformer$BodyResolveTransformerComponents$$Lambda+0x00000008006219a8
instanceKlass org/jetbrains/kotlin/fir/resolve/FirOuterClassManager
instanceKlass  @bci org/jetbrains/kotlin/fir/resolve/transformers/body/resolve/FirAbstractBodyResolveTransformer$BodyResolveTransformerComponents <init> (Lorg/jetbrains/kotlin/fir/FirSession;Lorg/jetbrains/kotlin/fir/resolve/ScopeSession;Lorg/jetbrains/kotlin/fir/resolve/transformers/body/resolve/FirAbstractBodyResolveTransformerDispatcher;Lorg/jetbrains/kotlin/fir/resolve/transformers/body/resolve/BodyResolveContext;Z)V 148 <appendix> member <vmtarget> ; # org/jetbrains/kotlin/fir/resolve/transformers/body/resolve/FirAbstractBodyResolveTransformer$BodyResolveTransformerComponents$$Lambda+0x0000000800621510
instanceKlass org/jetbrains/kotlin/fir/resolve/FirDoubleColonExpressionResolver
instanceKlass  @bci org/jetbrains/kotlin/fir/resolve/transformers/body/resolve/FirAbstractBodyResolveTransformer$BodyResolveTransformerComponents <init> (Lorg/jetbrains/kotlin/fir/FirSession;Lorg/jetbrains/kotlin/fir/resolve/ScopeSession;Lorg/jetbrains/kotlin/fir/resolve/transformers/body/resolve/FirAbstractBodyResolveTransformerDispatcher;Lorg/jetbrains/kotlin/fir/resolve/transformers/body/resolve/BodyResolveContext;Z)V 132 <appendix> member <vmtarget> ; # org/jetbrains/kotlin/fir/resolve/transformers/body/resolve/FirAbstractBodyResolveTransformer$BodyResolveTransformerComponents$$Lambda+0x0000000800621078
instanceKlass org/jetbrains/kotlin/fir/resolve/transformers/FirSyntheticCallGenerator
instanceKlass  @bci org/jetbrains/kotlin/fir/resolve/transformers/body/resolve/FirAbstractBodyResolveTransformer$BodyResolveTransformerComponents <init> (Lorg/jetbrains/kotlin/fir/FirSession;Lorg/jetbrains/kotlin/fir/resolve/ScopeSession;Lorg/jetbrains/kotlin/fir/resolve/transformers/body/resolve/FirAbstractBodyResolveTransformerDispatcher;Lorg/jetbrains/kotlin/fir/resolve/transformers/body/resolve/BodyResolveContext;Z)V 116 <appendix> member <vmtarget> ; # org/jetbrains/kotlin/fir/resolve/transformers/body/resolve/FirAbstractBodyResolveTransformer$BodyResolveTransformerComponents$$Lambda+0x0000000800620be0
instanceKlass org/jetbrains/kotlin/fir/resolve/dfa/FirDataFlowAnalyzer
instanceKlass  @bci org/jetbrains/kotlin/fir/resolve/transformers/body/resolve/FirAbstractBodyResolveTransformer$BodyResolveTransformerComponents <init> (Lorg/jetbrains/kotlin/fir/FirSession;Lorg/jetbrains/kotlin/fir/resolve/ScopeSession;Lorg/jetbrains/kotlin/fir/resolve/transformers/body/resolve/FirAbstractBodyResolveTransformerDispatcher;Lorg/jetbrains/kotlin/fir/resolve/transformers/body/resolve/BodyResolveContext;Z)V 100 <appendix> member <vmtarget> ; # org/jetbrains/kotlin/fir/resolve/transformers/body/resolve/FirAbstractBodyResolveTransformer$BodyResolveTransformerComponents$$Lambda+0x0000000800620708
instanceKlass org/jetbrains/kotlin/fir/resolve/inference/FirCallCompleter
instanceKlass  @bci org/jetbrains/kotlin/fir/resolve/transformers/body/resolve/FirAbstractBodyResolveTransformer$BodyResolveTransformerComponents <init> (Lorg/jetbrains/kotlin/fir/FirSession;Lorg/jetbrains/kotlin/fir/resolve/ScopeSession;Lorg/jetbrains/kotlin/fir/resolve/transformers/body/resolve/FirAbstractBodyResolveTransformerDispatcher;Lorg/jetbrains/kotlin/fir/resolve/transformers/body/resolve/BodyResolveContext;Z)V 84 <appendix> member <vmtarget> ; # org/jetbrains/kotlin/fir/resolve/transformers/body/resolve/FirAbstractBodyResolveTransformer$BodyResolveTransformerComponents$$Lambda+0x0000000800620258
instanceKlass  @bci org/jetbrains/kotlin/fir/resolve/transformers/body/resolve/FirAbstractBodyResolveTransformer$BodyResolveTransformerComponents <init> (Lorg/jetbrains/kotlin/fir/FirSession;Lorg/jetbrains/kotlin/fir/resolve/ScopeSession;Lorg/jetbrains/kotlin/fir/resolve/transformers/body/resolve/FirAbstractBodyResolveTransformerDispatcher;Lorg/jetbrains/kotlin/fir/resolve/transformers/body/resolve/BodyResolveContext;Z)V 66 <appendix> member <vmtarget> ; # org/jetbrains/kotlin/fir/resolve/transformers/body/resolve/FirAbstractBodyResolveTransformer$BodyResolveTransformerComponents$$Lambda+0x0000000800620000
instanceKlass org/jetbrains/kotlin/fir/resolve/calls/FirCallResolver
instanceKlass org/jetbrains/kotlin/fir/resolve/calls/stages/ResolutionStageRunner
instanceKlass org/jetbrains/kotlin/fir/resolve/BodyResolveComponents
instanceKlass org/jetbrains/kotlin/fir/resolve/inference/FirInferenceSession$Companion
instanceKlass org/jetbrains/kotlin/fir/resolve/inference/FirInferenceSession
instanceKlass org/jetbrains/kotlin/fir/resolve/FirSpecialTowerDataContexts
instanceKlass org/jetbrains/kotlin/kotlinx/collections/immutable/implementations/persistentOrderedMap/PersistentOrderedMap$Companion
instanceKlass org/jetbrains/kotlin/fir/util/PersistentSetMultimap
instanceKlass org/jetbrains/kotlin/fir/resolve/ImplicitValueStorage
instanceKlass org/jetbrains/kotlin/fir/declarations/FirTowerDataContext
instanceKlass org/jetbrains/kotlin/fir/resolve/FirRegularTowerDataContexts$Companion
instanceKlass org/jetbrains/kotlin/fir/resolve/FirRegularTowerDataContexts
instanceKlass org/jetbrains/kotlin/fir/resolve/dfa/VariableStorage
instanceKlass org/jetbrains/kotlin/fir/resolve/dfa/FirLocalVariableAssignmentAnalyzer$Companion
instanceKlass org/jetbrains/kotlin/fir/resolve/dfa/FirLocalVariableAssignmentAnalyzer
instanceKlass org/jetbrains/kotlin/fir/resolve/dfa/cfg/TailrecExitNodeMarker
instanceKlass org/jetbrains/kotlin/fir/resolve/dfa/cfg/ExitNodeMarker
instanceKlass org/jetbrains/kotlin/fir/resolve/dfa/cfg/ControlFlowGraphBuilder$PostponedLambdas
instanceKlass org/jetbrains/kotlin/fir/util/BaseMultimap
instanceKlass org/jetbrains/kotlin/fir/util/MutableMultimap
instanceKlass org/jetbrains/kotlin/fir/util/Multimap
instanceKlass org/jetbrains/kotlin/fir/util/MultimapKt
instanceKlass org/jetbrains/kotlin/fir/resolve/dfa/Stack
instanceKlass org/jetbrains/kotlin/fir/resolve/dfa/StackKt
instanceKlass org/jetbrains/kotlin/fir/resolve/dfa/cfg/ControlFlowGraph
instanceKlass org/jetbrains/kotlin/fir/resolve/dfa/cfg/GraphEnterNodeMarker
instanceKlass org/jetbrains/kotlin/fir/resolve/dfa/cfg/EnterNodeMarker
instanceKlass org/jetbrains/kotlin/fir/resolve/dfa/cfg/CFGNode
instanceKlass org/jetbrains/kotlin/fir/resolve/dfa/cfg/ControlFlowGraphBuilder
instanceKlass org/jetbrains/kotlin/fir/resolve/dfa/DataFlowAnalyzerContext
instanceKlass org/jetbrains/kotlin/fir/resolve/transformers/body/resolve/BodyResolveContext
instanceKlass org/jetbrains/kotlin/fir/scopes/CallableCopyTypeCalculator
instanceKlass org/jetbrains/kotlin/fir/resolve/transformers/ReturnTypeCalculatorForFullBodyResolve$Companion
instanceKlass org/jetbrains/kotlin/fir/resolve/transformers/ReturnTypeCalculator
instanceKlass org/jetbrains/kotlin/resolve/calls/mpp/ExpectActualMatchingContext$Companion
instanceKlass org/jetbrains/kotlin/fir/resolve/transformers/mpp/FirExpectActualMatchingContextImpl
instanceKlass org/jetbrains/kotlin/fir/FirExpectActualMatchingContext
instanceKlass org/jetbrains/kotlin/resolve/calls/mpp/ExpectActualMatchingContext
instanceKlass org/jetbrains/kotlin/fir/FirExpectActualMatchingContextKt
instanceKlass org/jetbrains/kotlin/fir/LanguageVersionUtilsKt
instanceKlass org/jetbrains/kotlin/fir/extensions/FirStatusTransformerExtensionKt
instanceKlass org/jetbrains/kotlin/fir/resolve/transformers/FirStatusResolver$Companion
instanceKlass org/jetbrains/kotlin/fir/resolve/transformers/FirStatusResolver
instanceKlass kotlin/collections/MutableMapWithDefaultImpl
instanceKlass kotlin/collections/MutableMapWithDefault
instanceKlass  @bci org/jetbrains/kotlin/fir/resolve/transformers/StatusComputationSession <init> (Lorg/jetbrains/kotlin/fir/FirSession;Lorg/jetbrains/kotlin/fir/resolve/ScopeSession;Ljava/util/Map;)V 48 <appendix> argL0 ; # org/jetbrains/kotlin/fir/resolve/transformers/StatusComputationSession$$Lambda+0x000000080060a9d0
instanceKlass org/jetbrains/kotlin/fir/resolve/transformers/StatusComputationSession
instanceKlass kotlin/collections/ArrayDeque$Companion
instanceKlass org/jetbrains/kotlin/fir/extensions/FirSupertypeGenerationExtensionKt
instanceKlass org/jetbrains/kotlin/fir/resolve/SupertypeSupplier
instanceKlass org/jetbrains/kotlin/fir/resolve/transformers/SupertypeComputationSession
instanceKlass org/jetbrains/kotlin/fir/extensions/FirSwitchableExtensionDeclarationsSymbolProviderKt
instanceKlass org/jetbrains/kotlin/fir/resolve/transformers/FirResolveProcessor
instanceKlass org/jetbrains/kotlin/fir/resolve/transformers/FirTotalResolveProcessorKt$WhenMappings
instanceKlass org/jetbrains/kotlin/fir/resolve/transformers/FirTotalResolveProcessorKt
instanceKlass org/jetbrains/kotlin/fir/resolve/transformers/FirTotalResolveProcessor
instanceKlass org/jetbrains/kotlin/fir/pipeline/AnalyseKt
instanceKlass org/jetbrains/kotlin/fir/expressions/builder/FirThrowExpressionBuilder
instanceKlass org/jetbrains/kotlin/fir/declarations/FirTypeParameterRef
instanceKlass org/jetbrains/kotlin/types/model/TypeParameterMarker
instanceKlass org/jetbrains/kotlin/mpp/TypeParameterSymbolMarker
instanceKlass org/jetbrains/kotlin/fir/declarations/builder/FirTypeParameterBuilder
instanceKlass org/jetbrains/kotlin/fir/references/builder/FirExplicitThisReferenceBuilder
instanceKlass org/jetbrains/kotlin/fir/expressions/builder/FirComponentCallBuilder
instanceKlass  @bci org/jetbrains/kotlin/fir/builder/DestructuringKt addDestructuringVariables$default (Lorg/jetbrains/kotlin/fir/builder/AbstractRawFirBuilder;Ljava/util/List;Lorg/jetbrains/kotlin/fir/builder/DestructuringContext;Lorg/jetbrains/kotlin/fir/FirModuleData;Lorg/jetbrains/kotlin/fir/declarations/FirVariable;Ljava/util/List;ZZZLkotlin/jvm/functions/Function1;ILjava/lang/Object;)V 9 <appendix> argL0 ; # org/jetbrains/kotlin/fir/builder/DestructuringKt$$Lambda+0x00000008005fb070
instanceKlass org/jetbrains/kotlin/fir/builder/DestructuringKt
instanceKlass org/jetbrains/kotlin/fir/lightTree/fir/DestructuringDeclarationKt
instanceKlass org/jetbrains/kotlin/fir/expressions/builder/FirErrorExpressionBuilder
instanceKlass org/jetbrains/kotlin/fir/lightTree/fir/DestructuringDeclaration
instanceKlass org/jetbrains/kotlin/fir/lightTree/fir/DestructuringEntry$Companion
instanceKlass org/jetbrains/kotlin/fir/builder/DestructuringContext
instanceKlass org/jetbrains/kotlin/fir/lightTree/fir/DestructuringEntry
instanceKlass org/jetbrains/kotlin/diagnostics/KtDiagnostic
instanceKlass org/jetbrains/kotlin/diagnostics/DiagnosticWithParameters1Marker
instanceKlass org/jetbrains/kotlin/diagnostics/KtOffsetsOnlyDiagnostic
instanceKlass org/jetbrains/kotlin/diagnostics/KtDiagnosticReportHelpersKt
instanceKlass org/jetbrains/kotlin/fir/references/builder/FirDelegateFieldReferenceBuilder
instanceKlass org/jetbrains/kotlin/fir/expressions/builder/FirCallableReferenceAccessBuilder
instanceKlass org/jetbrains/kotlin/fir/expressions/builder/FirWrappedDelegateExpressionBuilder
instanceKlass org/jetbrains/kotlin/fir/expressions/builder/FirComparisonExpressionBuilder
instanceKlass org/jetbrains/kotlin/fir/expressions/builder/FirAnnotationCallBuilder
instanceKlass org/jetbrains/kotlin/fir/lightTree/converter/LightTreeRawFirExpressionBuilder$IfNodeComponents
instanceKlass org/jetbrains/kotlin/fir/expressions/builder/FirEqualityOperatorCallBuilder
instanceKlass org/jetbrains/kotlin/fir/declarations/builder/FirAnonymousInitializerBuilder
instanceKlass org/jetbrains/kotlin/fir/expressions/builder/FirCheckNotNullCallBuilder
instanceKlass org/jetbrains/kotlin/fir/expressions/builder/FirVariableAssignmentBuilder
instanceKlass  @bci org/jetbrains/kotlin/fir/lightTree/converter/LightTreeRawFirExpressionBuilder convertBinaryExpressionFallback (Lorg/jetbrains/kotlin/com/intellij/lang/LighterASTNode;)Lorg/jetbrains/kotlin/fir/expressions/FirStatement; 1217 <appendix> member <vmtarget> ; # org/jetbrains/kotlin/fir/lightTree/converter/LightTreeRawFirExpressionBuilder$$Lambda+0x00000008005e9460
instanceKlass org/jetbrains/kotlin/psi/psiUtil/PsiUtilsKt
instanceKlass org/jetbrains/kotlin/fir/expressions/builder/FirCatchBuilder
instanceKlass org/jetbrains/kotlin/fir/expressions/builder/FirTryExpressionBuilder
instanceKlass org/jetbrains/kotlin/fir/expressions/builder/FirElseIfTrueConditionBuilder
instanceKlass org/jetbrains/kotlin/fir/expressions/builder/FirRegularWhenBranchBuilder
instanceKlass org/jetbrains/kotlin/fir/expressions/builder/FirAbstractWhenBranchBuilder
instanceKlass org/jetbrains/kotlin/fir/expressions/builder/FirWhenExpressionBuilder
instanceKlass org/jetbrains/kotlin/fir/lightTree/fir/WhenEntry
instanceKlass org/jetbrains/kotlin/fir/lightTree/converter/LightTreeRawFirExpressionBuilder$WhenConditionConvertedResults
instanceKlass org/jetbrains/kotlin/fir/expressions/builder/FirTypeOperatorCallBuilder
instanceKlass org/jetbrains/kotlin/fir/expressions/builder/FirWhenSubjectExpressionBuilder
instanceKlass org/jetbrains/kotlin/fir/expressions/builder/FirGetClassCallBuilder
instanceKlass org/jetbrains/kotlin/fir/expressions/builder/FirContinueExpressionBuilder
instanceKlass org/jetbrains/kotlin/fir/expressions/builder/FirLoopJumpBuilder
instanceKlass  @bci org/jetbrains/kotlin/fir/resolve/calls/tower/ScopeBasedTowerLevel processFunctionsByName (Lorg/jetbrains/kotlin/fir/resolve/calls/candidate/CallInfo;Lorg/jetbrains/kotlin/fir/resolve/calls/tower/TowerLevelProcessor;)Lorg/jetbrains/kotlin/fir/resolve/calls/tower/ProcessResult; 86 <appendix> form vmentry <vmtarget> ; # java/lang/invoke/LambdaForm$DMH+0x00000008005e8000
instanceKlass  @bci org/jetbrains/kotlin/fir/lightTree/converter/LightTreeRawFirExpressionBuilder convertFor (Lorg/jetbrains/kotlin/com/intellij/lang/LighterASTNode;)Lorg/jetbrains/kotlin/fir/FirElement; 925 <appendix> member <vmtarget> ; # org/jetbrains/kotlin/fir/lightTree/converter/LightTreeRawFirExpressionBuilder$$Lambda+0x00000008005e4430
instanceKlass org/jetbrains/kotlin/fir/expressions/builder/FirWhileLoopBuilder
instanceKlass org/jetbrains/kotlin/fir/expressions/builder/FirLoopBuilder
instanceKlass org/jetbrains/kotlin/fir/FirGenerationKt
instanceKlass org/jetbrains/kotlin/fir/expressions/builder/FirNamedArgumentExpressionBuilder
instanceKlass org/jetbrains/kotlin/fir/expressions/builder/FirElvisExpressionBuilder
instanceKlass org/jetbrains/kotlin/fir/expressions/builder/FirSafeCallExpressionBuilder
instanceKlass org/jetbrains/kotlin/fir/FirExpressionRef
instanceKlass org/jetbrains/kotlin/fir/expressions/builder/FirCheckedSafeCallSubjectBuilder
instanceKlass kotlin/collections/ReversedList$listIterator$1
instanceKlass org/jetbrains/kotlin/fir/expressions/builder/FirUnitExpressionBuilder
instanceKlass org/jetbrains/kotlin/fir/types/builder/FirFunctionTypeRefBuilder
instanceKlass org/jetbrains/kotlin/fir/builder/FirFunctionTypeParameterBuilder
instanceKlass org/jetbrains/kotlin/fir/expressions/FirArgumentUtilKt
instanceKlass org/jetbrains/kotlin/com/google/common/math/IntMath$1
instanceKlass org/jetbrains/kotlin/com/google/common/math/MathPreconditions
instanceKlass org/jetbrains/kotlin/com/google/common/math/IntMath
instanceKlass org/jetbrains/kotlin/com/google/common/collect/ImmutableSet$SetBuilderImpl
instanceKlass org/jetbrains/kotlin/types/expressions/OperatorConventions
instanceKlass org/jetbrains/kotlin/fir/expressions/builder/FirEmptyExpressionBlockBuilderKt
instanceKlass org/jetbrains/kotlin/fir/EnumClassUtilsKt
instanceKlass org/jetbrains/kotlin/fir/expressions/builder/FirAnonymousObjectExpressionBuilder
instanceKlass org/jetbrains/kotlin/fir/diagnostics/ConeSyntaxDiagnostic
instanceKlass org/jetbrains/kotlin/fir/types/builder/FirErrorTypeRefBuilder
instanceKlass org/jetbrains/kotlin/mpp/EnumEntrySymbolMarker
instanceKlass org/jetbrains/kotlin/fir/declarations/builder/FirEnumEntryBuilder
instanceKlass org/jetbrains/kotlin/parsing/KotlinParsing$4
instanceKlass org/jetbrains/kotlin/fir/expressions/builder/FirAnonymousFunctionExpressionBuilder
instanceKlass org/jetbrains/kotlin/fir/builder/FirLabelBuilder
instanceKlass org/jetbrains/kotlin/fir/declarations/builder/FirReceiverParameterBuilder
instanceKlass org/jetbrains/kotlin/fir/declarations/builder/FirAnonymousFunctionBuilder
instanceKlass org/jetbrains/kotlin/parsing/BindAll
instanceKlass org/jetbrains/kotlin/parsing/AllCommentsBinder
instanceKlass org/jetbrains/kotlin/parsing/KotlinWhitespaceAndCommentsBindersKt
instanceKlass kotlin/text/MatchNamedGroupCollection
instanceKlass kotlin/text/MatchGroupCollection
instanceKlass kotlin/text/MatcherMatchResult
instanceKlass  @bci org/jetbrains/kotlin/psi/utils/ConstantExpressionUtils hasIllegallyPositionedUnderscore (Ljava/lang/String;Z)Z 23 <appendix> argL0 ; # org/jetbrains/kotlin/psi/utils/ConstantExpressionUtils$$Lambda+0x00000008005ca5d0
instanceKlass  @bci org/jetbrains/kotlin/fir/resolve/dfa/FirDataFlowAnalyzer exitLocalVariableDeclaration (Lorg/jetbrains/kotlin/fir/declarations/FirProperty;Z)V 22 <adapter> ; # java/lang/invoke/LambdaForm$MH+0x00000008005cc800
# instanceKlass java/lang/invoke/LambdaForm$DMH+0x00000008005cc400
instanceKlass  @bci org/jetbrains/kotlin/fir/resolve/dfa/FirDataFlowAnalyzer exitLocalVariableDeclaration (Lorg/jetbrains/kotlin/fir/declarations/FirProperty;Z)V 22 <appendix> form vmentry <vmtarget> ; # java/lang/invoke/LambdaForm$DMH+0x00000008005cc000
instanceKlass  @bci kotlin/text/Regex findAll (Ljava/lang/CharSequence;I)Lkotlin/sequences/Sequence; 64 <appendix> member <vmtarget> ; # kotlin/text/Regex$$Lambda+0x00000008005c9f90
instanceKlass kotlin/text/MatchResult
instanceKlass org/jetbrains/kotlin/fir/types/builder/FirTypeProjectionWithVarianceBuilder
instanceKlass org/jetbrains/kotlin/fir/declarations/builder/FirAnonymousObjectBuilder
instanceKlass org/jetbrains/kotlin/fir/expressions/builder/FirReturnExpressionBuilder
instanceKlass org/jetbrains/kotlin/fir/expressions/builder/FirBooleanOperatorExpressionBuilder
instanceKlass org/jetbrains/kotlin/fir/declarations/builder/FirPropertyAccessorBuilder
instanceKlass org/jetbrains/kotlin/fir/declarations/builder/FirDefaultSetterValueParameterBuilder
instanceKlass  @bci org/jetbrains/kotlin/fir/lightTree/converter/LightTreeRawFirDeclarationBuilder convertPropertyDeclaration (Lorg/jetbrains/kotlin/com/intellij/lang/LighterASTNode;Lorg/jetbrains/kotlin/fir/lightTree/fir/ClassWrapper;)Lorg/jetbrains/kotlin/fir/declarations/FirDeclaration; 135 <appendix> member <vmtarget> ; # org/jetbrains/kotlin/fir/lightTree/converter/LightTreeRawFirDeclarationBuilder$$Lambda+0x00000008005c5c50
instanceKlass org/jetbrains/kotlin/parsing/KotlinParsing$PropertyComponentKind$Collector
instanceKlass org/jetbrains/kotlin/fir/expressions/FirExpressionUtilKt
instanceKlass org/jetbrains/kotlin/utils/NumberWithRadix
instanceKlass org/jetbrains/kotlin/utils/NumbersKt
instanceKlass  @bci org/jetbrains/kotlin/com/intellij/util/text/LiteralFormatUtil <clinit> ()V 0 <appendix> argL0 ; # org/jetbrains/kotlin/com/intellij/util/text/LiteralFormatUtil$$Lambda+0x00000008005c42c0
instanceKlass org/jetbrains/kotlin/com/intellij/openapi/util/text/CharFilter
instanceKlass org/jetbrains/kotlin/com/intellij/util/text/LiteralFormatUtil
instanceKlass org/jetbrains/kotlin/psi/utils/ConstantExpressionUtils
instanceKlass org/jetbrains/kotlin/parsing/ParseUtilsKt
instanceKlass org/jetbrains/kotlin/fir/references/builder/FirResolvedNamedReferenceBuilder
instanceKlass org/jetbrains/kotlin/fir/references/builder/FirImplicitThisReferenceBuilder
instanceKlass org/jetbrains/kotlin/fir/expressions/builder/FirThisReceiverExpressionBuilder
instanceKlass org/jetbrains/kotlin/fir/types/FirTypeUtilsKt
instanceKlass  @bci org/jetbrains/kotlin/fir/builder/AbstractRawFirBuilder$DataClassMembersGenerator generateCopyFunction ()V 61 <appendix> member <vmtarget> ; # org/jetbrains/kotlin/fir/builder/AbstractRawFirBuilder$DataClassMembersGenerator$$Lambda+0x00000008005c18b0
instanceKlass  @bci org/jetbrains/kotlin/fir/builder/AbstractRawFirBuilder$DataClassMembersGenerator generateCopyFunction ()V 48 <appendix> member <vmtarget> ; # org/jetbrains/kotlin/fir/builder/AbstractRawFirBuilder$DataClassMembersGenerator$$Lambda+0x00000008005c1658
instanceKlass  @bci org/jetbrains/kotlin/fir/lightTree/converter/LightTreeRawFirDeclarationBuilder convertClass (Lorg/jetbrains/kotlin/com/intellij/lang/LighterASTNode;)Lorg/jetbrains/kotlin/fir/declarations/FirDeclaration; 6090 <appendix> member <vmtarget> ; # org/jetbrains/kotlin/fir/lightTree/converter/LightTreeRawFirDeclarationBuilder$$Lambda+0x00000008005c1400
instanceKlass org/jetbrains/kotlin/fir/builder/AbstractRawFirBuilder$DataClassMembersGenerator
instanceKlass org/jetbrains/kotlin/fir/declarations/utils/DeclarationAttributesKt
instanceKlass org/jetbrains/kotlin/fir/declarations/impl/FirDefaultPropertyAccessorKt
instanceKlass org/jetbrains/kotlin/fir/declarations/impl/FirDefaultPropertyAccessor$Companion
instanceKlass org/jetbrains/kotlin/fir/builder/AbstractRawFirBuilderKt
instanceKlass org/jetbrains/kotlin/fir/references/builder/FirPropertyFromParameterResolvedNamedReferenceBuilder
instanceKlass org/jetbrains/kotlin/fir/declarations/builder/FirPropertyBuilder
instanceKlass org/jetbrains/kotlin/fir/declarations/builder/FirVariableBuilder
instanceKlass org/jetbrains/kotlin/fir/expressions/builder/FirConstExpressionBuilderKt
instanceKlass org/jetbrains/kotlin/types/ConstantValueKind
instanceKlass org/jetbrains/kotlin/fir/expressions/builder/FirStringConcatenationCallBuilder
instanceKlass  @bci org/jetbrains/kotlin/fir/builder/AbstractRawFirBuilder toInterpolatingCall$default (Lorg/jetbrains/kotlin/fir/builder/AbstractRawFirBuilder;[Ljava/lang/Object;Ljava/lang/Object;Lkotlin/jvm/functions/Function1;Lkotlin/jvm/functions/Function2;Lkotlin/jvm/functions/Function0;ILjava/lang/Object;)Lorg/jetbrains/kotlin/fir/expressions/FirExpression; 24 <appendix> member <vmtarget> ; # org/jetbrains/kotlin/fir/builder/AbstractRawFirBuilder$$Lambda+0x00000008005b8bb0
instanceKlass  @bci org/jetbrains/kotlin/fir/lightTree/converter/LightTreeRawFirExpressionBuilder convertStringTemplate (Lorg/jetbrains/kotlin/com/intellij/lang/LighterASTNode;)Lorg/jetbrains/kotlin/fir/expressions/FirExpression; 21 <appendix> member <vmtarget> ; # org/jetbrains/kotlin/fir/lightTree/converter/LightTreeRawFirExpressionBuilder$$Lambda+0x00000008005b8958
instanceKlass  @bci org/jetbrains/kotlin/fir/lightTree/converter/LightTreeRawFirExpressionBuilder convertStringTemplate (Lorg/jetbrains/kotlin/com/intellij/lang/LighterASTNode;)Lorg/jetbrains/kotlin/fir/expressions/FirExpression; 14 <appendix> member <vmtarget> ; # org/jetbrains/kotlin/fir/lightTree/converter/LightTreeRawFirExpressionBuilder$$Lambda+0x00000008005b8700
instanceKlass org/jetbrains/kotlin/parsing/DoNotBindAnything
instanceKlass org/jetbrains/kotlin/lexer/_JetLexer$State
instanceKlass org/jetbrains/kotlin/fir/resolve/providers/impl/FirProviderImplKt$sam$java_util_function_BiFunction$0
instanceKlass org/jetbrains/kotlin/fir/resolve/providers/impl/FirProviderImpl$FirRecorder$registerCallable$1
instanceKlass org/jetbrains/kotlin/fir/FirNameConflictsTrackerComponentKt
instanceKlass org/jetbrains/kotlin/fir/resolve/providers/impl/FirProviderImpl$FirRecorderData
instanceKlass  @bci org/jetbrains/kotlin/fir/resolve/providers/impl/FirProviderImpl recordFile (Lorg/jetbrains/kotlin/fir/declarations/FirFile;Lorg/jetbrains/kotlin/fir/resolve/providers/impl/FirProviderImpl$State;)V 31 <appendix> argL0 ; # org/jetbrains/kotlin/fir/resolve/providers/impl/FirProviderImpl$$Lambda+0x00000008005b6548
instanceKlass  @bci org/jetbrains/kotlin/fir/resolve/providers/impl/FirProviderImpl recordFile (Lorg/jetbrains/kotlin/fir/declarations/FirFile;Lorg/jetbrains/kotlin/fir/resolve/providers/impl/FirProviderImpl$State;)V 19 <appendix> member <vmtarget> ; # org/jetbrains/kotlin/fir/resolve/providers/impl/FirProviderImpl$$Lambda+0x00000008005b62e0
instanceKlass  @bci org/jetbrains/kotlin/fir/resolve/providers/impl/FirProviderImpl recordFile (Lorg/jetbrains/kotlin/fir/declarations/FirFile;Lorg/jetbrains/kotlin/fir/resolve/providers/impl/FirProviderImpl$State;)V 14 <appendix> argL0 ; # org/jetbrains/kotlin/fir/resolve/providers/impl/FirProviderImpl$$Lambda+0x00000008005b6090
instanceKlass org/jetbrains/kotlin/fir/declarations/builder/FirFileBuilder
instanceKlass org/jetbrains/kotlin/fir/declarations/DelegateFieldsMapKt
instanceKlass org/jetbrains/kotlin/fir/declarations/utils/FirDeclarationBuildingUtilsKt
instanceKlass org/jetbrains/kotlin/fir/diagnostics/ConeContractShouldBeFirstStatement
instanceKlass org/jetbrains/kotlin/fir/diagnostics/ConeDiagnostic
instanceKlass org/jetbrains/kotlin/utils/addToStdlib/AddToStdlibKt
instanceKlass kotlin/collections/ReversedListReadOnly$listIterator$1
instanceKlass org/jetbrains/kotlin/fir/expressions/builder/FirBlockBuilder
instanceKlass org/jetbrains/kotlin/fir/expressions/builder/FirPropertyAccessExpressionBuilder
instanceKlass org/jetbrains/kotlin/fir/expressions/builder/FirFunctionCallBuilder
instanceKlass org/jetbrains/kotlin/fir/builder/CalleeAndReceiver
instanceKlass org/jetbrains/kotlin/fir/references/builder/FirSimpleNamedReferenceBuilder
instanceKlass org/jetbrains/kotlin/fir/expressions/builder/FirSuperReceiverExpressionBuilder
instanceKlass org/jetbrains/kotlin/fir/declarations/builder/FirValueParameterBuilder
instanceKlass  @bci org/jetbrains/kotlin/fir/lightTree/fir/ValueParameter <init> (Lorg/jetbrains/kotlin/fir/symbols/impl/FirValueParameterSymbol;ZZLorg/jetbrains/kotlin/fir/lightTree/fir/modifier/ModifierList;Ljava/util/List;Lorg/jetbrains/kotlin/fir/types/FirTypeRef;Lorg/jetbrains/kotlin/KtSourceElement;Lorg/jetbrains/kotlin/fir/FirModuleData;ZZLjava/util/List;Lorg/jetbrains/kotlin/name/Name;Lorg/jetbrains/kotlin/fir/expressions/FirExpression;Lorg/jetbrains/kotlin/fir/symbols/FirBasedSymbol;Lorg/jetbrains/kotlin/fir/lightTree/fir/DestructuringDeclaration;)V 167 <appendix> member <vmtarget> ; # org/jetbrains/kotlin/fir/lightTree/fir/ValueParameter$$Lambda+0x00000008005ada60
instanceKlass  @bci org/jetbrains/kotlin/fir/lightTree/fir/ValueParameter <init> (Lorg/jetbrains/kotlin/fir/symbols/impl/FirValueParameterSymbol;ZZLorg/jetbrains/kotlin/fir/lightTree/fir/modifier/ModifierList;Ljava/util/List;Lorg/jetbrains/kotlin/fir/types/FirTypeRef;Lorg/jetbrains/kotlin/KtSourceElement;Lorg/jetbrains/kotlin/fir/FirModuleData;ZZLjava/util/List;Lorg/jetbrains/kotlin/name/Name;Lorg/jetbrains/kotlin/fir/expressions/FirExpression;Lorg/jetbrains/kotlin/fir/symbols/FirBasedSymbol;Lorg/jetbrains/kotlin/fir/lightTree/fir/DestructuringDeclaration;)V 151 <appendix> member <vmtarget> ; # org/jetbrains/kotlin/fir/lightTree/fir/ValueParameter$$Lambda+0x00000008005ad190
instanceKlass org/jetbrains/kotlin/fir/lightTree/fir/ValueParameter
instanceKlass org/jetbrains/kotlin/mpp/ValueParameterSymbolMarker
instanceKlass org/jetbrains/kotlin/fir/builder/AbstractRawFirBuilder$WhenMappings
instanceKlass  @bci org/jetbrains/kotlin/fir/lightTree/converter/LightTreeRawFirDeclarationBuilder convertValueParameter (Lorg/jetbrains/kotlin/com/intellij/lang/LighterASTNode;Lorg/jetbrains/kotlin/fir/symbols/FirBasedSymbol;Lorg/jetbrains/kotlin/fir/builder/AbstractRawFirBuilder$ValueParameterDeclaration;Ljava/util/List;)Lorg/jetbrains/kotlin/fir/lightTree/fir/ValueParameter; 571 <appendix> member <vmtarget> ; # org/jetbrains/kotlin/fir/lightTree/converter/LightTreeRawFirDeclarationBuilder$$Lambda+0x00000008005ac158
instanceKlass org/jetbrains/kotlin/fir/FirAbstractTarget
instanceKlass org/jetbrains/kotlin/fir/FirTarget
instanceKlass org/jetbrains/kotlin/ElementTypeUtils
instanceKlass  @bci org/jetbrains/kotlin/fir/lightTree/converter/LightTreeRawFirDeclarationBuilder convertFunctionDeclaration (Lorg/jetbrains/kotlin/com/intellij/lang/LighterASTNode;)Lorg/jetbrains/kotlin/fir/expressions/FirStatement; 100 <appendix> member <vmtarget> ; # org/jetbrains/kotlin/fir/lightTree/converter/LightTreeRawFirDeclarationBuilder$$Lambda+0x00000008005ab0e0
instanceKlass org/jetbrains/kotlin/fir/lightTree/fir/PrimaryConstructor
instanceKlass org/jetbrains/kotlin/fir/declarations/FirDeclarationDataRegistry$DeclarationDataAccessor
instanceKlass org/jetbrains/kotlin/fir/declarations/FirDeclarationDataKey
instanceKlass org/jetbrains/kotlin/fir/ClassMembersKt
instanceKlass org/jetbrains/kotlin/fir/declarations/builder/FirPrimaryConstructorBuilder
instanceKlass org/jetbrains/kotlin/fir/declarations/builder/FirAbstractConstructorBuilder
instanceKlass org/jetbrains/kotlin/fir/expressions/builder/FirArgumentListBuilder
instanceKlass org/jetbrains/kotlin/fir/references/builder/FirExplicitSuperReferenceBuilder
instanceKlass org/jetbrains/kotlin/KtSourceElementKt
instanceKlass org/jetbrains/kotlin/fir/UtilsKt
instanceKlass org/jetbrains/kotlin/fir/expressions/builder/FirDelegatedConstructorCallBuilder
instanceKlass org/jetbrains/kotlin/fir/expressions/builder/FirExpressionBuilder
instanceKlass org/jetbrains/kotlin/fir/expressions/FirOperation$Companion
instanceKlass org/jetbrains/kotlin/fir/builder/CharacterWithDiagnostic
instanceKlass org/jetbrains/kotlin/fir/builder/ConversionUtilsKt
instanceKlass org/jetbrains/kotlin/fir/lightTree/fir/ClassWrapper
instanceKlass org/jetbrains/kotlin/fir/lightTree/converter/LightTreeRawFirDeclarationBuilder$DelegationSpecifiers
instanceKlass org/jetbrains/kotlin/fir/lightTree/fir/DelegatedConstructorWrapper
instanceKlass org/jetbrains/kotlin/fir/types/builder/FirUserTypeRefBuilder
instanceKlass org/jetbrains/kotlin/fir/types/impl/FirQualifierPartImpl
instanceKlass org/jetbrains/kotlin/fir/types/FirQualifierPart
instanceKlass org/jetbrains/kotlin/fir/types/impl/FirTypeArgumentListImpl
instanceKlass org/jetbrains/kotlin/fir/types/FirTypeArgumentList
instanceKlass org/jetbrains/kotlin/fir/builder/Context$StatusFirTypeParameterSymbolList
instanceKlass org/jetbrains/kotlin/psi/KtPsiUtil
instanceKlass org/jetbrains/kotlin/fir/lightTree/fir/modifier/ModifierFlag$Companion
instanceKlass org/jetbrains/kotlin/fir/lightTree/fir/modifier/ModifierList
instanceKlass kotlin/properties/NotNullVar
instanceKlass org/jetbrains/kotlin/fir/declarations/builder/FirImportBuilder
instanceKlass org/jetbrains/kotlin/AbstractKtSourceElement
instanceKlass org/jetbrains/kotlin/fir/builder/FirPackageDirectiveBuilder
instanceKlass org/jetbrains/kotlin/fir/lightTree/converter/ConverterUtilKt
instanceKlass org/jetbrains/kotlin/util/LightTreeUtilsKt
instanceKlass org/jetbrains/kotlin/fir/expressions/builder/FirAbstractFunctionCallBuilder
instanceKlass org/jetbrains/kotlin/fir/expressions/builder/FirQualifiedAccessExpressionBuilder
instanceKlass org/jetbrains/kotlin/fir/expressions/builder/FirCallBuilder
instanceKlass org/jetbrains/kotlin/fir/builder/Context
instanceKlass org/jetbrains/kotlin/fir/lightTree/converter/AbstractLightTreeRawFirBuilder$Companion
instanceKlass org/jetbrains/kotlin/fir/builder/AbstractRawFirBuilder$Companion
instanceKlass org/jetbrains/kotlin/fir/builder/AbstractRawFirBuilder
instanceKlass org/jetbrains/kotlin/com/intellij/psi/tree/ILightLazyParseableElementType
instanceKlass org/jetbrains/kotlin/com/intellij/openapi/util/Ref
instanceKlass org/jetbrains/kotlin/com/intellij/lang/impl/PsiBuilderImpl$MyTreeStructure$2
instanceKlass org/jetbrains/kotlin/com/intellij/lang/impl/PsiBuilderImpl$MyTreeStructure$1
instanceKlass org/jetbrains/kotlin/com/intellij/util/containers/LimitedPool
instanceKlass org/jetbrains/kotlin/com/intellij/lang/LighterASTTokenNode
instanceKlass org/jetbrains/kotlin/com/intellij/lang/LighterLazyParseableNode
instanceKlass org/jetbrains/kotlin/com/intellij/lang/impl/PsiBuilderImpl$Token
instanceKlass org/jetbrains/kotlin/com/intellij/util/containers/LimitedPool$ObjectFactory
instanceKlass org/jetbrains/kotlin/com/intellij/lang/impl/PsiBuilderImpl$MyTreeStructure
instanceKlass org/jetbrains/kotlin/com/intellij/util/text/CharSequenceSubSequence
instanceKlass org/jetbrains/kotlin/com/intellij/lang/WhitespacesAndCommentsBinder$RecursiveBinder
instanceKlass org/jetbrains/kotlin/com/intellij/lang/impl/PsiBuilderImpl$RelativeTokenTextView
instanceKlass org/jetbrains/kotlin/parsing/PrecedingCommentsBinder
instanceKlass  @bci org/jetbrains/kotlin/com/intellij/lang/impl/MarkerProduction findMarkerAtLexeme (I)I 10 <appendix> member <vmtarget> ; # org/jetbrains/kotlin/com/intellij/lang/impl/MarkerProduction$$Lambda+0x0000000800594c80
instanceKlass java/util/function/IntUnaryOperator
instanceKlass org/jetbrains/kotlin/psi/stubs/elements/KtTokenSets
instanceKlass org/jetbrains/kotlin/parsing/PrecedingDocCommentsBinder
instanceKlass  @bci org/jetbrains/kotlin/parsing/KotlinParsing parseValueParameterList (ZZLorg/jetbrains/kotlin/com/intellij/psi/tree/TokenSet;)V 45 <appendix> member <vmtarget> ; # org/jetbrains/kotlin/parsing/KotlinParsing$$Lambda+0x00000008005945a8
instanceKlass  @cpi org/jetbrains/kotlin/parsing/KotlinParsing 1608 form vmentry <vmtarget> ; # java/lang/invoke/LambdaForm$DMH+0x0000000800580400
instanceKlass org/jetbrains/kotlin/parsing/AbstractKotlinParsing$OptionalMarker
instanceKlass org/jetbrains/kotlin/parsing/KotlinParsing$ModifierDetector
instanceKlass org/jetbrains/kotlin/com/intellij/lang/WhitespacesBinders$2
instanceKlass org/jetbrains/kotlin/com/intellij/lang/WhitespacesBinders$1
instanceKlass org/jetbrains/kotlin/com/intellij/lang/WhitespacesBinders
instanceKlass org/jetbrains/kotlin/parsing/TrailingCommentsBinder
instanceKlass org/jetbrains/kotlin/it/unimi/dsi/fastutil/Arrays
instanceKlass org/jetbrains/kotlin/lang/BinaryOperationPrecedence$Companion
instanceKlass org/jetbrains/kotlin/com/google/common/collect/Hashing
instanceKlass org/jetbrains/kotlin/com/google/common/collect/ImmutableCollection$Builder
instanceKlass org/jetbrains/kotlin/com/google/common/collect/ImmutableMap$Builder
instanceKlass org/jetbrains/kotlin/parsing/AbstractTokenStreamPredicate
instanceKlass org/jetbrains/kotlin/parsing/AbstractTokenStreamPattern
instanceKlass org/jetbrains/kotlin/parsing/TokenStreamPattern
instanceKlass org/jetbrains/kotlin/parsing/Consumer
instanceKlass org/jetbrains/kotlin/parsing/TokenStreamPredicate
instanceKlass org/jetbrains/kotlin/com/intellij/lang/WhitespacesAndCommentsBinder
instanceKlass org/jetbrains/kotlin/parsing/AbstractKotlinParsing
instanceKlass org/jetbrains/kotlin/com/intellij/lang/impl/PsiBuilderAdapter
instanceKlass org/jetbrains/kotlin/parsing/SemanticWhitespaceAwarePsiBuilder
instanceKlass org/jetbrains/kotlin/com/intellij/lang/impl/TokenSequence$Builder
instanceKlass org/jetbrains/kotlin/com/intellij/lang/impl/TokenSequence
instanceKlass org/jetbrains/kotlin/com/intellij/lexer/TokenList
instanceKlass java/util/BitSet
instanceKlass org/jetbrains/kotlin/it/unimi/dsi/fastutil/ints/IntArrays$a
instanceKlass org/jetbrains/kotlin/it/unimi/dsi/fastutil/ints/IntArrays$Segment
instanceKlass org/jetbrains/kotlin/it/unimi/dsi/fastutil/ints/IntArrays
instanceKlass org/jetbrains/kotlin/it/unimi/dsi/fastutil/ints/IntListIterator
instanceKlass org/jetbrains/kotlin/it/unimi/dsi/fastutil/ints/IntBidirectionalIterator
instanceKlass org/jetbrains/kotlin/it/unimi/dsi/fastutil/objects/ObjectBidirectionalIterator
instanceKlass org/jetbrains/kotlin/it/unimi/dsi/fastutil/a
instanceKlass org/jetbrains/kotlin/it/unimi/dsi/fastutil/ints/IntIterator
instanceKlass java/util/PrimitiveIterator$OfInt
instanceKlass java/util/PrimitiveIterator
instanceKlass java/util/function/IntConsumer
instanceKlass org/jetbrains/kotlin/it/unimi/dsi/fastutil/ints/IntSpliterator
instanceKlass org/jetbrains/kotlin/it/unimi/dsi/fastutil/ints/IntStack
instanceKlass org/jetbrains/kotlin/com/intellij/lang/impl/MarkerPool
instanceKlass org/jetbrains/kotlin/com/intellij/lang/WhitespacesAndCommentsBinder$TokenTextGetter
instanceKlass org/jetbrains/kotlin/com/intellij/lang/PsiBuilder$Marker
instanceKlass org/jetbrains/kotlin/com/intellij/lang/impl/PsiBuilderImpl$ProductionMarker
instanceKlass org/jetbrains/kotlin/com/intellij/lang/impl/PsiBuilderImpl$Node
instanceKlass org/jetbrains/kotlin/com/intellij/lang/SyntaxTreeBuilder$Marker
instanceKlass org/jetbrains/kotlin/com/intellij/util/diff/ShallowNodeComparator
instanceKlass org/jetbrains/kotlin/com/intellij/util/diff/DiffTreeChangeBuilder
instanceKlass org/jetbrains/kotlin/com/intellij/openapi/util/UnprotectedUserDataHolder
instanceKlass org/jetbrains/kotlin/lexer/_JetLexer
instanceKlass org/jetbrains/kotlin/com/intellij/lexer/FlexLexer
instanceKlass org/jetbrains/kotlin/com/intellij/lexer/LexerPosition
instanceKlass org/jetbrains/kotlin/parsing/KotlinLightParser
instanceKlass  @bci org/jetbrains/kotlin/fir/lightTree/LightTreeParsingErrorListenerKt toKotlinParsingErrorListener (Lorg/jetbrains/kotlin/diagnostics/DiagnosticReporter;Lorg/jetbrains/kotlin/KtSourceFile;Lorg/jetbrains/kotlin/config/LanguageVersionSettings;)Lorg/jetbrains/kotlin/parsing/KotlinLightParser$LightTreeParsingErrorListener; 30 <appendix> member <vmtarget> ; # org/jetbrains/kotlin/fir/lightTree/LightTreeParsingErrorListenerKt$$Lambda+0x000000080057e358
instanceKlass  @cpi org/jetbrains/kotlin/fir/lightTree/LightTreeParsingErrorListenerKt 53 form vmentry <vmtarget> ; # java/lang/invoke/LambdaForm$DMH+0x0000000800580000
instanceKlass org/jetbrains/kotlin/parsing/KotlinLightParser$LightTreeParsingErrorListener
instanceKlass org/jetbrains/kotlin/fir/lightTree/LightTreeParsingErrorListenerKt$toKotlinParsingErrorListener$diagnosticContext$1
instanceKlass org/jetbrains/kotlin/fir/lightTree/LightTreeParsingErrorListenerKt
instanceKlass org/jetbrains/kotlin/KtSourceFileLinesMappingFromLineStartOffsets
instanceKlass org/jetbrains/kotlin/KtSourceFileLinesMapping
instanceKlass org/jetbrains/kotlin/KtSourceFileLinesMappingKt
instanceKlass org/jetbrains/kotlin/com/intellij/openapi/vfs/CharsetToolkit
instanceKlass org/jetbrains/kotlin/fir/lightTree/LightTree2Fir
instanceKlass org/jetbrains/kotlin/fir/session/SourcesToPathsMapperKt
instanceKlass org/jetbrains/kotlin/fir/pipeline/FirUtilsKt
instanceKlass org/jetbrains/kotlin/cli/common/SessionWithSources
instanceKlass  @bci org/jetbrains/kotlin/cli/jvm/compiler/VfsBasedProjectEnvironment registerAsJavaElementFinder (Lorg/jetbrains/kotlin/fir/FirSession;)V 299 <appendix> member <vmtarget> ; # org/jetbrains/kotlin/cli/jvm/compiler/VfsBasedProjectEnvironment$$Lambda+0x000000080057c410
instanceKlass org/jetbrains/kotlin/fir/java/FirJavaElementFinder$fileCache$1
instanceKlass org/jetbrains/kotlin/fir/java/FirJavaElementFinderKt
instanceKlass org/jetbrains/kotlin/fir/resolve/providers/FirProviderKt
instanceKlass  @bci org/jetbrains/kotlin/com/intellij/openapi/extensions/impl/ExtensionPointImpl unregisterExtensions (Ljava/util/function/BiPredicate;Z)Z 46 <appendix> member <vmtarget> ; # org/jetbrains/kotlin/com/intellij/openapi/extensions/impl/ExtensionPointImpl$$Lambda+0x000000080057b800
instanceKlass  @bci org/jetbrains/kotlin/com/intellij/openapi/extensions/impl/ExtensionPointImpl unregisterExtension (Ljava/lang/Class;)V 14 <appendix> member <vmtarget> ; # org/jetbrains/kotlin/com/intellij/openapi/extensions/impl/ExtensionPointImpl$$Lambda+0x000000080057b300
instanceKlass java/util/function/BiPredicate
instanceKlass org/jetbrains/kotlin/kotlinx/collections/immutable/PersistentList$Builder
instanceKlass org/jetbrains/kotlin/com/intellij/openapi/vfs/VirtualFileWithId
instanceKlass org/jetbrains/kotlin/it/unimi/dsi/fastutil/ints/IntList
instanceKlass org/jetbrains/kotlin/com/intellij/openapi/vfs/VirtualFileSetEx
instanceKlass org/jetbrains/kotlin/com/intellij/psi/search/impl/VirtualFileEnumeration$1
instanceKlass  @bci org/jetbrains/kotlin/fir/java/JavaSymbolProvider <init> (Lorg/jetbrains/kotlin/fir/FirSession;Lorg/jetbrains/kotlin/fir/java/FirJavaFacade;)V 28 <appendix> member <vmtarget> ; # org/jetbrains/kotlin/fir/java/JavaSymbolProvider$$Lambda+0x0000000800579290
instanceKlass org/jetbrains/kotlin/fir/java/JavaSymbolProvider$ClassCacheContext
instanceKlass org/jetbrains/kotlin/fir/extensions/FirDeclarationGenerationExtensionKt
instanceKlass org/jetbrains/kotlin/fir/extensions/FirExtensionDeclarationsSymbolProvider$Companion
instanceKlass org/jetbrains/kotlin/fir/extensions/FirSwitchableExtensionDeclarationsSymbolProvider$Companion
instanceKlass org/jetbrains/kotlin/fir/session/FirAbstractSessionFactory$WhenMappings
instanceKlass org/jetbrains/kotlin/fir/session/StructuredProvidersKt
instanceKlass org/jetbrains/kotlin/fir/session/FirAbstractSessionFactory$computeDependencyProviderList$$inlined$sortedBy$1
instanceKlass org/jetbrains/kotlin/fir/analysis/extensions/FirAdditionalCheckersExtensionKt
instanceKlass  @bci androidx/compose/compiler/plugins/kotlin/k2/ComposableTargetSessionStorage <init> (Lorg/jetbrains/kotlin/fir/FirSession;)V 50 <appendix> member <vmtarget> ; # androidx/compose/compiler/plugins/kotlin/k2/ComposableTargetSessionStorage$$Lambda+0x0000000800575bb8
instanceKlass androidx/compose/compiler/plugins/kotlin/k2/FirInferenceNode
instanceKlass org/jetbrains/kotlin/fir/analysis/checkers/context/CheckerContext
instanceKlass org/jetbrains/kotlin/diagnostics/DiagnosticContext
instanceKlass org/jetbrains/kotlin/fir/extensions/FirExtensionSessionComponent$Companion
instanceKlass org/jetbrains/kotlin/fir/analysis/extensions/FirAdditionalCheckersExtension$Companion
instanceKlass  @bci kotlin/text/StringsKt__IndentKt getIndentFunction$StringsKt__IndentKt (Ljava/lang/String;)Lkotlin/jvm/functions/Function1; 21 <appendix> argL0 ; # kotlin/text/StringsKt__IndentKt$$Lambda+0x0000000800572e88
instanceKlass kotlin/text/LinesIterator$State
instanceKlass kotlin/text/LinesIterator
instanceKlass kotlin/text/StringsKt__StringsKt$lineSequence$$inlined$Sequence$1
instanceKlass org/jetbrains/kotlin/fir/analysis/checkers/config/FirLanguageVersionSettingsChecker
instanceKlass  @bci org/jetbrains/kotlin/fir/analysis/diagnostics/jvm/FirJvmErrorsDefaultMessages <clinit> ()V 13 <appendix> argL0 ; # org/jetbrains/kotlin/fir/analysis/diagnostics/jvm/FirJvmErrorsDefaultMessages$$Lambda+0x00000008005717c0
instanceKlass org/jetbrains/kotlin/name/JvmStandardClassIds$Callables
instanceKlass org/jetbrains/kotlin/builtins/StandardNames$FqNames
instanceKlass org/jetbrains/kotlin/fir/analysis/checkers/expression/AbstractFirReflectionApiCallChecker$Companion
instanceKlass org/jetbrains/kotlin/load/kotlin/SignatureBuildingComponents
instanceKlass org/jetbrains/kotlin/load/java/SpecialGenericSignatures$Companion$NameAndSignature
instanceKlass org/jetbrains/kotlin/builtins/PrimitiveType$Companion
instanceKlass  @bci org/jetbrains/kotlin/builtins/PrimitiveType <init> (Ljava/lang/String;ILjava/lang/String;)V 73 <appendix> member <vmtarget> ; # org/jetbrains/kotlin/builtins/PrimitiveType$$Lambda+0x0000000800565048
instanceKlass  @bci org/jetbrains/kotlin/builtins/PrimitiveType <init> (Ljava/lang/String;ILjava/lang/String;)V 57 <appendix> member <vmtarget> ; # org/jetbrains/kotlin/builtins/PrimitiveType$$Lambda+0x0000000800564df0
instanceKlass org/jetbrains/kotlin/load/java/SpecialGenericSignatures$Companion
instanceKlass org/jetbrains/kotlin/load/java/SpecialGenericSignatures
instanceKlass  @bci org/jetbrains/kotlin/fir/builder/FirSyntaxErrorsDefaultMessages <clinit> ()V 12 <appendix> argL0 ; # org/jetbrains/kotlin/fir/builder/FirSyntaxErrorsDefaultMessages$$Lambda+0x0000000800561c30
instanceKlass org/jetbrains/kotlin/diagnostics/KtDiagnosticFactoryForDeprecation
instanceKlass  @bci org/jetbrains/kotlin/fir/analysis/diagnostics/FirErrorsDefaultMessages <clinit> ()V 13 <appendix> argL0 ; # org/jetbrains/kotlin/fir/analysis/diagnostics/FirErrorsDefaultMessages$$Lambda+0x000000080055e9b0
instanceKlass org/jetbrains/kotlin/KtSourceElementKind
instanceKlass org/jetbrains/kotlin/mpp/PropertySymbolMarker
instanceKlass org/jetbrains/kotlin/fir/diagnostics/FirDiagnosticHolder
instanceKlass org/jetbrains/kotlin/fir/analysis/CheckersComponentKt
instanceKlass org/jetbrains/kotlin/fir/analysis/checkers/expression/FirMissingDependencyClassProxy
instanceKlass org/jetbrains/kotlin/fir/analysis/cfa/AbstractFirPropertyInitializationChecker
instanceKlass org/jetbrains/kotlin/fir/analysis/checkers/cfa/FirControlFlowChecker
instanceKlass org/jetbrains/kotlin/fir/analysis/checkers/declaration/FirValueClassDeclarationChecker$Companion
instanceKlass org/jetbrains/kotlin/fir/expressions/FirCall
instanceKlass org/jetbrains/kotlin/fir/expressions/FirResolvable
instanceKlass org/jetbrains/kotlin/fir/expressions/FirContextArgumentListOwner
instanceKlass org/jetbrains/kotlin/resolve/checkers/OptInNames
instanceKlass org/jetbrains/kotlin/fir/analysis/checkers/syntax/FirSyntaxChecker
instanceKlass org/jetbrains/kotlin/fir/checkers/CheckersContainersKt
instanceKlass org/jetbrains/kotlin/fir/resolve/providers/impl/FirProviderImpl$State
instanceKlass  @bci org/jetbrains/kotlin/fir/session/FirJvmSessionFactory createKotlinScopeProviderForSourceSession (Lorg/jetbrains/kotlin/fir/FirModuleData;Lorg/jetbrains/kotlin/config/LanguageVersionSettings;)Lorg/jetbrains/kotlin/fir/scopes/FirKotlinScopeProvider; 53 <appendix> member <vmtarget> ; # org/jetbrains/kotlin/fir/session/FirJvmSessionFactory$$Lambda+0x000000080052a8f8
instanceKlass org/jetbrains/kotlin/fir/resolve/ScopeSession
instanceKlass org/jetbrains/kotlin/fir/java/FirJvmTargetProvider
instanceKlass org/jetbrains/kotlin/fir/resolve/transformers/mpp/FirExpectActualMatchingContextImpl$Factory
instanceKlass org/jetbrains/kotlin/fir/FirExpectActualMatchingContextFactory
instanceKlass org/jetbrains/kotlin/fir/session/SourcesToPathsMapper
instanceKlass org/jetbrains/kotlin/fir/FirModuleDataKt
instanceKlass org/jetbrains/kotlin/fir/FirModuleVisibilityChecker
instanceKlass org/jetbrains/kotlin/fir/FirNameConflictsTrackerComponent
instanceKlass org/jetbrains/kotlin/fir/analysis/checkers/LanguageVersionSettingsCheckers$Companion
instanceKlass org/jetbrains/kotlin/fir/analysis/checkers/LanguageVersionSettingsCheckers
instanceKlass  @bci org/jetbrains/kotlin/fir/analysis/checkers/type/ComposedTypeCheckers <init> (Lorg/jetbrains/kotlin/fir/analysis/checkers/MppCheckerKind;)V 8 <appendix> member <vmtarget> ; # org/jetbrains/kotlin/fir/analysis/checkers/type/ComposedTypeCheckers$$Lambda+0x0000000800528708
instanceKlass  @bci org/jetbrains/kotlin/fir/analysis/checkers/type/TypeCheckers <init> ()V 73 <appendix> member <vmtarget> ; # org/jetbrains/kotlin/fir/analysis/checkers/type/TypeCheckers$$Lambda+0x00000008005284b0
instanceKlass  @bci org/jetbrains/kotlin/fir/analysis/checkers/type/TypeCheckers <init> ()V 60 <appendix> member <vmtarget> ; # org/jetbrains/kotlin/fir/analysis/checkers/type/TypeCheckers$$Lambda+0x0000000800528258
instanceKlass  @bci org/jetbrains/kotlin/fir/analysis/checkers/type/TypeCheckers <init> ()V 47 <appendix> member <vmtarget> ; # org/jetbrains/kotlin/fir/analysis/checkers/type/TypeCheckers$$Lambda+0x0000000800528000
instanceKlass  @bci org/jetbrains/kotlin/fir/analysis/checkers/type/TypeCheckers <init> ()V 34 <appendix> member <vmtarget> ; # org/jetbrains/kotlin/fir/analysis/checkers/type/TypeCheckers$$Lambda+0x0000000800527c88
instanceKlass org/jetbrains/kotlin/fir/analysis/checkers/type/FirTypeChecker
instanceKlass org/jetbrains/kotlin/fir/analysis/checkers/type/TypeCheckers$Companion
instanceKlass org/jetbrains/kotlin/fir/analysis/checkers/type/TypeCheckers
instanceKlass  @bci org/jetbrains/kotlin/fir/analysis/checkers/expression/ComposedExpressionCheckers <init> (Lorg/jetbrains/kotlin/fir/analysis/checkers/MppCheckerKind;)V 9 <appendix> member <vmtarget> ; # org/jetbrains/kotlin/fir/analysis/checkers/expression/ComposedExpressionCheckers$$Lambda+0x0000000800526c50
instanceKlass  @bci org/jetbrains/kotlin/fir/analysis/checkers/expression/ExpressionCheckers <init> ()V 693 <appendix> member <vmtarget> ; # org/jetbrains/kotlin/fir/analysis/checkers/expression/ExpressionCheckers$$Lambda+0x00000008005269f8
instanceKlass  @bci org/jetbrains/kotlin/fir/analysis/checkers/expression/ExpressionCheckers <init> ()V 680 <appendix> member <vmtarget> ; # org/jetbrains/kotlin/fir/analysis/checkers/expression/ExpressionCheckers$$Lambda+0x00000008005267a0
instanceKlass  @bci org/jetbrains/kotlin/fir/analysis/checkers/expression/ExpressionCheckers <init> ()V 667 <appendix> member <vmtarget> ; # org/jetbrains/kotlin/fir/analysis/checkers/expression/ExpressionCheckers$$Lambda+0x0000000800526548
instanceKlass  @bci org/jetbrains/kotlin/fir/analysis/checkers/expression/ExpressionCheckers <init> ()V 654 <appendix> member <vmtarget> ; # org/jetbrains/kotlin/fir/analysis/checkers/expression/ExpressionCheckers$$Lambda+0x00000008005262f0
instanceKlass  @bci org/jetbrains/kotlin/fir/analysis/checkers/expression/ExpressionCheckers <init> ()V 641 <appendix> member <vmtarget> ; # org/jetbrains/kotlin/fir/analysis/checkers/expression/ExpressionCheckers$$Lambda+0x0000000800526098
instanceKlass  @bci org/jetbrains/kotlin/fir/analysis/checkers/expression/ExpressionCheckers <init> ()V 628 <appendix> member <vmtarget> ; # org/jetbrains/kotlin/fir/analysis/checkers/expression/ExpressionCheckers$$Lambda+0x0000000800525e40
instanceKlass  @bci org/jetbrains/kotlin/fir/analysis/checkers/expression/ExpressionCheckers <init> ()V 615 <appendix> member <vmtarget> ; # org/jetbrains/kotlin/fir/analysis/checkers/expression/ExpressionCheckers$$Lambda+0x0000000800525be8
instanceKlass  @bci org/jetbrains/kotlin/fir/analysis/checkers/expression/ExpressionCheckers <init> ()V 602 <appendix> member <vmtarget> ; # org/jetbrains/kotlin/fir/analysis/checkers/expression/ExpressionCheckers$$Lambda+0x0000000800525990
instanceKlass  @bci org/jetbrains/kotlin/fir/analysis/checkers/expression/ExpressionCheckers <init> ()V 589 <appendix> member <vmtarget> ; # org/jetbrains/kotlin/fir/analysis/checkers/expression/ExpressionCheckers$$Lambda+0x0000000800525738
instanceKlass  @bci org/jetbrains/kotlin/fir/analysis/checkers/expression/ExpressionCheckers <init> ()V 576 <appendix> member <vmtarget> ; # org/jetbrains/kotlin/fir/analysis/checkers/expression/ExpressionCheckers$$Lambda+0x00000008005254e0
instanceKlass  @bci org/jetbrains/kotlin/fir/analysis/checkers/expression/ExpressionCheckers <init> ()V 563 <appendix> member <vmtarget> ; # org/jetbrains/kotlin/fir/analysis/checkers/expression/ExpressionCheckers$$Lambda+0x0000000800525288
instanceKlass  @bci org/jetbrains/kotlin/fir/analysis/checkers/expression/ExpressionCheckers <init> ()V 550 <appendix> member <vmtarget> ; # org/jetbrains/kotlin/fir/analysis/checkers/expression/ExpressionCheckers$$Lambda+0x0000000800525030
instanceKlass  @bci org/jetbrains/kotlin/fir/analysis/checkers/expression/ExpressionCheckers <init> ()V 537 <appendix> member <vmtarget> ; # org/jetbrains/kotlin/fir/analysis/checkers/expression/ExpressionCheckers$$Lambda+0x0000000800524dd8
instanceKlass  @bci org/jetbrains/kotlin/fir/analysis/checkers/expression/ExpressionCheckers <init> ()V 524 <appendix> member <vmtarget> ; # org/jetbrains/kotlin/fir/analysis/checkers/expression/ExpressionCheckers$$Lambda+0x0000000800524b80
instanceKlass  @bci org/jetbrains/kotlin/fir/analysis/checkers/expression/ExpressionCheckers <init> ()V 511 <appendix> member <vmtarget> ; # org/jetbrains/kotlin/fir/analysis/checkers/expression/ExpressionCheckers$$Lambda+0x0000000800524928
instanceKlass  @bci org/jetbrains/kotlin/fir/analysis/checkers/expression/ExpressionCheckers <init> ()V 498 <appendix> member <vmtarget> ; # org/jetbrains/kotlin/fir/analysis/checkers/expression/ExpressionCheckers$$Lambda+0x00000008005246d0
instanceKlass  @bci org/jetbrains/kotlin/fir/analysis/checkers/expression/ExpressionCheckers <init> ()V 485 <appendix> member <vmtarget> ; # org/jetbrains/kotlin/fir/analysis/checkers/expression/ExpressionCheckers$$Lambda+0x0000000800524478
instanceKlass  @bci org/jetbrains/kotlin/fir/analysis/checkers/expression/ExpressionCheckers <init> ()V 472 <appendix> member <vmtarget> ; # org/jetbrains/kotlin/fir/analysis/checkers/expression/ExpressionCheckers$$Lambda+0x0000000800524220
instanceKlass  @bci org/jetbrains/kotlin/fir/analysis/checkers/expression/ExpressionCheckers <init> ()V 459 <appendix> member <vmtarget> ; # org/jetbrains/kotlin/fir/analysis/checkers/expression/ExpressionCheckers$$Lambda+0x0000000800523fc8
instanceKlass  @bci org/jetbrains/kotlin/fir/analysis/checkers/expression/ExpressionCheckers <init> ()V 446 <appendix> member <vmtarget> ; # org/jetbrains/kotlin/fir/analysis/checkers/expression/ExpressionCheckers$$Lambda+0x0000000800523d70
instanceKlass  @bci org/jetbrains/kotlin/fir/analysis/checkers/expression/ExpressionCheckers <init> ()V 433 <appendix> member <vmtarget> ; # org/jetbrains/kotlin/fir/analysis/checkers/expression/ExpressionCheckers$$Lambda+0x0000000800523b18
instanceKlass  @bci org/jetbrains/kotlin/fir/analysis/checkers/expression/ExpressionCheckers <init> ()V 420 <appendix> member <vmtarget> ; # org/jetbrains/kotlin/fir/analysis/checkers/expression/ExpressionCheckers$$Lambda+0x00000008005238c0
instanceKlass  @bci org/jetbrains/kotlin/fir/analysis/checkers/expression/ExpressionCheckers <init> ()V 407 <appendix> member <vmtarget> ; # org/jetbrains/kotlin/fir/analysis/checkers/expression/ExpressionCheckers$$Lambda+0x0000000800523668
instanceKlass  @bci org/jetbrains/kotlin/fir/analysis/checkers/expression/ExpressionCheckers <init> ()V 394 <appendix> member <vmtarget> ; # org/jetbrains/kotlin/fir/analysis/checkers/expression/ExpressionCheckers$$Lambda+0x0000000800523410
instanceKlass  @bci org/jetbrains/kotlin/fir/analysis/checkers/expression/ExpressionCheckers <init> ()V 381 <appendix> member <vmtarget> ; # org/jetbrains/kotlin/fir/analysis/checkers/expression/ExpressionCheckers$$Lambda+0x00000008005231b8
instanceKlass  @bci org/jetbrains/kotlin/fir/analysis/checkers/expression/ExpressionCheckers <init> ()V 368 <appendix> member <vmtarget> ; # org/jetbrains/kotlin/fir/analysis/checkers/expression/ExpressionCheckers$$Lambda+0x0000000800522f60
instanceKlass  @bci org/jetbrains/kotlin/fir/analysis/checkers/expression/ExpressionCheckers <init> ()V 355 <appendix> member <vmtarget> ; # org/jetbrains/kotlin/fir/analysis/checkers/expression/ExpressionCheckers$$Lambda+0x0000000800522d08
instanceKlass  @bci org/jetbrains/kotlin/fir/analysis/checkers/expression/ExpressionCheckers <init> ()V 342 <appendix> member <vmtarget> ; # org/jetbrains/kotlin/fir/analysis/checkers/expression/ExpressionCheckers$$Lambda+0x0000000800522ab0
instanceKlass  @bci org/jetbrains/kotlin/fir/analysis/checkers/expression/ExpressionCheckers <init> ()V 329 <appendix> member <vmtarget> ; # org/jetbrains/kotlin/fir/analysis/checkers/expression/ExpressionCheckers$$Lambda+0x0000000800522858
instanceKlass  @bci org/jetbrains/kotlin/fir/analysis/checkers/expression/ExpressionCheckers <init> ()V 316 <appendix> member <vmtarget> ; # org/jetbrains/kotlin/fir/analysis/checkers/expression/ExpressionCheckers$$Lambda+0x0000000800522600
instanceKlass  @bci org/jetbrains/kotlin/fir/analysis/checkers/expression/ExpressionCheckers <init> ()V 303 <appendix> member <vmtarget> ; # org/jetbrains/kotlin/fir/analysis/checkers/expression/ExpressionCheckers$$Lambda+0x00000008005223a8
instanceKlass  @bci org/jetbrains/kotlin/fir/analysis/checkers/expression/ExpressionCheckers <init> ()V 290 <appendix> member <vmtarget> ; # org/jetbrains/kotlin/fir/analysis/checkers/expression/ExpressionCheckers$$Lambda+0x0000000800522150
instanceKlass  @bci org/jetbrains/kotlin/fir/analysis/checkers/expression/ExpressionCheckers <init> ()V 277 <appendix> member <vmtarget> ; # org/jetbrains/kotlin/fir/analysis/checkers/expression/ExpressionCheckers$$Lambda+0x0000000800521ef8
instanceKlass  @bci org/jetbrains/kotlin/fir/analysis/checkers/expression/ExpressionCheckers <init> ()V 264 <appendix> member <vmtarget> ; # org/jetbrains/kotlin/fir/analysis/checkers/expression/ExpressionCheckers$$Lambda+0x0000000800521ca0
instanceKlass  @bci org/jetbrains/kotlin/fir/analysis/checkers/expression/ExpressionCheckers <init> ()V 251 <appendix> member <vmtarget> ; # org/jetbrains/kotlin/fir/analysis/checkers/expression/ExpressionCheckers$$Lambda+0x0000000800521a48
instanceKlass org/jetbrains/kotlin/fir/analysis/checkers/expression/FirExpressionChecker
instanceKlass org/jetbrains/kotlin/fir/analysis/checkers/expression/ExpressionCheckers$Companion
instanceKlass org/jetbrains/kotlin/fir/analysis/checkers/expression/ExpressionCheckers
instanceKlass  @bci org/jetbrains/kotlin/fir/analysis/checkers/declaration/ComposedDeclarationCheckers <init> (Lorg/jetbrains/kotlin/fir/analysis/checkers/MppCheckerKind;)V 8 <appendix> member <vmtarget> ; # org/jetbrains/kotlin/fir/analysis/checkers/declaration/ComposedDeclarationCheckers$$Lambda+0x0000000800520728
instanceKlass  @bci org/jetbrains/kotlin/fir/analysis/checkers/declaration/DeclarationCheckers <init> ()V 447 <appendix> member <vmtarget> ; # org/jetbrains/kotlin/fir/analysis/checkers/declaration/DeclarationCheckers$$Lambda+0x0000000800520258
instanceKlass  @bci org/jetbrains/kotlin/fir/analysis/checkers/declaration/DeclarationCheckers <init> ()V 434 <appendix> member <vmtarget> ; # org/jetbrains/kotlin/fir/analysis/checkers/declaration/DeclarationCheckers$$Lambda+0x0000000800520000
instanceKlass  @bci org/jetbrains/kotlin/fir/analysis/checkers/declaration/DeclarationCheckers <init> ()V 421 <appendix> member <vmtarget> ; # org/jetbrains/kotlin/fir/analysis/checkers/declaration/DeclarationCheckers$$Lambda+0x000000080051dbb8
instanceKlass  @bci org/jetbrains/kotlin/fir/analysis/checkers/declaration/DeclarationCheckers <init> ()V 408 <appendix> member <vmtarget> ; # org/jetbrains/kotlin/fir/analysis/checkers/declaration/DeclarationCheckers$$Lambda+0x000000080051d960
instanceKlass  @bci org/jetbrains/kotlin/fir/analysis/checkers/declaration/DeclarationCheckers <init> ()V 395 <appendix> member <vmtarget> ; # org/jetbrains/kotlin/fir/analysis/checkers/declaration/DeclarationCheckers$$Lambda+0x000000080051d708
instanceKlass  @bci org/jetbrains/kotlin/fir/analysis/checkers/declaration/DeclarationCheckers <init> ()V 382 <appendix> member <vmtarget> ; # org/jetbrains/kotlin/fir/analysis/checkers/declaration/DeclarationCheckers$$Lambda+0x000000080051d4b0
instanceKlass  @bci org/jetbrains/kotlin/fir/analysis/checkers/declaration/DeclarationCheckers <init> ()V 369 <appendix> member <vmtarget> ; # org/jetbrains/kotlin/fir/analysis/checkers/declaration/DeclarationCheckers$$Lambda+0x000000080051d258
instanceKlass  @bci org/jetbrains/kotlin/fir/analysis/checkers/declaration/DeclarationCheckers <init> ()V 356 <appendix> member <vmtarget> ; # org/jetbrains/kotlin/fir/analysis/checkers/declaration/DeclarationCheckers$$Lambda+0x000000080051d000
instanceKlass  @bci org/jetbrains/kotlin/fir/analysis/checkers/declaration/DeclarationCheckers <init> ()V 343 <appendix> member <vmtarget> ; # org/jetbrains/kotlin/fir/analysis/checkers/declaration/DeclarationCheckers$$Lambda+0x000000080051fc20
instanceKlass  @bci org/jetbrains/kotlin/fir/analysis/checkers/declaration/DeclarationCheckers <init> ()V 330 <appendix> member <vmtarget> ; # org/jetbrains/kotlin/fir/analysis/checkers/declaration/DeclarationCheckers$$Lambda+0x000000080051f9c8
instanceKlass  @bci org/jetbrains/kotlin/fir/analysis/checkers/declaration/DeclarationCheckers <init> ()V 317 <appendix> member <vmtarget> ; # org/jetbrains/kotlin/fir/analysis/checkers/declaration/DeclarationCheckers$$Lambda+0x000000080051f770
instanceKlass  @bci org/jetbrains/kotlin/fir/analysis/checkers/declaration/DeclarationCheckers <init> ()V 304 <appendix> member <vmtarget> ; # org/jetbrains/kotlin/fir/analysis/checkers/declaration/DeclarationCheckers$$Lambda+0x000000080051f518
instanceKlass  @bci org/jetbrains/kotlin/fir/analysis/checkers/declaration/DeclarationCheckers <init> ()V 291 <appendix> member <vmtarget> ; # org/jetbrains/kotlin/fir/analysis/checkers/declaration/DeclarationCheckers$$Lambda+0x000000080051f2c0
instanceKlass  @bci org/jetbrains/kotlin/fir/analysis/checkers/declaration/DeclarationCheckers <init> ()V 278 <appendix> member <vmtarget> ; # org/jetbrains/kotlin/fir/analysis/checkers/declaration/DeclarationCheckers$$Lambda+0x000000080051f068
instanceKlass  @bci org/jetbrains/kotlin/fir/analysis/checkers/declaration/DeclarationCheckers <init> ()V 265 <appendix> member <vmtarget> ; # org/jetbrains/kotlin/fir/analysis/checkers/declaration/DeclarationCheckers$$Lambda+0x000000080051ee10
instanceKlass  @bci org/jetbrains/kotlin/fir/analysis/checkers/declaration/DeclarationCheckers <init> ()V 252 <appendix> member <vmtarget> ; # org/jetbrains/kotlin/fir/analysis/checkers/declaration/DeclarationCheckers$$Lambda+0x000000080051ebb8
instanceKlass  @bci org/jetbrains/kotlin/fir/analysis/checkers/declaration/DeclarationCheckers <init> ()V 239 <appendix> member <vmtarget> ; # org/jetbrains/kotlin/fir/analysis/checkers/declaration/DeclarationCheckers$$Lambda+0x000000080051e960
instanceKlass  @bci org/jetbrains/kotlin/fir/analysis/checkers/declaration/DeclarationCheckers <init> ()V 226 <appendix> member <vmtarget> ; # org/jetbrains/kotlin/fir/analysis/checkers/declaration/DeclarationCheckers$$Lambda+0x000000080051e708
instanceKlass  @bci org/jetbrains/kotlin/fir/analysis/checkers/declaration/DeclarationCheckers <init> ()V 213 <appendix> member <vmtarget> ; # org/jetbrains/kotlin/fir/analysis/checkers/declaration/DeclarationCheckers$$Lambda+0x000000080051e4b0
instanceKlass  @bci org/jetbrains/kotlin/fir/analysis/checkers/declaration/DeclarationCheckers <init> ()V 200 <appendix> member <vmtarget> ; # org/jetbrains/kotlin/fir/analysis/checkers/declaration/DeclarationCheckers$$Lambda+0x000000080051e258
instanceKlass  @bci org/jetbrains/kotlin/fir/analysis/checkers/declaration/DeclarationCheckers <init> ()V 187 <appendix> member <vmtarget> ; # org/jetbrains/kotlin/fir/analysis/checkers/declaration/DeclarationCheckers$$Lambda+0x000000080051e000
instanceKlass  @bci org/jetbrains/kotlin/fir/analysis/checkers/declaration/DeclarationCheckers <init> ()V 174 <appendix> member <vmtarget> ; # org/jetbrains/kotlin/fir/analysis/checkers/declaration/DeclarationCheckers$$Lambda+0x000000080051bb80
instanceKlass org/jetbrains/kotlin/fir/analysis/checkers/declaration/FirDeclarationChecker
instanceKlass org/jetbrains/kotlin/fir/analysis/checkers/FirCheckerWithMppKind
instanceKlass org/jetbrains/kotlin/fir/analysis/checkers/declaration/DeclarationCheckers$Companion
instanceKlass org/jetbrains/kotlin/fir/analysis/checkers/declaration/DeclarationCheckers
instanceKlass org/jetbrains/kotlin/fir/analysis/CheckersComponent
instanceKlass org/jetbrains/kotlin/fir/resolve/FirTypeResolver
instanceKlass org/jetbrains/kotlin/fir/resolve/FirQualifierResolver
instanceKlass  @bci org/jetbrains/kotlin/fir/session/FirJvmSessionFactory createSourceSession (Lorg/jetbrains/kotlin/fir/FirModuleData;Lorg/jetbrains/kotlin/fir/session/environment/AbstractProjectFileSearchScope;Lorg/jetbrains/kotlin/fir/session/environment/AbstractProjectEnvironment;Lkotlin/jvm/functions/Function1;Ljava/util/List;Lorg/jetbrains/kotlin/config/CompilerConfiguration;Lorg/jetbrains/kotlin/fir/session/FirSharableJavaComponents;ZZLkotlin/jvm/functions/Function1;)Lorg/jetbrains/kotlin/fir/FirSession; 92 <appendix> member <vmtarget> ; # org/jetbrains/kotlin/fir/session/FirJvmSessionFactory$$Lambda+0x00000008005199b0
instanceKlass org/jetbrains/kotlin/fir/session/FirAbstractSessionFactory$SourceProviders
instanceKlass org/jetbrains/kotlin/fir/session/FirJvmSessionFactory$SourceContext
instanceKlass  @bci org/jetbrains/kotlin/cli/pipeline/jvm/JvmFrontendPipelinePhase prepareJvmSessions$lambda$2 (Lorg/jetbrains/kotlin/fir/session/environment/AbstractProjectFileSearchScope;Lorg/jetbrains/kotlin/cli/jvm/compiler/VfsBasedProjectEnvironment;Ljava/util/List;Lorg/jetbrains/kotlin/config/CompilerConfiguration;Lorg/jetbrains/kotlin/fir/session/FirSharableJavaComponents;Lkotlin/jvm/internal/Ref$BooleanRef;Lkotlin/jvm/internal/Ref$ObjectRef;Lkotlin/jvm/functions/Function1;Ljava/util/List;Lorg/jetbrains/kotlin/fir/FirModuleData;ZLkotlin/jvm/functions/Function1;)Lorg/jetbrains/kotlin/fir/FirSession; 45 <appendix> member <vmtarget> ; # org/jetbrains/kotlin/cli/pipeline/jvm/JvmFrontendPipelinePhase$$Lambda+0x0000000800519038
instanceKlass org/jetbrains/kotlin/fir/session/FirJvmIncrementalCompilationSymbolProviders
instanceKlass  @bci org/jetbrains/kotlin/cli/common/SessionConstructionUtils createSingleSession (Ljava/util/List;Lorg/jetbrains/kotlin/name/Name;Lorg/jetbrains/kotlin/fir/DependencyListForCliModule;Lorg/jetbrains/kotlin/platform/TargetPlatform;Lkotlin/jvm/functions/Function1;Lorg/jetbrains/kotlin/cli/common/FirSessionProducer;)Lorg/jetbrains/kotlin/cli/common/SessionWithSources; 39 <appendix> member <vmtarget> ; # org/jetbrains/kotlin/cli/common/SessionConstructionUtils$$Lambda+0x0000000800518ba0
instanceKlass org/jetbrains/kotlin/container/DataStructuresKt
instanceKlass  @bci org/jetbrains/kotlin/fir/FirSourceModuleData <init> (Lorg/jetbrains/kotlin/name/Name;Ljava/util/List;Ljava/util/List;Ljava/util/List;Lorg/jetbrains/kotlin/platform/TargetPlatform;Z)V 78 <appendix> argL0 ; # org/jetbrains/kotlin/fir/FirSourceModuleData$$Lambda+0x0000000800518718
instanceKlass  @bci org/jetbrains/kotlin/parsing/KotlinParsing parseValueParameterList (ZZLorg/jetbrains/kotlin/com/intellij/psi/tree/TokenSet;)V 45 <adapter> ; # java/lang/invoke/LambdaForm$MH+0x000000080051cc00
# instanceKlass java/lang/invoke/LambdaForm$DMH+0x000000080051c800
instanceKlass  @bci org/jetbrains/kotlin/parsing/KotlinParsing parseValueParameterList (ZZLorg/jetbrains/kotlin/com/intellij/psi/tree/TokenSet;)V 45 <appendix> form vmentry <vmtarget> ; # java/lang/invoke/LambdaForm$DMH+0x000000080051c400
instanceKlass  @bci org/jetbrains/kotlin/cli/common/SessionConstructionUtils prepareSessions (Ljava/util/List;Lorg/jetbrains/kotlin/config/CompilerConfiguration;Lorg/jetbrains/kotlin/name/Name;Lorg/jetbrains/kotlin/platform/TargetPlatform;ZLorg/jetbrains/kotlin/fir/DependencyListForCliModule;Ljava/util/List;Lkotlin/jvm/functions/Function1;Lkotlin/jvm/functions/Function1;Lkotlin/jvm/functions/Function2;Lkotlin/jvm/functions/Function0;Lkotlin/jvm/functions/Function1;Lorg/jetbrains/kotlin/cli/common/FirSessionProducer;)Ljava/util/List; 316 <appendix> member <vmtarget> ; # org/jetbrains/kotlin/cli/common/SessionConstructionUtils$$Lambda+0x0000000800518228
instanceKlass  @cpi org/jetbrains/kotlin/cli/common/SessionConstructionUtils 239 form vmentry <vmtarget> ; # java/lang/invoke/LambdaForm$DMH+0x000000080051c000
instanceKlass org/jetbrains/kotlin/fir/resolve/providers/FirCompositeSymbolNamesProvider$Companion
instanceKlass  @bci org/jetbrains/kotlin/fir/session/FirAbstractSessionFactory flattenAndFilterOwnProviders (Lorg/jetbrains/kotlin/fir/resolve/providers/FirSymbolProvider;)Ljava/util/List; 39 <appendix> member <vmtarget> ; # org/jetbrains/kotlin/fir/session/FirAbstractSessionFactory$$Lambda+0x00000008005178b8
instanceKlass org/jetbrains/kotlin/fir/resolve/providers/FirSymbolProviderKt
instanceKlass org/jetbrains/kotlin/fir/session/StructuredProviders
instanceKlass org/jetbrains/kotlin/cli/jvm/index/JvmDependenciesIndexImpl$ClassSearchRequest
instanceKlass org/jetbrains/kotlin/cli/jvm/index/JvmDependenciesIndexImpl$ClassSearchResult
instanceKlass org/jetbrains/kotlin/cli/jvm/index/JvmDependenciesIndexImpl$WhenMappings
instanceKlass org/jetbrains/kotlin/com/intellij/util/containers/IntArrayList
instanceKlass  @bci org/jetbrains/kotlin/cli/jvm/index/JvmDependenciesDynamicCompoundIndex findClasses (Lorg/jetbrains/kotlin/name/ClassId;Ljava/util/Set;Lkotlin/jvm/functions/Function2;)Ljava/util/Collection; 56 <appendix> member <vmtarget> ; # org/jetbrains/kotlin/cli/jvm/index/JvmDependenciesDynamicCompoundIndex$$Lambda+0x00000008005166b8
instanceKlass  @bci org/jetbrains/kotlin/cli/jvm/compiler/CliVirtualFileFinder findClass (Lorg/jetbrains/kotlin/name/ClassId;Ljava/lang/String;Ljava/util/Set;)Lorg/jetbrains/kotlin/com/intellij/openapi/vfs/VirtualFile; 7 <appendix> member <vmtarget> ; # org/jetbrains/kotlin/cli/jvm/compiler/CliVirtualFileFinder$$Lambda+0x0000000800516460
instanceKlass  @bci org/jetbrains/kotlin/fir/session/FirJvmSessionFactory initializeBuiltinsProvider (Lorg/jetbrains/kotlin/fir/FirSession;Lorg/jetbrains/kotlin/fir/FirModuleData;Lorg/jetbrains/kotlin/fir/scopes/FirKotlinScopeProvider;Lorg/jetbrains/kotlin/load/kotlin/KotlinClassFinder;)Lorg/jetbrains/kotlin/fir/java/deserialization/FirJvmBuiltinsSymbolProvider; 17 <appendix> member <vmtarget> ; # org/jetbrains/kotlin/fir/session/FirJvmSessionFactory$$Lambda+0x0000000800515f68
instanceKlass  @bci org/jetbrains/kotlin/fir/resolve/providers/impl/AbstractFirBuiltinSymbolProvider <init> (Lorg/jetbrains/kotlin/fir/FirSession;Lorg/jetbrains/kotlin/fir/FirModuleData;Lorg/jetbrains/kotlin/fir/scopes/FirKotlinScopeProvider;Z)V 41 <appendix> member <vmtarget> ; # org/jetbrains/kotlin/fir/resolve/providers/impl/AbstractFirBuiltinSymbolProvider$$Lambda+0x0000000800515a78
instanceKlass org/jetbrains/kotlin/metadata/deserialization/NameResolverImpl$WhenMappings
instanceKlass org/jetbrains/kotlin/serialization/deserialization/NameResolverUtilKt
instanceKlass  @bci org/jetbrains/kotlin/fir/resolve/providers/impl/AbstractFirBuiltinSymbolProvider$BuiltInsPackageFragment <init> (Ljava/io/InputStream;)V 81 <appendix> argL0 ; # org/jetbrains/kotlin/fir/resolve/providers/impl/AbstractFirBuiltinSymbolProvider$BuiltInsPackageFragment$$Lambda+0x00000008005153b8
instanceKlass org/jetbrains/kotlin/serialization/deserialization/ProtoBasedClassDataFinder
instanceKlass org/jetbrains/kotlin/serialization/deserialization/ClassDataFinder
instanceKlass org/jetbrains/kotlin/metadata/ProtoBuf$Type$Argument$Projection$1
instanceKlass org/jetbrains/kotlin/metadata/ProtoBuf$Type$ArgumentOrBuilder
instanceKlass org/jetbrains/kotlin/protobuf/SmallSortedMap$Entry
instanceKlass org/jetbrains/kotlin/protobuf/FieldSet$1
instanceKlass org/jetbrains/kotlin/protobuf/AbstractMessageLite$Builder
instanceKlass org/jetbrains/kotlin/protobuf/GeneratedMessageLite$1
instanceKlass org/jetbrains/kotlin/metadata/ProtoBuf$PackageFragmentOrBuilder
instanceKlass org/jetbrains/kotlin/metadata/builtins/BuiltInsBinaryVersion$Companion
instanceKlass org/jetbrains/kotlin/fir/resolve/providers/impl/BinaryVersionAndPackageFragment$Companion
instanceKlass org/jetbrains/kotlin/fir/resolve/providers/impl/BinaryVersionAndPackageFragment
instanceKlass org/jetbrains/kotlin/fir/resolve/providers/impl/AbstractFirBuiltinSymbolProvider$BuiltInsPackageFragment
instanceKlass  @bci org/jetbrains/kotlin/fir/resolve/providers/impl/FirFallbackBuiltinSymbolProvider <clinit> ()V 24 <appendix> member <vmtarget> ; # org/jetbrains/kotlin/fir/resolve/providers/impl/FirFallbackBuiltinSymbolProvider$$Lambda+0x00000008005104d8
instanceKlass org/jetbrains/kotlin/fir/resolve/providers/impl/FirFallbackBuiltinSymbolProvider$Companion
instanceKlass org/jetbrains/kotlin/fir/java/FirJavaFacade$special$$inlined$createCache$2
instanceKlass org/jetbrains/kotlin/fir/java/FirJavaFacade$special$$inlined$createCache$1
instanceKlass org/jetbrains/kotlin/resolve/jvm/TopPackageNamesProvider
instanceKlass org/jetbrains/kotlin/load/java/AbstractJavaClassFinder
instanceKlass org/jetbrains/kotlin/load/java/JavaClassFinder
instanceKlass org/jetbrains/kotlin/load/java/JavaClassFinderImplKt
instanceKlass org/jetbrains/kotlin/fir/java/FirJavaFacade$Companion
instanceKlass org/jetbrains/kotlin/fir/java/FirJavaFacade
instanceKlass org/jetbrains/kotlin/fir/java/FirJavaAwareSymbolProvider
instanceKlass org/jetbrains/kotlin/fir/resolve/providers/impl/FirExtensionSyntheticFunctionInterfaceProviderKt
instanceKlass  @bci org/jetbrains/kotlin/fir/session/FirJvmSessionFactory createLibrarySession (Lorg/jetbrains/kotlin/fir/FirSession;Lorg/jetbrains/kotlin/fir/deserialization/ModuleDataProvider;Lorg/jetbrains/kotlin/fir/session/environment/AbstractProjectEnvironment;Ljava/util/List;Lorg/jetbrains/kotlin/fir/session/environment/AbstractProjectFileSearchScope;Lorg/jetbrains/kotlin/load/kotlin/PackagePartProvider;Lorg/jetbrains/kotlin/config/LanguageVersionSettings;Lorg/jetbrains/kotlin/fir/session/FirSharableJavaComponents;)Lorg/jetbrains/kotlin/fir/FirSession; 90 <appendix> member <vmtarget> ; # org/jetbrains/kotlin/fir/session/FirJvmSessionFactory$$Lambda+0x000000080050d4a8
instanceKlass org/jetbrains/kotlin/load/kotlin/VirtualFileFinder$SERVICE
instanceKlass org/jetbrains/kotlin/load/kotlin/VirtualFileFinderFactory$SERVICE
instanceKlass org/jetbrains/kotlin/fir/resolve/providers/FirProvider
instanceKlass org/jetbrains/kotlin/fir/resolve/providers/FirCompositeCachedSymbolNamesProvider$Companion
instanceKlass org/jetbrains/kotlin/fir/resolve/providers/impl/FirCachingCompositeSymbolProvider$special$$inlined$createCache$5
instanceKlass org/jetbrains/kotlin/fir/resolve/providers/impl/FirCachingCompositeSymbolProvider$special$$inlined$createCache$4
instanceKlass org/jetbrains/kotlin/fir/resolve/providers/impl/FirCachingCompositeSymbolProvider$special$$inlined$createCache$3
instanceKlass org/jetbrains/kotlin/fir/resolve/providers/impl/FirCachingCompositeSymbolProvider$special$$inlined$createCache$2
instanceKlass org/jetbrains/kotlin/fir/resolve/providers/impl/FirCachingCompositeSymbolProvider$special$$inlined$createCache$1
instanceKlass  @bci org/jetbrains/kotlin/fir/java/deserialization/OptionalAnnotationClassesProvider <init> (Lorg/jetbrains/kotlin/fir/FirSession;Lorg/jetbrains/kotlin/fir/deserialization/ModuleDataProvider;Lorg/jetbrains/kotlin/fir/scopes/FirKotlinScopeProvider;Lorg/jetbrains/kotlin/load/kotlin/PackagePartProvider;Lorg/jetbrains/kotlin/fir/declarations/FirDeclarationOrigin;)V 86 <appendix> member <vmtarget> ; # org/jetbrains/kotlin/fir/java/deserialization/OptionalAnnotationClassesProvider$$Lambda+0x000000080050afa0
instanceKlass  @bci org/jetbrains/kotlin/fir/java/deserialization/OptionalAnnotationClassesProvider <init> (Lorg/jetbrains/kotlin/fir/FirSession;Lorg/jetbrains/kotlin/fir/deserialization/ModuleDataProvider;Lorg/jetbrains/kotlin/fir/scopes/FirKotlinScopeProvider;Lorg/jetbrains/kotlin/load/kotlin/PackagePartProvider;Lorg/jetbrains/kotlin/fir/declarations/FirDeclarationOrigin;)V 70 <appendix> member <vmtarget> ; # org/jetbrains/kotlin/fir/java/deserialization/OptionalAnnotationClassesProvider$$Lambda+0x000000080050ad48
instanceKlass org/jetbrains/kotlin/fir/deserialization/AbstractAnnotationDeserializer
instanceKlass org/jetbrains/kotlin/fir/deserialization/AbstractFirDeserializedSymbolProvider$special$$inlined$createCache$4
instanceKlass org/jetbrains/kotlin/fir/deserialization/AbstractFirDeserializedSymbolProvider$special$$inlined$createCache$3
instanceKlass  @bci org/jetbrains/kotlin/fir/deserialization/AbstractFirDeserializedSymbolProvider <init> (Lorg/jetbrains/kotlin/fir/FirSession;Lorg/jetbrains/kotlin/fir/deserialization/ModuleDataProvider;Lorg/jetbrains/kotlin/fir/scopes/FirKotlinScopeProvider;Lorg/jetbrains/kotlin/fir/declarations/FirDeclarationOrigin;Lorg/jetbrains/kotlin/serialization/SerializerExtensionProtocol;)V 189 <appendix> argL0 ; # org/jetbrains/kotlin/fir/deserialization/AbstractFirDeserializedSymbolProvider$$Lambda+0x0000000800509b68
instanceKlass  @bci org/jetbrains/kotlin/fir/deserialization/AbstractFirDeserializedSymbolProvider <init> (Lorg/jetbrains/kotlin/fir/FirSession;Lorg/jetbrains/kotlin/fir/deserialization/ModuleDataProvider;Lorg/jetbrains/kotlin/fir/scopes/FirKotlinScopeProvider;Lorg/jetbrains/kotlin/fir/declarations/FirDeclarationOrigin;Lorg/jetbrains/kotlin/serialization/SerializerExtensionProtocol;)V 184 <appendix> member <vmtarget> ; # org/jetbrains/kotlin/fir/deserialization/AbstractFirDeserializedSymbolProvider$$Lambda+0x0000000800509910
instanceKlass org/jetbrains/kotlin/fir/deserialization/FirDeserializationContext
instanceKlass  @bci org/jetbrains/kotlin/fir/deserialization/AbstractFirDeserializedSymbolProvider <init> (Lorg/jetbrains/kotlin/fir/FirSession;Lorg/jetbrains/kotlin/fir/deserialization/ModuleDataProvider;Lorg/jetbrains/kotlin/fir/scopes/FirKotlinScopeProvider;Lorg/jetbrains/kotlin/fir/declarations/FirDeclarationOrigin;Lorg/jetbrains/kotlin/serialization/SerializerExtensionProtocol;)V 167 <appendix> argL0 ; # org/jetbrains/kotlin/fir/deserialization/AbstractFirDeserializedSymbolProvider$$Lambda+0x0000000800509230
instanceKlass org/jetbrains/kotlin/mpp/TypeAliasSymbolMarker
instanceKlass org/jetbrains/kotlin/fir/deserialization/AbstractFirDeserializedSymbolProvider$special$$inlined$createCache$2
instanceKlass org/jetbrains/kotlin/fir/deserialization/AbstractFirDeserializedSymbolProvider$special$$inlined$createCache$1
instanceKlass  @bci org/jetbrains/kotlin/fir/resolve/providers/FirCachedSymbolNamesProvider <init> (Lorg/jetbrains/kotlin/fir/FirSession;)V 92 <appendix> member <vmtarget> ; # org/jetbrains/kotlin/fir/resolve/providers/FirCachedSymbolNamesProvider$$Lambda+0x00000008005084a0
instanceKlass  @bci org/jetbrains/kotlin/fir/resolve/providers/FirCachedSymbolNamesProvider <init> (Lorg/jetbrains/kotlin/fir/FirSession;)V 72 <appendix> member <vmtarget> ; # org/jetbrains/kotlin/fir/resolve/providers/FirCachedSymbolNamesProvider$$Lambda+0x0000000800508248
instanceKlass org/jetbrains/kotlin/fir/caches/FirLazyValue
instanceKlass  @bci org/jetbrains/kotlin/fir/resolve/providers/FirCachedSymbolNamesProvider <init> (Lorg/jetbrains/kotlin/fir/FirSession;)V 56 <appendix> member <vmtarget> ; # org/jetbrains/kotlin/fir/resolve/providers/FirCachedSymbolNamesProvider$$Lambda+0x0000000800507928
instanceKlass  @bci org/jetbrains/kotlin/fir/resolve/providers/FirCachedSymbolNamesProvider <init> (Lorg/jetbrains/kotlin/fir/FirSession;)V 36 <appendix> member <vmtarget> ; # org/jetbrains/kotlin/fir/resolve/providers/FirCachedSymbolNamesProvider$$Lambda+0x00000008005076d0
instanceKlass  @bci org/jetbrains/kotlin/fir/resolve/providers/FirCachedSymbolNamesProvider <init> (Lorg/jetbrains/kotlin/fir/FirSession;)V 20 <appendix> member <vmtarget> ; # org/jetbrains/kotlin/fir/resolve/providers/FirCachedSymbolNamesProvider$$Lambda+0x0000000800507478
instanceKlass  @bci org/jetbrains/kotlin/fir/deserialization/AbstractFirDeserializedSymbolProvider <init> (Lorg/jetbrains/kotlin/fir/FirSession;Lorg/jetbrains/kotlin/fir/deserialization/ModuleDataProvider;Lorg/jetbrains/kotlin/fir/scopes/FirKotlinScopeProvider;Lorg/jetbrains/kotlin/fir/declarations/FirDeclarationOrigin;Lorg/jetbrains/kotlin/serialization/SerializerExtensionProtocol;)V 64 <appendix> member <vmtarget> ; # org/jetbrains/kotlin/fir/deserialization/AbstractFirDeserializedSymbolProvider$$Lambda+0x0000000800506ca0
instanceKlass org/jetbrains/kotlin/serialization/SerializerExtensionProtocol
instanceKlass org/jetbrains/kotlin/fir/java/deserialization/OptionalAnnotationClassesProvider$Companion
instanceKlass org/jetbrains/kotlin/fir/declarations/FirResolvedToPhaseState$Companion
instanceKlass org/jetbrains/kotlin/fir/declarations/FirResolveState
instanceKlass org/jetbrains/kotlin/fir/declarations/FirResolveStateKt
instanceKlass org/jetbrains/kotlin/fir/FirTargetElement
instanceKlass org/jetbrains/kotlin/fir/declarations/FirTypeParametersOwner
instanceKlass org/jetbrains/kotlin/fir/declarations/FirContractDescriptionOwner
instanceKlass org/jetbrains/kotlin/name/SpecialNames
instanceKlass org/jetbrains/kotlin/name/CallableId$Companion
instanceKlass org/jetbrains/kotlin/name/CallableId
instanceKlass org/jetbrains/kotlin/name/StandardClassIds$Callables
instanceKlass org/jetbrains/kotlin/descriptors/EffectiveVisibilityKt
instanceKlass org/jetbrains/kotlin/fir/EffectiveVisibilityUtilsKt
instanceKlass org/jetbrains/kotlin/fir/declarations/builder/FirSimpleFunctionBuilder
instanceKlass org/jetbrains/kotlin/fir/declarations/builder/FirTypeParametersOwnerBuilder
instanceKlass org/jetbrains/kotlin/fir/declarations/builder/FirFunctionBuilder
instanceKlass org/jetbrains/kotlin/mpp/RegularClassSymbolMarker
instanceKlass org/jetbrains/kotlin/descriptors/EffectiveVisibility
instanceKlass org/jetbrains/kotlin/descriptors/Modality$Companion
instanceKlass org/jetbrains/kotlin/descriptors/Visibility
instanceKlass org/jetbrains/kotlin/fir/declarations/impl/FirResolvedDeclarationStatusImpl$Companion
instanceKlass org/jetbrains/kotlin/fir/declarations/FirResolvedDeclarationStatus
instanceKlass org/jetbrains/kotlin/fir/declarations/FirDeclarationStatus
instanceKlass org/jetbrains/kotlin/fir/declarations/FirDeclarationOrigin
instanceKlass org/jetbrains/kotlin/fir/declarations/DeprecationsProvider
instanceKlass org/jetbrains/kotlin/fir/declarations/FirResolvePhase$Companion
instanceKlass org/jetbrains/kotlin/fir/declarations/builder/FirRegularClassBuilder
instanceKlass org/jetbrains/kotlin/fir/declarations/builder/FirTypeParameterRefsOwnerBuilder
instanceKlass org/jetbrains/kotlin/fir/declarations/builder/FirClassBuilder
instanceKlass org/jetbrains/kotlin/fir/declarations/builder/FirDeclarationBuilder
instanceKlass org/jetbrains/kotlin/utils/CollectionsKt
instanceKlass org/jetbrains/kotlin/builtins/functions/FunctionTypeKindKt
instanceKlass org/jetbrains/kotlin/fir/types/FirFunctionTypeKindServiceKt
instanceKlass org/jetbrains/kotlin/fir/resolve/providers/impl/FirExtensionSyntheticFunctionInterfaceProvider$Companion
instanceKlass org/jetbrains/kotlin/fir/resolve/providers/FirSymbolNamesProvider
instanceKlass org/jetbrains/kotlin/fir/resolve/providers/impl/FirSyntheticFunctionInterfaceProviderBase$Companion
instanceKlass org/jetbrains/kotlin/fir/resolve/providers/FirSymbolProvider
instanceKlass org/jetbrains/kotlin/fir/serialization/FirProvidedDeclarationsForMetadataService$Companion
instanceKlass org/jetbrains/kotlin/fir/serialization/FirProvidedDeclarationsForMetadataService
instanceKlass org/jetbrains/kotlin/builtins/functions/FunctionTypeKindExtractor$Companion
instanceKlass org/jetbrains/kotlin/builtins/functions/FunctionTypeKindExtractor
instanceKlass kotlin/collections/builders/ListBuilder$Itr
instanceKlass kotlin/jvm/internal/markers/KMutableListIterator
instanceKlass androidx/compose/compiler/plugins/kotlin/k2/ComposeFirExtensionsKt
instanceKlass androidx/compose/compiler/plugins/kotlin/ComposeFqNamesKt
instanceKlass androidx/compose/compiler/plugins/kotlin/ComposeClassIds
instanceKlass org/jetbrains/kotlin/fir/extensions/FirFunctionTypeKindExtensionKt
instanceKlass org/jetbrains/kotlin/fir/types/FirFunctionTypeKindServiceImpl$extractor$1$kinds$1$registrar$1
instanceKlass org/jetbrains/kotlin/fir/extensions/FirFunctionTypeKindExtension$FunctionTypeKindRegistrar
instanceKlass org/jetbrains/kotlin/builtins/StandardNames
instanceKlass org/jetbrains/kotlin/fir/types/FirFunctionTypeKindService
instanceKlass org/jetbrains/kotlin/fir/analysis/diagnostics/FirComposedDiagnosticRendererFactoryKt
instanceKlass org/jetbrains/kotlin/fir/extensions/FirDeclarationPredicateRegistrar
instanceKlass org/jetbrains/kotlin/fir/extensions/FirExtensionSessionComponentKt
instanceKlass org/jetbrains/kotlin/fir/extensions/FirExtensionPointName
instanceKlass org/jetbrains/kotlin/fir/extensions/FirFunctionTypeKindExtension$Companion
instanceKlass org/jetbrains/kotlin/fir/extensions/FirExtensionRegistrarKt
instanceKlass org/jetbrains/kotlin/fir/extensions/FirExtensionServiceKt
instanceKlass org/jetbrains/kotlin/diagnostics/DiagnosticFactory1DelegateProvider
instanceKlass org/jetbrains/kotlin/diagnostics/DiagnosticFactory3DelegateProvider
instanceKlass androidx/compose/compiler/plugins/kotlin/k2/ComposeSourceElementPositioningStrategies
instanceKlass org/jetbrains/kotlin/diagnostics/DiagnosticFactory2DelegateProvider
instanceKlass  @bci org/jetbrains/kotlin/diagnostics/KtDiagnosticFactoryToRendererMapKt KtDiagnosticFactoryToRendererMap (Ljava/lang/String;Lkotlin/jvm/functions/Function1;)Lkotlin/Lazy; 17 <appendix> member <vmtarget> ; # org/jetbrains/kotlin/diagnostics/KtDiagnosticFactoryToRendererMapKt$$Lambda+0x00000008004f4500
instanceKlass org/jetbrains/kotlin/diagnostics/KtDiagnosticFactoryToRendererMapKt
instanceKlass  @bci androidx/compose/compiler/plugins/kotlin/k2/ComposeErrorMessages <clinit> ()V 12 <appendix> argL0 ; # androidx/compose/compiler/plugins/kotlin/k2/ComposeErrorMessages$$Lambda+0x00000008004dc700
instanceKlass org/jetbrains/kotlin/diagnostics/KtDiagnosticFactoryToRendererMap
instanceKlass org/jetbrains/kotlin/diagnostics/rendering/BaseDiagnosticRendererFactory
instanceKlass org/jetbrains/kotlin/diagnostics/AbstractKtDiagnosticFactory
instanceKlass org/jetbrains/kotlin/utils/DummyDelegate
instanceKlass org/jetbrains/kotlin/diagnostics/DiagnosticFactory0DelegateProvider
instanceKlass org/jetbrains/kotlin/diagnostics/PsiPositioningStrategies
instanceKlass org/jetbrains/kotlin/diagnostics/PositioningStrategy
instanceKlass org/jetbrains/kotlin/diagnostics/PositioningStrategies
instanceKlass  @bci org/jetbrains/kotlin/diagnostics/LightTreePositioningStrategies <clinit> ()V 922 <appendix> argL0 ; # org/jetbrains/kotlin/diagnostics/LightTreePositioningStrategies$$Lambda+0x00000008004df4a8
instanceKlass org/jetbrains/kotlin/diagnostics/LightTreePositioningStrategiesKt
instanceKlass  @bci org/jetbrains/kotlin/diagnostics/LightTreePositioningStrategies <clinit> ()V 911 <appendix> argL0 ; # org/jetbrains/kotlin/diagnostics/LightTreePositioningStrategies$$Lambda+0x00000008004dedc8
instanceKlass org/jetbrains/kotlin/com/intellij/lang/LighterASTNode
instanceKlass org/jetbrains/kotlin/diagnostics/LightTreePositioningStrategy
instanceKlass org/jetbrains/kotlin/diagnostics/LightTreePositioningStrategies
instanceKlass org/jetbrains/kotlin/diagnostics/AbstractSourceElementPositioningStrategy
instanceKlass org/jetbrains/kotlin/diagnostics/SourceElementPositioningStrategies
instanceKlass org/jetbrains/kotlin/diagnostics/KtDiagnosticsContainer
instanceKlass  @bci org/jetbrains/kotlin/fir/extensions/FirExtensionRegistrar$ExtensionRegistrarContext plusExtensionSessionComponent (Lkotlin/jvm/functions/Function1;)V 8 <appendix> member <vmtarget> ; # org/jetbrains/kotlin/fir/extensions/FirExtensionRegistrar$ExtensionRegistrarContext$$Lambda+0x00000008004d9430
instanceKlass org/jetbrains/kotlin/fir/extensions/FirExtensionSessionComponent$Factory
instanceKlass  @bci org/jetbrains/kotlin/fir/extensions/FirExtensionRegistrar$ExtensionRegistrarContext plusAdditionalCheckersExtension (Lkotlin/jvm/functions/Function1;)V 8 <appendix> member <vmtarget> ; # org/jetbrains/kotlin/fir/extensions/FirExtensionRegistrar$ExtensionRegistrarContext$$Lambda+0x00000008004d8f98
instanceKlass org/jetbrains/kotlin/fir/analysis/extensions/FirAdditionalCheckersExtension$Factory
instanceKlass  @bci org/jetbrains/kotlin/fir/extensions/FirExtensionRegistrar$ExtensionRegistrarContext plusFunctionTypeKindExtension (Lkotlin/jvm/functions/Function1;)V 8 <appendix> member <vmtarget> ; # org/jetbrains/kotlin/fir/extensions/FirExtensionRegistrar$ExtensionRegistrarContext$$Lambda+0x00000008004d8b00
instanceKlass org/jetbrains/kotlin/fir/extensions/FirFunctionTypeKindExtension$Factory
instanceKlass org/jetbrains/kotlin/fir/extensions/FirExtension$Factory
instanceKlass org/jetbrains/kotlin/fir/extensions/FirExtensionRegistrar$ExtensionRegistrarContext
instanceKlass org/jetbrains/kotlin/fir/extensions/BunchOfRegisteredExtensions$Companion
instanceKlass org/jetbrains/kotlin/fir/extensions/BunchOfRegisteredExtensions
instanceKlass org/jetbrains/kotlin/fir/session/FirSessionConfigurator
instanceKlass org/jetbrains/kotlin/fir/resolve/scopes/JvmMappedScopesKt
instanceKlass org/jetbrains/kotlin/fir/scopes/FirScopeProvider
instanceKlass org/jetbrains/kotlin/resolve/ImportPath$Companion
instanceKlass org/jetbrains/kotlin/resolve/ImportPath
instanceKlass org/jetbrains/kotlin/fir/resolve/substitution/AbstractConeSubstitutor$Companion
instanceKlass org/jetbrains/kotlin/fir/resolve/substitution/ConeSubstitutor
instanceKlass org/jetbrains/kotlin/types/model/TypeSubstitutorMarker
instanceKlass org/jetbrains/kotlin/fir/analysis/jvm/checkers/FirJavaNullabilityWarningUpperBoundsProvider
instanceKlass org/jetbrains/kotlin/fir/analysis/checkers/FirPlatformUpperBoundsProvider
instanceKlass org/jetbrains/kotlin/fir/scopes/jvm/FirJvmDelegatedMembersFilter$Companion
instanceKlass org/jetbrains/kotlin/fir/analysis/checkers/expression/FirGenericArrayClassLiteralSupport$Enabled
instanceKlass org/jetbrains/kotlin/fir/analysis/checkers/FirInlineCheckerPlatformSpecificComponent
instanceKlass org/jetbrains/kotlin/fir/resolve/calls/FirSyntheticNamesProvider
instanceKlass org/jetbrains/kotlin/resolve/jvm/JvmTypeSpecificityComparator
instanceKlass org/jetbrains/kotlin/fir/declarations/FirTypeSpecificityComparatorProvider
instanceKlass org/jetbrains/kotlin/name/JvmStandardClassIds
instanceKlass org/jetbrains/kotlin/name/JvmStandardClassIds$Annotations
instanceKlass org/jetbrains/kotlin/name/JvmStandardClassIds$Annotations$Java
instanceKlass org/jetbrains/kotlin/fir/java/deserialization/FirJvmDeserializationExtension$Companion
instanceKlass org/jetbrains/kotlin/fir/deserialization/FirDeserializationExtension
instanceKlass org/jetbrains/kotlin/fir/scopes/FirOverrideCheckerKt
instanceKlass org/jetbrains/kotlin/fir/java/scopes/JavaOverridabilityRules
instanceKlass org/jetbrains/kotlin/fir/scopes/PlatformSpecificOverridabilityRules
instanceKlass org/jetbrains/kotlin/name/JvmStandardClassIdsKt
instanceKlass org/jetbrains/kotlin/name/JvmStandardClassIds$Java
instanceKlass org/jetbrains/kotlin/fir/java/JvmSupertypeUpdater$DelegatedConstructorCallTransformer$Companion
instanceKlass org/jetbrains/kotlin/fir/visitors/FirVisitor
instanceKlass org/jetbrains/kotlin/fir/resolve/transformers/PlatformSupertypeUpdater
instanceKlass org/jetbrains/kotlin/config/JvmDefaultMode$Companion
instanceKlass org/jetbrains/kotlin/config/JvmDefaultModeKt
instanceKlass org/jetbrains/kotlin/fir/java/FirJvmDefaultModeComponent
instanceKlass org/jetbrains/kotlin/fir/java/FirSyntheticPropertiesStorage$special$$inlined$createCache$1
instanceKlass org/jetbrains/kotlin/fir/java/FirSyntheticPropertiesStorage
instanceKlass org/jetbrains/kotlin/load/java/AbstractAnnotationTypeQualifierResolver$Companion
instanceKlass org/jetbrains/kotlin/load/java/AbstractAnnotationTypeQualifierResolver
instanceKlass org/jetbrains/kotlin/fir/modules/FirJavaModuleResolverProvider
instanceKlass org/jetbrains/kotlin/resolve/jvm/modules/JavaModuleResolver$SERVICE
instanceKlass org/jetbrains/kotlin/fir/analysis/checkers/FirIdentityLessPlatformDeterminer
instanceKlass org/jetbrains/kotlin/resolve/checkers/ClassifierUsageCheckerContext
instanceKlass org/jetbrains/kotlin/resolve/calls/context/ResolutionContext
instanceKlass kotlin/annotation/MustBeDocumented
instanceKlass kotlin/jvm/JvmStatic
instanceKlass org/jetbrains/kotlin/descriptors/ModuleDescriptor
instanceKlass org/jetbrains/kotlin/resolve/BindingTrace
instanceKlass org/jetbrains/kotlin/descriptors/ClassifierDescriptor
instanceKlass org/jetbrains/kotlin/descriptors/SourceElement
instanceKlass org/jetbrains/kotlin/resolve/calls/checkers/CallCheckerContext
instanceKlass org/jetbrains/kotlin/resolve/calls/model/ResolvedCall
instanceKlass org/jetbrains/kotlin/resolve/scopes/receivers/ReceiverValue
instanceKlass org/jetbrains/kotlin/resolve/scopes/receivers/Receiver
instanceKlass org/jetbrains/kotlin/descriptors/annotations/AnnotationDescriptor
instanceKlass org/jetbrains/kotlin/diagnostics/DiagnosticSink
instanceKlass org/jetbrains/kotlin/descriptors/VariableDescriptor
instanceKlass org/jetbrains/kotlin/descriptors/ValueDescriptor
instanceKlass org/jetbrains/kotlin/container/ConstructorInfo
instanceKlass org/jetbrains/kotlin/com/intellij/util/ObjectUtilsRt
instanceKlass org/jetbrains/kotlin/container/DefaultImplementation
instanceKlass  @bci kotlin/sequences/SequencesKt__SequencesKt generateSequence (Ljava/lang/Object;Lkotlin/jvm/functions/Function1;)Lkotlin/sequences/Sequence; 24 <appendix> member <vmtarget> ; # kotlin/sequences/SequencesKt__SequencesKt$$Lambda+0x00000008004c94c8
instanceKlass  @bci org/jetbrains/kotlin/container/CacheKt getRegistrations (Ljava/lang/Class;)Ljava/util/List; 9 <appendix> argL0 ; # org/jetbrains/kotlin/container/CacheKt$$Lambda+0x00000008004c9278
instanceKlass jdk/internal/vm/annotation/IntrinsicCandidate
instanceKlass org/jetbrains/kotlin/resolve/checkers/DeclarationCheckerContext
instanceKlass org/jetbrains/kotlin/resolve/checkers/CheckerContext
instanceKlass org/jetbrains/kotlin/container/ClassInfo
instanceKlass org/jetbrains/kotlin/container/ClassTraversalCache
instanceKlass org/jetbrains/kotlin/container/CacheKt
instanceKlass org/jetbrains/kotlin/container/DynamicComponentDescriptor
instanceKlass org/jetbrains/kotlin/container/InstanceComponentDescriptor
instanceKlass org/jetbrains/kotlin/container/ComponentDescriptor
instanceKlass org/jetbrains/kotlin/container/ValueDescriptor
instanceKlass org/jetbrains/kotlin/container/ContainerKt
instanceKlass org/jetbrains/kotlin/resolve/checkers/PlatformDiagnosticSuppressor
instanceKlass org/jetbrains/kotlin/resolve/lazy/AbsentDescriptorHandler
instanceKlass org/jetbrains/kotlin/types/DynamicTypesSettings
instanceKlass org/jetbrains/kotlin/resolve/calls/results/TypeSpecificityComparator$NONE
instanceKlass org/jetbrains/kotlin/resolve/calls/results/TypeSpecificityComparator
instanceKlass org/jetbrains/kotlin/resolve/IdentifierChecker
instanceKlass org/jetbrains/kotlin/container/PlatformSpecificExtension
instanceKlass org/jetbrains/kotlin/container/PlatformExtensionsClashResolver
instanceKlass org/jetbrains/kotlin/resolve/checkers/ReturnValueAnnotationChecker
instanceKlass org/jetbrains/kotlin/resolve/checkers/OptionalExpectationUsageChecker
instanceKlass org/jetbrains/kotlin/resolve/checkers/MissingDependencyClassChecker$ClassifierUsage
instanceKlass org/jetbrains/kotlin/resolve/checkers/ApiVersionClassifierUsageChecker
instanceKlass org/jetbrains/kotlin/resolve/checkers/DeprecatedClassifierUsageChecker
instanceKlass org/jetbrains/kotlin/resolve/checkers/ClassifierUsageChecker
instanceKlass org/jetbrains/kotlin/resolve/calls/checkers/EnumEntriesUnsupportedChecker
instanceKlass org/jetbrains/kotlin/resolve/calls/checkers/CustomEnumEntriesMigrationCallChecker
instanceKlass org/jetbrains/kotlin/resolve/calls/checkers/CompanionIncorrectlyUnboundedWhenUsedAsLHSCallChecker
instanceKlass org/jetbrains/kotlin/resolve/calls/checkers/IncorrectCapturedApproximationCallChecker
instanceKlass org/jetbrains/kotlin/resolve/calls/checkers/BuilderInferenceAssignmentChecker
instanceKlass org/jetbrains/kotlin/resolve/calls/checkers/UnsupportedUntilOperatorChecker
instanceKlass org/jetbrains/kotlin/resolve/calls/checkers/EqualityCallChecker
instanceKlass org/jetbrains/kotlin/resolve/calls/checkers/ResolutionToPrivateConstructorOfSealedClassChecker
instanceKlass org/jetbrains/kotlin/resolve/calls/checkers/CompanionInParenthesesLHSCallChecker
instanceKlass org/jetbrains/kotlin/resolve/calls/checkers/EnumEntryVsCompanionPriorityCallChecker
instanceKlass org/jetbrains/kotlin/resolve/calls/checkers/NewSchemeOfIntegerOperatorResolutionChecker
instanceKlass org/jetbrains/kotlin/resolve/calls/checkers/SelfCallInNestedObjectConstructorChecker
instanceKlass org/jetbrains/kotlin/resolve/calls/checkers/VarargWrongExecutionOrderChecker
instanceKlass org/jetbrains/kotlin/resolve/calls/checkers/ReferencingToUnderscoreNamedParameterOfCatchBlockChecker
instanceKlass org/jetbrains/kotlin/resolve/checkers/NullableExtensionOperatorWithSafeCallChecker
instanceKlass org/jetbrains/kotlin/resolve/calls/checkers/FunInterfaceConstructorReferenceChecker
instanceKlass org/jetbrains/kotlin/resolve/calls/checkers/UnitConversionCallChecker
instanceKlass org/jetbrains/kotlin/resolve/calls/checkers/SuspendConversionCallChecker
instanceKlass org/jetbrains/kotlin/resolve/calls/checkers/AbstractClassInstantiationChecker
instanceKlass org/jetbrains/kotlin/resolve/checkers/MissingDependencySupertypeChecker$ForCalls
instanceKlass org/jetbrains/kotlin/diagnostics/Diagnostic
instanceKlass org/jetbrains/kotlin/diagnostics/UnboundDiagnostic
instanceKlass org/jetbrains/kotlin/diagnostics/DiagnosticMarker
instanceKlass org/jetbrains/kotlin/resolve/calls/checkers/ReifiedTypeParameterSubstitutionChecker
instanceKlass org/jetbrains/kotlin/resolve/calls/checkers/ContractNotAllowedCallChecker
instanceKlass org/jetbrains/kotlin/resolve/calls/checkers/NamedFunAsExpressionChecker
instanceKlass org/jetbrains/kotlin/resolve/calls/checkers/NullableVarargArgumentCallChecker
instanceKlass org/jetbrains/kotlin/resolve/calls/checkers/ResultTypeWithNullableOperatorsChecker
instanceKlass org/jetbrains/kotlin/resolve/calls/checkers/UselessElvisCallChecker
instanceKlass org/jetbrains/kotlin/resolve/calls/checkers/LambdaWithSuspendModifierCallChecker
instanceKlass org/jetbrains/kotlin/resolve/checkers/PrimitiveNumericComparisonCallChecker
instanceKlass org/jetbrains/kotlin/resolve/calls/checkers/ImplicitNothingAsTypeParameterCallChecker
instanceKlass org/jetbrains/kotlin/resolve/calls/checkers/AssigningNamedArgumentToVarargChecker
instanceKlass org/jetbrains/kotlin/resolve/calls/checkers/UnderscoreUsageChecker
instanceKlass org/jetbrains/kotlin/resolve/calls/checkers/CallableReferenceCompatibilityChecker
instanceKlass org/jetbrains/kotlin/resolve/checkers/MissingDependencyClassChecker
instanceKlass org/jetbrains/kotlin/resolve/calls/checkers/DslScopeViolationCallChecker
instanceKlass org/jetbrains/kotlin/resolve/calls/checkers/BuilderFunctionsCallChecker
instanceKlass org/jetbrains/kotlin/resolve/calls/checkers/CoroutineSuspendCallChecker
instanceKlass org/jetbrains/kotlin/resolve/calls/checkers/ApiVersionCallChecker
instanceKlass org/jetbrains/kotlin/descriptors/ConstructorDescriptor
instanceKlass org/jetbrains/kotlin/descriptors/FunctionDescriptor
instanceKlass org/jetbrains/kotlin/descriptors/CallableMemberDescriptor
instanceKlass org/jetbrains/kotlin/descriptors/MemberDescriptor
instanceKlass org/jetbrains/kotlin/descriptors/CallableDescriptor
instanceKlass org/jetbrains/kotlin/descriptors/Substitutable
instanceKlass org/jetbrains/kotlin/descriptors/DeclarationDescriptorWithVisibility
instanceKlass org/jetbrains/kotlin/descriptors/DeclarationDescriptorNonRoot
instanceKlass org/jetbrains/kotlin/descriptors/DeclarationDescriptorWithSource
instanceKlass org/jetbrains/kotlin/descriptors/DeclarationDescriptor
instanceKlass org/jetbrains/kotlin/descriptors/ValidateableDescriptor
instanceKlass org/jetbrains/kotlin/descriptors/Named
instanceKlass org/jetbrains/kotlin/resolve/calls/checkers/ProtectedConstructorCallChecker
instanceKlass org/jetbrains/kotlin/resolve/calls/checkers/ConstructorHeaderCallChecker
instanceKlass org/jetbrains/kotlin/resolve/calls/checkers/OperatorCallChecker$Companion
instanceKlass org/jetbrains/kotlin/resolve/calls/checkers/OperatorCallChecker
instanceKlass org/jetbrains/kotlin/resolve/calls/checkers/InfixCallChecker
instanceKlass org/jetbrains/kotlin/resolve/calls/checkers/CallReturnsArrayOfNothingChecker
instanceKlass org/jetbrains/kotlin/com/intellij/psi/tree/IReparseableLeafElementType
instanceKlass org/jetbrains/kotlin/com/intellij/psi/TokenType
instanceKlass org/jetbrains/kotlin/com/intellij/psi/tree/TokenSet
instanceKlass org/jetbrains/kotlin/kdoc/lexer/KDocTokens
instanceKlass org/jetbrains/kotlin/lexer/KtTokens
instanceKlass org/jetbrains/kotlin/resolve/calls/checkers/DeprecatedCallChecker
instanceKlass org/jetbrains/kotlin/resolve/checkers/TrailingCommaCallChecker
instanceKlass org/jetbrains/kotlin/resolve/calls/checkers/SafeCallChecker
instanceKlass org/jetbrains/kotlin/resolve/calls/checkers/SynchronizedByValueChecker
instanceKlass org/jetbrains/kotlin/resolve/calls/checkers/InlineCheckerWrapper
instanceKlass org/jetbrains/kotlin/resolve/calls/checkers/CapturingInClosureChecker
instanceKlass org/jetbrains/kotlin/resolve/checkers/StubForBuilderInferenceParameterTypeChecker
instanceKlass org/jetbrains/kotlin/resolve/checkers/ActualTypealiasToSpecialAnnotationChecker
instanceKlass org/jetbrains/kotlin/resolve/checkers/VolatileAnnotationChecker
instanceKlass org/jetbrains/kotlin/resolve/checkers/EnumEntriesRedeclarationChecker
instanceKlass org/jetbrains/kotlin/resolve/checkers/DataObjectContentChecker
instanceKlass org/jetbrains/kotlin/resolve/calls/checkers/UnsupportedUntilRangeDeclarationChecker
instanceKlass org/jetbrains/kotlin/resolve/checkers/CyclicAnnotationsChecker
instanceKlass org/jetbrains/kotlin/resolve/checkers/ValueParameterUsageInDefaultArgumentChecker
instanceKlass org/jetbrains/kotlin/resolve/checkers/SubtypingBetweenContextReceiversChecker
instanceKlass org/jetbrains/kotlin/resolve/checkers/ContextualDeclarationChecker
instanceKlass org/jetbrains/kotlin/resolve/checkers/EnumCompanionInEnumConstructorCallChecker
instanceKlass org/jetbrains/kotlin/resolve/checkers/SuspendFunctionAsSupertypeChecker
instanceKlass org/jetbrains/kotlin/resolve/checkers/SealedInterfaceAllowedChecker
instanceKlass org/jetbrains/kotlin/resolve/checkers/SealedInheritorInSameModuleChecker
instanceKlass org/jetbrains/kotlin/types/KotlinType
instanceKlass org/jetbrains/kotlin/resolve/checkers/SealedInheritorInSamePackageChecker
instanceKlass org/jetbrains/kotlin/resolve/checkers/PrivateInlineFunctionsReturningAnonymousObjectsChecker
instanceKlass org/jetbrains/kotlin/resolve/checkers/ContractDescriptionBlockChecker
instanceKlass org/jetbrains/kotlin/resolve/checkers/DeprecatedSinceKotlinAnnotationChecker
instanceKlass org/jetbrains/kotlin/resolve/checkers/DeprecationInheritanceChecker
instanceKlass org/jetbrains/kotlin/resolve/checkers/FunInterfaceDeclarationChecker
instanceKlass org/jetbrains/kotlin/resolve/checkers/MissingDependencySupertypeChecker$ForDeclarations
instanceKlass org/jetbrains/kotlin/resolve/checkers/TrailingCommaDeclarationChecker
instanceKlass org/jetbrains/kotlin/resolve/checkers/TailrecFunctionChecker
instanceKlass org/jetbrains/kotlin/resolve/checkers/ExplicitApiDeclarationChecker$Companion
instanceKlass org/jetbrains/kotlin/resolve/checkers/ExplicitApiDeclarationChecker
instanceKlass org/jetbrains/kotlin/resolve/checkers/LocalVariableTypeParametersChecker
instanceKlass org/jetbrains/kotlin/resolve/checkers/ResultClassInReturnTypeChecker
instanceKlass org/jetbrains/kotlin/resolve/checkers/ReservedMembersAndConstructsForValueClass$Companion
instanceKlass org/jetbrains/kotlin/resolve/checkers/ReservedMembersAndConstructsForValueClass
instanceKlass org/jetbrains/kotlin/resolve/checkers/AnnotationClassTargetAndRetentionChecker
instanceKlass org/jetbrains/kotlin/resolve/checkers/InnerClassInsideValueClass
instanceKlass org/jetbrains/kotlin/resolve/checkers/PropertiesWithBackingFieldsInsideValueClass
instanceKlass org/jetbrains/kotlin/resolve/checkers/MultiFieldValueClassAnnotationsChecker
instanceKlass org/jetbrains/kotlin/resolve/checkers/ValueClassDeclarationChecker
instanceKlass org/jetbrains/kotlin/util/OperatorNameConventions
instanceKlass org/jetbrains/kotlin/resolve/checkers/SuspendLimitationsChecker
instanceKlass org/jetbrains/kotlin/resolve/checkers/KClassWithIncorrectTypeArgumentChecker
instanceKlass org/jetbrains/kotlin/resolve/checkers/DelegationChecker
instanceKlass org/jetbrains/kotlin/resolve/checkers/DynamicReceiverChecker
instanceKlass org/jetbrains/kotlin/resolve/checkers/ReifiedTypeParameterAnnotationChecker
instanceKlass org/jetbrains/kotlin/resolve/RequireKotlinConstants
instanceKlass org/jetbrains/kotlin/resolve/AnnotationsKt
instanceKlass org/jetbrains/kotlin/resolve/checkers/KotlinVersionStringAnnotationValueChecker
instanceKlass org/jetbrains/kotlin/resolve/checkers/InfixModifierChecker
instanceKlass org/jetbrains/kotlin/descriptors/annotations/Annotated
instanceKlass org/jetbrains/kotlin/resolve/checkers/InlineParameterChecker
instanceKlass org/jetbrains/kotlin/resolve/checkers/UnderscoreChecker
instanceKlass org/jetbrains/kotlin/resolve/checkers/ConstModifierChecker
instanceKlass org/jetbrains/kotlin/resolve/checkers/DataClassDeclarationChecker
instanceKlass org/jetbrains/kotlin/resolve/checkers/ExpectActualClassifiersAreInBetaChecker
instanceKlass org/jetbrains/kotlin/resolve/checkers/ActualClassifierMustHasTheSameMembersAsNonFinalExpectClassifierChecker
instanceKlass org/jetbrains/kotlin/resolve/checkers/ExpectActualInTheSameModuleChecker
instanceKlass org/jetbrains/kotlin/resolve/PlatformConfiguratorBaseKt
instanceKlass org/jetbrains/kotlin/container/ComponentRegistry
instanceKlass org/jetbrains/kotlin/container/ComponentStorage
instanceKlass org/jetbrains/kotlin/container/ValueResolver
instanceKlass  @bci org/jetbrains/kotlin/container/StorageComponentContainer <init> (Ljava/lang/String;Lorg/jetbrains/kotlin/container/StorageComponentContainer;)V 18 <appendix> member <vmtarget> ; # org/jetbrains/kotlin/container/StorageComponentContainer$$Lambda+0x00000008004afd90
instanceKlass org/jetbrains/kotlin/container/ComponentResolveContext
instanceKlass org/jetbrains/kotlin/container/ValueResolveContext
instanceKlass org/jetbrains/kotlin/container/DslKt
instanceKlass  @bci org/jetbrains/kotlin/resolve/PlatformConfiguratorBase <init> (Lorg/jetbrains/kotlin/types/DynamicTypesSettings;Ljava/util/List;Ljava/util/List;Ljava/util/List;Ljava/util/List;Ljava/util/List;Ljava/util/List;Ljava/util/List;Lorg/jetbrains/kotlin/resolve/IdentifierChecker;Lorg/jetbrains/kotlin/resolve/OverloadFilter;Lorg/jetbrains/kotlin/builtins/PlatformToKotlinClassMapper;Lorg/jetbrains/kotlin/builtins/PlatformSpecificCastChecker;Lorg/jetbrains/kotlin/resolve/lazy/DelegationFilter;Lorg/jetbrains/kotlin/resolve/OverridesBackwardCompatibilityHelper;Lorg/jetbrains/kotlin/resolve/DeclarationReturnTypeSanitizer;)V 154 <appendix> member <vmtarget> ; # org/jetbrains/kotlin/resolve/PlatformConfiguratorBase$$Lambda+0x00000008004af1e8
instanceKlass org/jetbrains/kotlin/container/StorageComponentContainer
instanceKlass org/jetbrains/kotlin/container/ComponentProvider
instanceKlass org/jetbrains/kotlin/container/ComponentContainer
instanceKlass org/jetbrains/kotlin/resolve/PlatformConfiguratorBase
instanceKlass org/jetbrains/kotlin/resolve/PlatformConfigurator
instanceKlass  @bci org/jetbrains/kotlin/resolve/DefaultImportProvider <init> ()V 21 <appendix> member <vmtarget> ; # org/jetbrains/kotlin/resolve/DefaultImportProvider$$Lambda+0x00000008004adea8
instanceKlass org/jetbrains/kotlin/resolve/DefaultImportProvider$DefaultImportsKey
instanceKlass org/jetbrains/kotlin/resolve/DefaultImportProvider
instanceKlass org/jetbrains/kotlin/fir/scopes/FirDefaultImportProviderHolder
instanceKlass org/jetbrains/kotlin/fir/scopes/impl/FirDelegatedMembersFilter
instanceKlass org/jetbrains/kotlin/fir/analysis/FirOverridesBackwardCompatibilityHelper
instanceKlass org/jetbrains/kotlin/fir/scopes/FirPlatformClassMapper
instanceKlass org/jetbrains/kotlin/fir/resolve/calls/overloads/ConeCallConflictResolverFactory
instanceKlass org/jetbrains/kotlin/fir/FirVisibilityChecker
instanceKlass org/jetbrains/kotlin/fir/declarations/FirMustUseReturnValueStatusComponent$Companion
instanceKlass org/jetbrains/kotlin/fir/declarations/FirMustUseReturnValueStatusComponent
instanceKlass org/jetbrains/kotlin/fir/analysis/diagnostics/FirComposedDiagnosticRendererFactory
instanceKlass org/jetbrains/kotlin/diagnostics/rendering/DiagnosticRendererFactory
instanceKlass org/jetbrains/kotlin/fir/FirPlatformSpecificCastChecker
instanceKlass org/jetbrains/kotlin/fir/types/FirMissingDependencyStorage$cache$1
instanceKlass org/jetbrains/kotlin/fir/types/FirMissingDependencyStorage
instanceKlass org/jetbrains/kotlin/fir/analysis/checkers/expression/FirGenericArrayClassLiteralSupport$Disabled
instanceKlass org/jetbrains/kotlin/fir/analysis/checkers/expression/FirGenericArrayClassLiteralSupport
instanceKlass org/jetbrains/kotlin/fir/analysis/checkers/FirPrimaryConstructorSuperTypeCheckerPlatformComponent
instanceKlass org/jetbrains/kotlin/name/StandardClassIds$Annotations
instanceKlass  @bci org/jetbrains/kotlin/fir/declarations/FirAnnotationsPlatformSpecificSupportComponent <init> ()V 45 <appendix> member <vmtarget> ; # org/jetbrains/kotlin/fir/declarations/FirAnnotationsPlatformSpecificSupportComponent$$Lambda+0x00000008004a9a20
instanceKlass  @bci org/jetbrains/kotlin/fir/declarations/FirAnnotationsPlatformSpecificSupportComponent <init> ()V 32 <appendix> member <vmtarget> ; # org/jetbrains/kotlin/fir/declarations/FirAnnotationsPlatformSpecificSupportComponent$$Lambda+0x00000008004a97c8
instanceKlass  @bci org/jetbrains/kotlin/fir/declarations/FirAnnotationsPlatformSpecificSupportComponent <init> ()V 19 <appendix> member <vmtarget> ; # org/jetbrains/kotlin/fir/declarations/FirAnnotationsPlatformSpecificSupportComponent$$Lambda+0x00000008004a9570
instanceKlass  @bci org/jetbrains/kotlin/fir/declarations/FirAnnotationsPlatformSpecificSupportComponent <init> ()V 6 <appendix> member <vmtarget> ; # org/jetbrains/kotlin/fir/declarations/FirAnnotationsPlatformSpecificSupportComponent$$Lambda+0x00000008004a9318
instanceKlass org/jetbrains/kotlin/fir/declarations/FirAnnotationsPlatformSpecificSupportComponent
instanceKlass org/jetbrains/kotlin/fir/resolve/calls/overloads/FirDeclarationOverloadabilityHelperImpl
instanceKlass org/jetbrains/kotlin/fir/declarations/FirDeclarationOverloadabilityHelper
instanceKlass org/jetbrains/kotlin/fir/scopes/impl/FirAbstractOverrideChecker
instanceKlass org/jetbrains/kotlin/fir/scopes/FirOverrideChecker
instanceKlass  @bci org/jetbrains/kotlin/fir/scopes/impl/FirEnumEntriesSupport <init> (Lorg/jetbrains/kotlin/fir/FirSession;)V 17 <appendix> member <vmtarget> ; # org/jetbrains/kotlin/fir/scopes/impl/FirEnumEntriesSupport$$Lambda+0x00000008004a8000
instanceKlass org/jetbrains/kotlin/fir/scopes/impl/FirEnumEntriesSupport
instanceKlass kotlin/jvm/internal/TypeIntrinsics
instanceKlass org/jetbrains/kotlin/fir/MutableOrEmptyList$Companion
instanceKlass org/jetbrains/kotlin/fir/MutableOrEmptyList
instanceKlass org/jetbrains/kotlin/fir/builder/FirBuilderDslKt
instanceKlass org/jetbrains/kotlin/fir/types/TypeUtilsKt
instanceKlass org/jetbrains/kotlin/fir/types/ConeDynamicType$Companion
instanceKlass org/jetbrains/kotlin/types/model/DynamicTypeMarker
instanceKlass org/jetbrains/kotlin/types/model/FlexibleTypeMarker
instanceKlass org/jetbrains/kotlin/fir/types/builder/FirResolvedTypeRefBuilder
instanceKlass org/jetbrains/kotlin/fir/builder/FirAnnotationContainerBuilder
instanceKlass org/jetbrains/kotlin/fir/scopes/impl/FirDynamicMembersStorage$special$$inlined$createCache$3
instanceKlass org/jetbrains/kotlin/fir/scopes/impl/FirDynamicMembersStorage$special$$inlined$createCache$2
instanceKlass org/jetbrains/kotlin/fir/scopes/impl/FirDynamicMembersStorage$special$$inlined$createCache$1
instanceKlass org/jetbrains/kotlin/fir/scopes/impl/FirDynamicMembersStorage
instanceKlass org/jetbrains/kotlin/fir/scopes/FirOverrideService
instanceKlass  @bci org/jetbrains/kotlin/fir/resolve/FirSamConstructorStorage <init> (Lorg/jetbrains/kotlin/fir/FirSession;)V 15 <appendix> argL0 ; # org/jetbrains/kotlin/fir/resolve/FirSamConstructorStorage$$Lambda+0x00000008004a4590
instanceKlass org/jetbrains/kotlin/fir/resolve/FirSamResolver
instanceKlass org/jetbrains/kotlin/fir/SessionAndScopeSessionHolder
instanceKlass org/jetbrains/kotlin/fir/SessionHolder
instanceKlass org/jetbrains/kotlin/fir/ScopeSessionHolder
instanceKlass org/jetbrains/kotlin/fir/resolve/FirSamConstructorStorage
instanceKlass  @bci org/jetbrains/kotlin/fir/scopes/impl/FirGeneratedMemberDeclarationsStorage <init> (Lorg/jetbrains/kotlin/fir/FirSession;)V 49 <appendix> member <vmtarget> ; # org/jetbrains/kotlin/fir/scopes/impl/FirGeneratedMemberDeclarationsStorage$$Lambda+0x00000008004a37e8
instanceKlass org/jetbrains/kotlin/fir/scopes/impl/FirGeneratedMemberDeclarationsStorage$ClassifierStorage
instanceKlass  @bci org/jetbrains/kotlin/fir/scopes/impl/FirGeneratedMemberDeclarationsStorage <init> (Lorg/jetbrains/kotlin/fir/FirSession;)V 32 <appendix> member <vmtarget> ; # org/jetbrains/kotlin/fir/scopes/impl/FirGeneratedMemberDeclarationsStorage$$Lambda+0x00000008004a3350
instanceKlass org/jetbrains/kotlin/fir/scopes/impl/FirGeneratedMemberDeclarationsStorage$CallableStorage
instanceKlass org/jetbrains/kotlin/fir/scopes/impl/FirGeneratedMemberDeclarationsStorage$StorageContext
instanceKlass org/jetbrains/kotlin/fir/symbols/impl/FirThisOwnerSymbol
instanceKlass org/jetbrains/kotlin/mpp/ClassLikeSymbolMarker
instanceKlass org/jetbrains/kotlin/mpp/ClassifierSymbolMarker
instanceKlass org/jetbrains/kotlin/fir/scopes/impl/FirGeneratedMemberDeclarationsStorage
instanceKlass org/jetbrains/kotlin/fir/scopes/impl/FirSynthesizedStorage$special$$inlined$createCache$1
instanceKlass org/jetbrains/kotlin/fir/scopes/impl/FirSynthesizedStorage
instanceKlass  @bci org/jetbrains/kotlin/fir/scopes/impl/FirTypealiasConstructorStorage <init> (Lorg/jetbrains/kotlin/fir/FirSession;)V 31 <appendix> argL0 ; # org/jetbrains/kotlin/fir/scopes/impl/FirTypealiasConstructorStorage$$Lambda+0x00000008004a1780
instanceKlass org/jetbrains/kotlin/mpp/ConstructorSymbolMarker
instanceKlass org/jetbrains/kotlin/fir/scopes/impl/FirTypealiasConstructorStorage
instanceKlass org/jetbrains/kotlin/fir/scopes/impl/FirIntersectionOverrideStorage$special$$inlined$createCache$1
instanceKlass org/jetbrains/kotlin/fir/scopes/impl/FirIntersectionOverrideStorage
instanceKlass org/jetbrains/kotlin/fir/scopes/impl/FirSubstitutionOverrideStorage$special$$inlined$createCache$1
instanceKlass org/jetbrains/kotlin/fir/scopes/impl/FirSubstitutionOverrideStorage
instanceKlass org/jetbrains/kotlin/fir/resolve/FirDefaultParametersResolver
instanceKlass  @bci org/jetbrains/kotlin/fir/types/FirCorrespondingSupertypesCache <init> (Lorg/jetbrains/kotlin/fir/FirSession;)V 29 <appendix> member <vmtarget> ; # org/jetbrains/kotlin/fir/types/FirCorrespondingSupertypesCache$$Lambda+0x000000080049fac0
instanceKlass org/jetbrains/kotlin/types/TypeCheckerState
instanceKlass org/jetbrains/kotlin/fir/types/FirCorrespondingSupertypesCache
instanceKlass org/jetbrains/kotlin/fir/scopes/impl/FirDeclaredMemberScopeProvider$nestedClassifierCache$1
instanceKlass  @bci org/jetbrains/kotlin/fir/scopes/impl/FirDeclaredMemberScopeProvider <init> (Lorg/jetbrains/kotlin/fir/FirSession;)V 43 <appendix> member <vmtarget> ; # org/jetbrains/kotlin/fir/scopes/impl/FirDeclaredMemberScopeProvider$$Lambda+0x000000080049ecd0
instanceKlass org/jetbrains/kotlin/fir/scopes/FirScope
instanceKlass org/jetbrains/kotlin/fir/scopes/impl/FirDeclaredMemberScopeProvider$DeclaredMemberScopeContext
instanceKlass kotlin/time/DurationUnitKt__DurationUnitJvmKt
instanceKlass kotlin/time/DurationKt
instanceKlass kotlin/time/DurationJvmKt
instanceKlass kotlin/time/Duration$Companion
instanceKlass kotlin/time/Duration
instanceKlass org/jetbrains/kotlin/fir/scopes/impl/FirDeclaredMemberScopeProvider
instanceKlass org/jetbrains/kotlin/fir/resolve/inference/InferenceComponents$ConstraintSystemFactory
instanceKlass org/jetbrains/kotlin/resolve/calls/inference/components/PostponedArgumentInputTypesResolver$Companion
instanceKlass org/jetbrains/kotlin/builtins/functions/FunctionTypeKind
instanceKlass org/jetbrains/kotlin/resolve/calls/inference/components/PostponedArgumentInputTypesResolver
instanceKlass org/jetbrains/kotlin/resolve/calls/inference/components/VariableFixationFinder
instanceKlass org/jetbrains/kotlin/resolve/calls/inference/components/ResultTypeResolver
instanceKlass org/jetbrains/kotlin/resolve/calls/inference/components/ConstraintInjector
instanceKlass org/jetbrains/kotlin/resolve/calls/inference/components/InferenceLogger
instanceKlass org/jetbrains/kotlin/fir/resolve/inference/FirInferenceLoggerKt
instanceKlass org/jetbrains/kotlin/fir/resolve/inference/ConeConstraintSystemUtilContext
instanceKlass org/jetbrains/kotlin/resolve/calls/inference/components/ConstraintSystemUtilContext
instanceKlass org/jetbrains/kotlin/resolve/calls/inference/components/ConstraintIncorporator
instanceKlass org/jetbrains/kotlin/resolve/calls/inference/components/TrivialConstraintTypeInferenceOracle$Companion
instanceKlass org/jetbrains/kotlin/resolve/calls/inference/components/TrivialConstraintTypeInferenceOracle
instanceKlass org/jetbrains/kotlin/fir/types/TypeComponentsKt
instanceKlass org/jetbrains/kotlin/fir/resolve/inference/InferenceComponents
instanceKlass kotlin/reflect/jvm/internal/pcollections/ConsPStack$Itr
instanceKlass org/jetbrains/kotlin/fir/FirLanguageSettingsComponentKt
instanceKlass org/jetbrains/kotlin/types/AbstractTypeApproximator$Companion
instanceKlass org/jetbrains/kotlin/types/AbstractTypeApproximator
instanceKlass org/jetbrains/kotlin/fir/types/TypeComponents$typeContext$1
instanceKlass org/jetbrains/kotlin/fir/types/ConeInferenceContext
instanceKlass org/jetbrains/kotlin/types/model/TypeSystemInferenceExtensionContext
instanceKlass org/jetbrains/kotlin/types/model/TypeSystemCommonSuperTypesContext
instanceKlass org/jetbrains/kotlin/types/model/TypeSystemTypeFactoryContext
instanceKlass org/jetbrains/kotlin/types/model/TypeSystemBuiltInsContext
instanceKlass org/jetbrains/kotlin/fir/types/ConeTypeContext
instanceKlass org/jetbrains/kotlin/types/model/TypeCheckerProviderContext
instanceKlass org/jetbrains/kotlin/types/TypeSystemCommonBackendContext
instanceKlass org/jetbrains/kotlin/types/model/TypeSystemContext
instanceKlass org/jetbrains/kotlin/types/model/TypeSystemOptimizationContext
instanceKlass org/jetbrains/kotlin/fir/types/TypeComponents
instanceKlass org/jetbrains/kotlin/fir/FirLanguageSettingsComponent
instanceKlass org/jetbrains/kotlin/fir/resolve/transformers/FirJumpingPhaseComputationSessionForLocalClassesProvider
instanceKlass org/jetbrains/kotlin/fir/declarations/FirHiddenDeprecationProvider
instanceKlass org/jetbrains/kotlin/fir/extensions/predicate/PredicateVisitor
instanceKlass org/jetbrains/kotlin/fir/extensions/FirPredicateBasedProviderImpl$Cache
instanceKlass org/jetbrains/kotlin/fir/extensions/FirRegisteredPluginAnnotationsKt
instanceKlass org/jetbrains/kotlin/fir/extensions/FirPredicateBasedProvider
instanceKlass org/jetbrains/kotlin/fir/extensions/AbstractFirRegisteredPluginAnnotations$special$$inlined$createCache$1
instanceKlass org/jetbrains/kotlin/util/AbstractArrayMapOwner$AbstractArrayMapAccessor
instanceKlass org/jetbrains/kotlin/fir/caches/FirCachesFactoryKt
instanceKlass org/jetbrains/kotlin/fir/extensions/FirRegisteredPluginAnnotations
instanceKlass org/jetbrains/kotlin/fir/scopes/FirLookupDefaultStarImportsInSourcesSettingHolder$Companion
instanceKlass org/jetbrains/kotlin/fir/scopes/FirLookupDefaultStarImportsInSourcesSettingHolder
instanceKlass org/jetbrains/kotlin/fir/FirExceptionHandler
instanceKlass  @bci org/jetbrains/kotlin/fir/symbols/FirLazyDeclarationResolver <init> ()V 23 <appendix> argL0 ; # org/jetbrains/kotlin/fir/symbols/FirLazyDeclarationResolver$$Lambda+0x000000080048e288
instanceKlass  @bci org/jetbrains/kotlin/fir/symbols/FirLazyDeclarationResolver <init> ()V 5 <appendix> argL0 ; # org/jetbrains/kotlin/fir/symbols/FirLazyDeclarationResolver$$Lambda+0x000000080048e038
instanceKlass org/jetbrains/kotlin/fir/symbols/FirLazyDeclarationResolver
instanceKlass org/jetbrains/kotlin/fir/declarations/SealedClassInheritorsProvider
instanceKlass  @bci org/jetbrains/kotlin/fir/util/ConeTypeRegistry customComputeIfAbsent (Ljava/util/concurrent/ConcurrentHashMap;Ljava/lang/String;Lkotlin/jvm/functions/Function1;)I 21 <appendix> member <vmtarget> ; # org/jetbrains/kotlin/fir/util/ConeTypeRegistry$$Lambda+0x0000000800488258
instanceKlass  @bci org/jetbrains/kotlin/util/TypeRegistry getId (Ljava/lang/String;)I 13 <appendix> member <vmtarget> ; # org/jetbrains/kotlin/util/TypeRegistry$$Lambda+0x0000000800488000
instanceKlass org/jetbrains/kotlin/fir/types/CompilerConeAttributes
instanceKlass org/jetbrains/kotlin/fir/types/ConeAttribute
instanceKlass org/jetbrains/kotlin/types/model/AnnotationMarker
instanceKlass org/jetbrains/kotlin/fir/types/ConeClassifierLookupTag
instanceKlass org/jetbrains/kotlin/fir/types/ConeTypeConstructorMarker
instanceKlass org/jetbrains/kotlin/types/model/TypeConstructorMarker
instanceKlass org/jetbrains/kotlin/fir/types/TypeConstructionUtilsKt
instanceKlass org/jetbrains/kotlin/fir/types/ConeTypeProjection$Companion
instanceKlass org/jetbrains/kotlin/types/model/TypeArgumentListMarker
instanceKlass org/jetbrains/kotlin/types/model/SimpleTypeMarker
instanceKlass org/jetbrains/kotlin/types/model/RigidTypeMarker
instanceKlass org/jetbrains/kotlin/fir/types/ConeTypeProjection
instanceKlass org/jetbrains/kotlin/types/model/TypeArgumentMarker
instanceKlass org/jetbrains/kotlin/name/StandardClassIdsKt
instanceKlass org/jetbrains/kotlin/name/StandardClassIds
instanceKlass org/jetbrains/kotlin/mpp/TypeRefMarker
instanceKlass org/jetbrains/kotlin/fir/BuiltinTypes
instanceKlass org/jetbrains/kotlin/util/ArrayMapImpl$Companion
instanceKlass org/jetbrains/kotlin/fir/session/FirJvmSessionFactory$LibraryContext
instanceKlass org/jetbrains/kotlin/fir/session/FirAbstractSessionFactory
instanceKlass org/jetbrains/kotlin/KtPsiSourceFile
instanceKlass  @bci org/jetbrains/kotlin/fir/resolve/calls/tower/FirTowerResolver runResolverForDelegatingConstructor (Lorg/jetbrains/kotlin/fir/resolve/calls/candidate/CallInfo;Lorg/jetbrains/kotlin/fir/types/ConeClassLikeType;Lorg/jetbrains/kotlin/fir/types/ConeClassLikeLookupTag;Lorg/jetbrains/kotlin/fir/resolve/calls/ResolutionContext;)Lorg/jetbrains/kotlin/fir/resolve/calls/candidate/CandidateCollector; 227 <appendix> form vmentry <vmtarget> ; # java/lang/invoke/LambdaForm$DMH+0x0000000800481400
instanceKlass  @bci org/jetbrains/kotlin/cli/pipeline/jvm/JvmFrontendPipelinePhase prepareJvmSessions (Ljava/util/List;Lorg/jetbrains/kotlin/name/Name;Lorg/jetbrains/kotlin/config/CompilerConfiguration;Lorg/jetbrains/kotlin/cli/jvm/compiler/VfsBasedProjectEnvironment;Lorg/jetbrains/kotlin/fir/session/environment/AbstractProjectFileSearchScope;Lorg/jetbrains/kotlin/fir/DependencyListForCliModule;Lkotlin/jvm/functions/Function1;Lkotlin/jvm/functions/Function1;Lkotlin/jvm/functions/Function2;Lkotlin/jvm/functions/Function1;)Ljava/util/List; 207 <appendix> member <vmtarget> ; # org/jetbrains/kotlin/cli/pipeline/jvm/JvmFrontendPipelinePhase$$Lambda+0x000000080047f280
instanceKlass  @cpi org/jetbrains/kotlin/cli/pipeline/jvm/JvmFrontendPipelinePhase 987 form vmentry <vmtarget> ; # java/lang/invoke/LambdaForm$DMH+0x0000000800481000
instanceKlass org/jetbrains/kotlin/cli/common/FirSessionProducer
instanceKlass  @bci org/jetbrains/kotlin/cli/pipeline/jvm/JvmFrontendPipelinePhase prepareJvmSessions (Ljava/util/List;Lorg/jetbrains/kotlin/name/Name;Lorg/jetbrains/kotlin/config/CompilerConfiguration;Lorg/jetbrains/kotlin/cli/jvm/compiler/VfsBasedProjectEnvironment;Lorg/jetbrains/kotlin/fir/session/environment/AbstractProjectFileSearchScope;Lorg/jetbrains/kotlin/fir/DependencyListForCliModule;Lkotlin/jvm/functions/Function1;Lkotlin/jvm/functions/Function1;Lkotlin/jvm/functions/Function2;Lkotlin/jvm/functions/Function1;)Ljava/util/List; 187 <appendix> form vmentry <vmtarget> ; # java/lang/invoke/LambdaForm$DMH+0x0000000800480c00
instanceKlass  @bci org/jetbrains/kotlin/cli/pipeline/jvm/JvmFrontendPipelinePhase prepareJvmSessions (Ljava/util/List;Lorg/jetbrains/kotlin/name/Name;Lorg/jetbrains/kotlin/config/CompilerConfiguration;Lorg/jetbrains/kotlin/cli/jvm/compiler/VfsBasedProjectEnvironment;Lorg/jetbrains/kotlin/fir/session/environment/AbstractProjectFileSearchScope;Lorg/jetbrains/kotlin/fir/DependencyListForCliModule;Lkotlin/jvm/functions/Function1;Lkotlin/jvm/functions/Function1;Lkotlin/jvm/functions/Function2;Lkotlin/jvm/functions/Function1;)Ljava/util/List; 187 <appendix> member <vmtarget> ; # org/jetbrains/kotlin/cli/pipeline/jvm/JvmFrontendPipelinePhase$$Lambda+0x000000080047edf8
instanceKlass  @bci org/jetbrains/kotlin/fir/resolve/calls/FirSyntheticPropertiesScope buildSyntheticProperty (Lorg/jetbrains/kotlin/name/Name;Lorg/jetbrains/kotlin/fir/declarations/FirSimpleFunction;Lorg/jetbrains/kotlin/fir/declarations/FirSimpleFunction;Lorg/jetbrains/kotlin/fir/resolve/calls/FirSyntheticPropertiesScope$SyntheticGetterCompatibility;Z)Lorg/jetbrains/kotlin/fir/declarations/synthetic/FirSyntheticProperty; 227 <appendix> form vmentry <vmtarget> ; # java/lang/invoke/LambdaForm$DMH+0x0000000800480800
instanceKlass  @bci org/jetbrains/kotlin/cli/pipeline/jvm/JvmFrontendPipelinePhase prepareJvmSessions (Ljava/util/List;Lorg/jetbrains/kotlin/name/Name;Lorg/jetbrains/kotlin/config/CompilerConfiguration;Lorg/jetbrains/kotlin/cli/jvm/compiler/VfsBasedProjectEnvironment;Lorg/jetbrains/kotlin/fir/session/environment/AbstractProjectFileSearchScope;Lorg/jetbrains/kotlin/fir/DependencyListForCliModule;Lkotlin/jvm/functions/Function1;Lkotlin/jvm/functions/Function1;Lkotlin/jvm/functions/Function2;Lkotlin/jvm/functions/Function1;)Ljava/util/List; 169 <appendix> member <vmtarget> ; # org/jetbrains/kotlin/cli/pipeline/jvm/JvmFrontendPipelinePhase$$Lambda+0x000000080047eba0
instanceKlass org/jetbrains/kotlin/resolve/jvm/platform/JvmPlatform
instanceKlass org/jetbrains/kotlin/resolve/TargetPlatform
instanceKlass org/jetbrains/kotlin/cli/common/SessionConstructionUtils
instanceKlass org/jetbrains/kotlin/metadata/ProtoBuf$Annotation$ArgumentOrBuilder
instanceKlass org/jetbrains/kotlin/metadata/ProtoBuf$QualifiedNameTable$QualifiedName$Kind$1
instanceKlass org/jetbrains/kotlin/metadata/ProtoBuf$QualifiedNameTable$QualifiedNameOrBuilder
# instanceKlass java/lang/invoke/LambdaForm$MH+0x0000000800480400
# instanceKlass java/lang/invoke/LambdaForm$MH+0x0000000800480000
instanceKlass org/jetbrains/kotlin/load/kotlin/JvmPackagePartProviderBase$ModuleMappingInfo
instanceKlass org/jetbrains/kotlin/metadata/jvm/deserialization/ModuleMappingKt
instanceKlass org/jetbrains/kotlin/protobuf/UnmodifiableLazyStringList$2
instanceKlass org/jetbrains/kotlin/metadata/jvm/deserialization/PackageParts
instanceKlass org/jetbrains/kotlin/protobuf/Utf8
instanceKlass org/jetbrains/kotlin/metadata/jvm/JvmModuleProtoBuf$PackagePartsOrBuilder
instanceKlass org/jetbrains/kotlin/protobuf/WireFormat
instanceKlass org/jetbrains/kotlin/protobuf/CodedOutputStream
instanceKlass org/jetbrains/kotlin/protobuf/CodedInputStream
instanceKlass org/jetbrains/kotlin/metadata/jvm/JvmModuleProtoBuf$ModuleOrBuilder
instanceKlass org/jetbrains/kotlin/protobuf/ExtensionRegistryLite$ObjectIntPair
instanceKlass org/jetbrains/kotlin/metadata/ProtoBuf$TypeParameter$Variance$1
instanceKlass org/jetbrains/kotlin/metadata/ProtoBuf$TypeParameterOrBuilder
instanceKlass org/jetbrains/kotlin/metadata/ProtoBuf$EnumEntryOrBuilder
instanceKlass org/jetbrains/kotlin/metadata/ProtoBuf$Annotation$Argument$Value$Type$1
instanceKlass org/jetbrains/kotlin/metadata/ProtoBuf$Annotation$Argument$ValueOrBuilder
instanceKlass org/jetbrains/kotlin/metadata/ProtoBuf$ValueParameterOrBuilder
instanceKlass org/jetbrains/kotlin/metadata/ProtoBuf$PropertyOrBuilder
instanceKlass org/jetbrains/kotlin/metadata/ProtoBuf$ContractOrBuilder
instanceKlass org/jetbrains/kotlin/metadata/ProtoBuf$FunctionOrBuilder
instanceKlass org/jetbrains/kotlin/metadata/ProtoBuf$ConstructorOrBuilder
instanceKlass org/jetbrains/kotlin/metadata/ProtoBuf$AnnotationOrBuilder
instanceKlass org/jetbrains/kotlin/metadata/ProtoBuf$TypeOrBuilder
instanceKlass org/jetbrains/kotlin/metadata/ProtoBuf$ClassOrBuilder
instanceKlass org/jetbrains/kotlin/protobuf/GeneratedMessageLite$ExtensionDescriptor
instanceKlass org/jetbrains/kotlin/protobuf/GeneratedMessageLite$GeneratedExtension
instanceKlass org/jetbrains/kotlin/metadata/ProtoBuf$VersionRequirementTableOrBuilder
instanceKlass org/jetbrains/kotlin/metadata/ProtoBuf$TypeTableOrBuilder
instanceKlass org/jetbrains/kotlin/protobuf/SmallSortedMap$EmptySet$2
instanceKlass org/jetbrains/kotlin/protobuf/SmallSortedMap$EmptySet$1
instanceKlass org/jetbrains/kotlin/protobuf/SmallSortedMap$EmptySet
instanceKlass org/jetbrains/kotlin/protobuf/LazyFieldLite
instanceKlass org/jetbrains/kotlin/protobuf/FieldSet
instanceKlass org/jetbrains/kotlin/metadata/ProtoBuf$PackageOrBuilder
instanceKlass org/jetbrains/kotlin/protobuf/GeneratedMessageLite$ExtendableMessageOrBuilder
instanceKlass org/jetbrains/kotlin/metadata/builtins/BuiltInsProtoBuf
instanceKlass org/jetbrains/kotlin/metadata/deserialization/VersionSpecificBehaviorKt
instanceKlass org/jetbrains/kotlin/load/kotlin/ModuleMappingUtilKt
instanceKlass  @bci org/jetbrains/kotlin/cli/jvm/compiler/JvmPackagePartProviderKt tryLoadModuleMapping (Lkotlin/jvm/functions/Function0;Ljava/lang/String;Ljava/lang/String;Lorg/jetbrains/kotlin/resolve/JvmCompilerDeserializationConfiguration;Lorg/jetbrains/kotlin/cli/common/messages/MessageCollector;)Lorg/jetbrains/kotlin/metadata/jvm/deserialization/ModuleMapping; 52 <appendix> member <vmtarget> ; # org/jetbrains/kotlin/cli/jvm/compiler/JvmPackagePartProviderKt$$Lambda+0x000000080046abf0
instanceKlass org/jetbrains/kotlin/com/intellij/util/containers/ShareableKey
instanceKlass  @bci org/jetbrains/kotlin/cli/jvm/compiler/jarfs/FastJarFileSystem$cachedOpenFileHandles$1 createAccessor (Ljava/io/File;)Lkotlin/Pair; 26 <appendix> member <vmtarget> ; # org/jetbrains/kotlin/cli/jvm/compiler/jarfs/FastJarFileSystem$cachedOpenFileHandles$1$$Lambda+0x000000080046a768
instanceKlass org/jetbrains/kotlin/com/intellij/util/io/ResourceHandle
instanceKlass org/jetbrains/kotlin/metadata/ProtoBuf$QualifiedNameTableOrBuilder
instanceKlass org/jetbrains/kotlin/protobuf/ByteString$ByteIterator
instanceKlass org/jetbrains/kotlin/protobuf/ByteString
instanceKlass org/jetbrains/kotlin/protobuf/ExtensionRegistryLite
instanceKlass org/jetbrains/kotlin/protobuf/AbstractParser
instanceKlass org/jetbrains/kotlin/protobuf/MessageLite$Builder
instanceKlass org/jetbrains/kotlin/protobuf/Parser
instanceKlass org/jetbrains/kotlin/protobuf/LazyStringList
instanceKlass org/jetbrains/kotlin/protobuf/ProtocolStringList
instanceKlass org/jetbrains/kotlin/protobuf/FieldSet$FieldDescriptorLite
instanceKlass org/jetbrains/kotlin/protobuf/AbstractMessageLite
instanceKlass org/jetbrains/kotlin/protobuf/MessageLite
instanceKlass org/jetbrains/kotlin/metadata/ProtoBuf$StringTableOrBuilder
instanceKlass org/jetbrains/kotlin/protobuf/MessageLiteOrBuilder
instanceKlass org/jetbrains/kotlin/metadata/deserialization/NameResolverImpl
instanceKlass org/jetbrains/kotlin/metadata/deserialization/NameResolver
instanceKlass org/jetbrains/kotlin/metadata/jvm/deserialization/BinaryModuleData
instanceKlass org/jetbrains/kotlin/metadata/jvm/deserialization/ModuleMapping$Companion
instanceKlass org/jetbrains/kotlin/metadata/jvm/deserialization/ModuleMapping
instanceKlass org/jetbrains/kotlin/cli/jvm/compiler/JvmPackagePartProviderKt
instanceKlass  @bci org/jetbrains/kotlin/cli/jvm/compiler/JvmPackagePartProvider addRoots (Ljava/util/List;Lorg/jetbrains/kotlin/cli/common/messages/MessageCollector;)V 149 <appendix> member <vmtarget> ; # org/jetbrains/kotlin/cli/jvm/compiler/JvmPackagePartProvider$$Lambda+0x0000000800463b40
instanceKlass  @bci org/jetbrains/kotlin/com/intellij/openapi/vfs/VfsUtilCore <clinit> ()V 8 <appendix> argL0 ; # org/jetbrains/kotlin/com/intellij/openapi/vfs/VfsUtilCore$$Lambda+0x00000008004638f0
instanceKlass org/jetbrains/kotlin/com/intellij/openapi/vfs/VirtualFileVisitor
instanceKlass org/jetbrains/kotlin/com/intellij/openapi/vfs/VfsUtilCore
instanceKlass org/jetbrains/kotlin/config/KotlinCompilerVersion
instanceKlass kotlin/collections/MapWithDefault
instanceKlass org/jetbrains/kotlin/metadata/deserialization/MetadataVersion$Companion
instanceKlass org/jetbrains/kotlin/metadata/deserialization/BinaryVersion$Companion
instanceKlass org/jetbrains/kotlin/metadata/deserialization/BinaryVersion
instanceKlass org/jetbrains/kotlin/util/MetadataHelpersKt
instanceKlass org/jetbrains/kotlin/resolve/CommonCompilerDeserializationConfiguration
instanceKlass org/jetbrains/kotlin/serialization/deserialization/DeserializationConfiguration
instanceKlass  @bci org/jetbrains/kotlin/load/kotlin/JvmPackagePartProviderBase <init> ()V 6 <appendix> member <vmtarget> ; # org/jetbrains/kotlin/load/kotlin/JvmPackagePartProviderBase$$Lambda+0x0000000800460c68
instanceKlass org/jetbrains/kotlin/load/kotlin/JvmPackagePartProviderBase$Companion
instanceKlass org/jetbrains/kotlin/load/kotlin/JvmPackagePartProviderBase
instanceKlass org/jetbrains/kotlin/load/kotlin/PackageAndMetadataPartProvider
instanceKlass org/jetbrains/kotlin/serialization/deserialization/MetadataPartProvider
instanceKlass org/jetbrains/kotlin/fir/session/environment/AbstractProjectFileSearchScope$ANY
instanceKlass org/jetbrains/kotlin/cli/jvm/compiler/VfsBasedProjectEnvironmentKt
instanceKlass kotlin/jvm/internal/Ref$ObjectRef
instanceKlass  @bci org/jetbrains/kotlin/fir/java/scopes/FirRenamedForOverrideSymbolsStorage <init> (Lorg/jetbrains/kotlin/fir/caches/FirCachesFactory;)V 51 <appendix> argL0 ; # org/jetbrains/kotlin/fir/java/scopes/FirRenamedForOverrideSymbolsStorage$$Lambda+0x000000080045f630
instanceKlass org/jetbrains/kotlin/fir/FirPureAbstractElement
instanceKlass org/jetbrains/kotlin/fir/declarations/FirTypeParameterRefsOwner
instanceKlass org/jetbrains/kotlin/fir/expressions/FirStatement
instanceKlass org/jetbrains/kotlin/fir/FirAnnotationContainer
instanceKlass org/jetbrains/kotlin/fir/declarations/FirControlFlowGraphOwner
instanceKlass org/jetbrains/kotlin/fir/FirElement
instanceKlass  @bci org/jetbrains/kotlin/fir/java/scopes/FirRenamedForOverrideSymbolsStorage <init> (Lorg/jetbrains/kotlin/fir/caches/FirCachesFactory;)V 38 <appendix> argL0 ; # org/jetbrains/kotlin/fir/java/scopes/FirRenamedForOverrideSymbolsStorage$$Lambda+0x000000080045c7f8
instanceKlass org/jetbrains/kotlin/fir/java/scopes/FirRenamedForOverrideSymbolsStorage$AccidentalOverrideWithDeclaredFunctionHiddenCopyCreationContext
instanceKlass  @bci org/jetbrains/kotlin/fir/java/scopes/FirRenamedForOverrideSymbolsStorage <init> (Lorg/jetbrains/kotlin/fir/caches/FirCachesFactory;)V 25 <appendix> argL0 ; # org/jetbrains/kotlin/fir/java/scopes/FirRenamedForOverrideSymbolsStorage$$Lambda+0x000000080045c368
instanceKlass  @bci org/jetbrains/kotlin/fir/java/scopes/FirRenamedForOverrideSymbolsStorage <init> (Lorg/jetbrains/kotlin/fir/caches/FirCachesFactory;)V 12 <appendix> argL0 ; # org/jetbrains/kotlin/fir/java/scopes/FirRenamedForOverrideSymbolsStorage$$Lambda+0x000000080045c118
instanceKlass org/jetbrains/kotlin/fir/symbols/FirBasedSymbol
instanceKlass org/jetbrains/kotlin/mpp/SimpleFunctionSymbolMarker
instanceKlass org/jetbrains/kotlin/mpp/FunctionSymbolMarker
instanceKlass org/jetbrains/kotlin/mpp/CallableSymbolMarker
instanceKlass org/jetbrains/kotlin/mpp/DeclarationSymbolMarker
instanceKlass org/jetbrains/kotlin/fir/java/scopes/FirRenamedForOverrideSymbolsStorage$RenamedFunctionCreationContext
instanceKlass org/jetbrains/kotlin/fir/java/scopes/FirRenamedForOverrideSymbolsStorage
instanceKlass org/jetbrains/kotlin/fir/scopes/jvm/JvmMappedScope$FirMappedSymbolStorage$special$$inlined$createCache$1
instanceKlass org/jetbrains/kotlin/fir/scopes/jvm/JvmMappedScope$FirMappedSymbolStorage
instanceKlass org/jetbrains/kotlin/fir/caches/NullableMap
instanceKlass org/jetbrains/kotlin/fir/caches/FirCache
instanceKlass org/jetbrains/kotlin/fir/java/enhancement/FirEnhancedSymbolsStorage$special$$inlined$createCache$1
instanceKlass org/jetbrains/kotlin/fir/java/enhancement/FirEnhancedSymbolsStorage
instanceKlass org/jetbrains/kotlin/fir/caches/FirCachesFactory
instanceKlass org/jetbrains/kotlin/fir/session/ComponentsContainersKt
instanceKlass org/jetbrains/kotlin/fir/session/FirSharableJavaComponents
instanceKlass  @bci org/jetbrains/kotlin/cli/pipeline/jvm/JvmFrontendPipelinePhase executePhase (Lorg/jetbrains/kotlin/cli/pipeline/ConfigurationPipelineArtifact;)Lorg/jetbrains/kotlin/cli/pipeline/jvm/JvmFrontendPipelineArtifact; 816 <appendix> member <vmtarget> ; # org/jetbrains/kotlin/cli/pipeline/jvm/JvmFrontendPipelinePhase$$Lambda+0x0000000800458940
instanceKlass org/jetbrains/kotlin/fir/session/IncrementalCompilationContext
instanceKlass  @bci org/jetbrains/kotlin/cli/common/FirSessionConstructionUtilsKt getFileBelongsToModuleForLt (Lorg/jetbrains/kotlin/cli/common/GroupedKtSources;)Lkotlin/jvm/functions/Function2; 7 <appendix> member <vmtarget> ; # org/jetbrains/kotlin/cli/common/FirSessionConstructionUtilsKt$$Lambda+0x00000008004584a8
instanceKlass  @bci org/jetbrains/kotlin/cli/pipeline/jvm/JvmFrontendPipelinePhase executePhase (Lorg/jetbrains/kotlin/cli/pipeline/ConfigurationPipelineArtifact;)Lorg/jetbrains/kotlin/cli/pipeline/jvm/JvmFrontendPipelineArtifact; 801 <appendix> argL0 ; # org/jetbrains/kotlin/cli/pipeline/jvm/JvmFrontendPipelinePhase$$Lambda+0x0000000800458258
instanceKlass  @bci org/jetbrains/kotlin/cli/common/FirSessionConstructionUtilsKt isCommonSourceForLt (Lorg/jetbrains/kotlin/cli/common/GroupedKtSources;)Lkotlin/jvm/functions/Function1; 7 <appendix> member <vmtarget> ; # org/jetbrains/kotlin/cli/common/FirSessionConstructionUtilsKt$$Lambda+0x0000000800458000
instanceKlass  @bci org/jetbrains/kotlin/cli/common/FirSessionConstructionUtilsKt <clinit> ()V 8 <appendix> argL0 ; # org/jetbrains/kotlin/cli/common/FirSessionConstructionUtilsKt$$Lambda+0x0000000800457cc8
instanceKlass  @bci org/jetbrains/kotlin/cli/common/FirSessionConstructionUtilsKt <clinit> ()V 0 <appendix> argL0 ; # org/jetbrains/kotlin/cli/common/FirSessionConstructionUtilsKt$$Lambda+0x0000000800457a78
instanceKlass org/jetbrains/kotlin/com/intellij/psi/PsiClassOwner
instanceKlass org/jetbrains/kotlin/cli/common/FirSessionConstructionUtilsKt
instanceKlass org/jetbrains/kotlin/fir/deserialization/ModuleDataProvider
instanceKlass org/jetbrains/kotlin/fir/DependencyListForCliModule$Builder$build$$inlined$sortedBy$1
instanceKlass org/jetbrains/kotlin/fir/deserialization/LibraryPathFilter
instanceKlass org/jetbrains/kotlin/cli/jvm/config/JvmModulePathRoot
instanceKlass org/jetbrains/kotlin/cli/jvm/config/VirtualJvmClasspathRoot
instanceKlass org/jetbrains/kotlin/util/ArrayMap
instanceKlass org/jetbrains/kotlin/util/TypeRegistry
instanceKlass org/jetbrains/kotlin/util/AbstractArrayMapOwner
instanceKlass org/jetbrains/kotlin/fir/FirModuleData
instanceKlass org/jetbrains/kotlin/fir/DependencyListForCliModule$Builder$BuilderForDefaultDependenciesModule
instanceKlass org/jetbrains/kotlin/fir/DependencyListForCliModule$Builder
instanceKlass org/jetbrains/kotlin/fir/DependencyListForCliModule$Companion
instanceKlass org/jetbrains/kotlin/fir/DependencyListForCliModule
instanceKlass org/jetbrains/kotlin/com/intellij/util/keyFMap/PairElementsFMap
instanceKlass org/jetbrains/kotlin/cli/jvm/compiler/PsiBasedProjectFileSearchScope
instanceKlass org/jetbrains/kotlin/fir/session/environment/AbstractProjectFileSearchScope$EMPTY
instanceKlass org/jetbrains/kotlin/fir/session/environment/AbstractProjectFileSearchScope
instanceKlass org/jetbrains/kotlin/platform/JsPlatformKt
instanceKlass org/jetbrains/kotlin/com/intellij/openapi/util/io/FileUtil$1
instanceKlass org/jetbrains/kotlin/com/intellij/openapi/util/io/FileUtilRt$SymlinkResolver
instanceKlass org/jetbrains/kotlin/com/intellij/openapi/util/io/FileUtil
instanceKlass org/jetbrains/kotlin/KtVirtualFileSourceFile
instanceKlass kotlin/io/FileTreeWalk$WalkState
instanceKlass kotlin/collections/AbstractIterator
instanceKlass kotlin/io/FileTreeWalk
instanceKlass kotlin/io/FilePathComponents
instanceKlass  @bci org/jetbrains/kotlin/extensions/PreprocessedFileCreator <init> (Lorg/jetbrains/kotlin/com/intellij/openapi/project/Project;)V 17 <appendix> member <vmtarget> ; # org/jetbrains/kotlin/extensions/PreprocessedFileCreator$$Lambda+0x000000080044b108
instanceKlass org/jetbrains/kotlin/extensions/PreprocessedFileCreator
instanceKlass  @bci org/jetbrains/kotlin/cli/common/GroupedKtSourcesKt collectSources (Lorg/jetbrains/kotlin/config/CompilerConfiguration;Lorg/jetbrains/kotlin/com/intellij/openapi/project/Project;Lorg/jetbrains/kotlin/cli/common/messages/MessageCollector;)Lorg/jetbrains/kotlin/cli/common/GroupedKtSources; 94 <adapter> ; # java/lang/invoke/LambdaForm$MH+0x000000080044cc00
# instanceKlass java/lang/invoke/LambdaForm$DMH+0x000000080044c800
instanceKlass  @bci org/jetbrains/kotlin/cli/common/GroupedKtSourcesKt collectSources (Lorg/jetbrains/kotlin/config/CompilerConfiguration;Lorg/jetbrains/kotlin/com/intellij/openapi/project/Project;Lorg/jetbrains/kotlin/cli/common/messages/MessageCollector;)Lorg/jetbrains/kotlin/cli/common/GroupedKtSources; 94 <appendix> form vmentry <vmtarget> ; # java/lang/invoke/LambdaForm$DMH+0x000000080044c400
instanceKlass  @bci org/jetbrains/kotlin/cli/common/GroupedKtSourcesKt collectSources (Lorg/jetbrains/kotlin/config/CompilerConfiguration;Lorg/jetbrains/kotlin/com/intellij/openapi/project/Project;Lorg/jetbrains/kotlin/cli/common/messages/MessageCollector;)Lorg/jetbrains/kotlin/cli/common/GroupedKtSources; 94 <appendix> member <vmtarget> ; # org/jetbrains/kotlin/cli/common/GroupedKtSourcesKt$$Lambda+0x000000080044aa48
instanceKlass  @cpi org/jetbrains/kotlin/cli/common/GroupedKtSourcesKt 130 form vmentry <vmtarget> ; # java/lang/invoke/LambdaForm$DMH+0x000000080044c000
instanceKlass kotlin/jvm/internal/Ref$BooleanRef
instanceKlass  @bci org/jetbrains/kotlin/cli/common/GroupedKtSourcesKt <clinit> ()V 0 <appendix> argL0 ; # org/jetbrains/kotlin/cli/common/GroupedKtSourcesKt$$Lambda+0x000000080044a548
instanceKlass org/jetbrains/kotlin/KtSourceFile
instanceKlass org/jetbrains/kotlin/cli/common/GroupedKtSourcesKt
instanceKlass org/jetbrains/kotlin/cli/pipeline/jvm/JvmFrontendPipelinePhase$EnvironmentAndSources
instanceKlass  @bci org/jetbrains/kotlin/cli/pipeline/jvm/JvmFrontendPipelinePhase createEnvironmentAndSources (Lorg/jetbrains/kotlin/config/CompilerConfiguration;Lorg/jetbrains/kotlin/com/intellij/openapi/Disposable;Ljava/lang/String;Lorg/jetbrains/kotlin/diagnostics/impl/BaseDiagnosticsCollector;)Lorg/jetbrains/kotlin/cli/pipeline/jvm/JvmFrontendPipelinePhase$EnvironmentAndSources; 35 <appendix> member <vmtarget> ; # org/jetbrains/kotlin/cli/pipeline/jvm/JvmFrontendPipelinePhase$$Lambda+0x0000000800449a20
instanceKlass org/jetbrains/kotlin/cli/common/GroupedKtSources
instanceKlass org/jetbrains/kotlin/cli/jvm/index/SingleJavaFileRootsIndex
instanceKlass  @bci org/jetbrains/kotlin/cli/jvm/compiler/legacy/pipeline/JvmCompilerPipelineKt createProjectEnvironment (Lorg/jetbrains/kotlin/config/CompilerConfiguration;Lorg/jetbrains/kotlin/com/intellij/openapi/Disposable;Lorg/jetbrains/kotlin/cli/jvm/compiler/EnvironmentConfigFiles;Lorg/jetbrains/kotlin/cli/common/messages/MessageCollector;)Lorg/jetbrains/kotlin/cli/jvm/compiler/VfsBasedProjectEnvironment; 919 <appendix> member <vmtarget> ; # org/jetbrains/kotlin/cli/jvm/compiler/legacy/pipeline/JvmCompilerPipelineKt$$Lambda+0x0000000800449348
instanceKlass org/jetbrains/kotlin/load/kotlin/PackagePartProvider
instanceKlass org/jetbrains/kotlin/cli/jvm/compiler/VfsBasedProjectEnvironment
instanceKlass org/jetbrains/kotlin/fir/session/environment/AbstractProjectEnvironment
instanceKlass org/jetbrains/kotlin/cli/jvm/compiler/JavaLanguageLevelKt$EntriesMappings
instanceKlass org/jetbrains/kotlin/cli/jvm/compiler/JavaLanguageLevelKt
instanceKlass org/jetbrains/kotlin/cli/jvm/compiler/CliMetadataFinderFactory
instanceKlass org/jetbrains/kotlin/load/kotlin/MetadataFinderFactory
instanceKlass org/jetbrains/kotlin/cli/jvm/compiler/CliVirtualFileFinderFactory
instanceKlass org/jetbrains/kotlin/load/kotlin/VirtualFileFinderFactory
instanceKlass  @bci org/jetbrains/kotlin/cli/jvm/modules/CliJavaModuleResolver <init> (Lorg/jetbrains/kotlin/cli/jvm/modules/JavaModuleGraph;Ljava/util/List;Ljava/util/List;Lorg/jetbrains/kotlin/com/intellij/openapi/project/Project;)V 217 <appendix> member <vmtarget> ; # org/jetbrains/kotlin/cli/jvm/modules/CliJavaModuleResolver$$Lambda+0x00000008004459a0
instanceKlass org/jetbrains/kotlin/load/kotlin/VirtualFileFinder
instanceKlass org/jetbrains/kotlin/load/kotlin/KotlinClassFinder
instanceKlass org/jetbrains/kotlin/serialization/deserialization/KotlinMetadataFinder
instanceKlass org/jetbrains/kotlin/cli/jvm/modules/CliJavaModuleResolver
instanceKlass org/jetbrains/kotlin/resolve/jvm/modules/JavaModuleResolver
instanceKlass org/jetbrains/kotlin/load/java/JavaModuleAnnotationsProvider
instanceKlass  @bci org/jetbrains/kotlin/cli/jvm/index/JvmDependenciesDynamicCompoundIndex getIndexedRoots ()Lkotlin/sequences/Sequence; 10 <appendix> argL0 ; # org/jetbrains/kotlin/cli/jvm/index/JvmDependenciesDynamicCompoundIndex$$Lambda+0x00000008004473c8
instanceKlass  @bci org/jetbrains/kotlin/cli/jvm/index/JvmDependenciesIndexImpl <init> (Ljava/util/List;Z)V 67 <appendix> member <vmtarget> ; # org/jetbrains/kotlin/cli/jvm/index/JvmDependenciesIndexImpl$$Lambda+0x0000000800447170
instanceKlass  @bci org/jetbrains/kotlin/cli/jvm/index/JvmDependenciesIndexImpl <init> (Ljava/util/List;Z)V 54 <appendix> member <vmtarget> ; # org/jetbrains/kotlin/cli/jvm/index/JvmDependenciesIndexImpl$$Lambda+0x0000000800446000
instanceKlass  @bci org/jetbrains/kotlin/cli/jvm/index/JvmDependenciesIndexImpl <init> (Ljava/util/List;Z)V 41 <appendix> member <vmtarget> ; # org/jetbrains/kotlin/cli/jvm/index/JvmDependenciesIndexImpl$$Lambda+0x0000000800443da8
instanceKlass org/jetbrains/kotlin/cli/jvm/index/JvmDependenciesIndexImpl$Cache
instanceKlass  @bci org/jetbrains/kotlin/cli/jvm/index/JvmDependenciesIndexImpl <init> (Ljava/util/List;Z)V 28 <appendix> member <vmtarget> ; # org/jetbrains/kotlin/cli/jvm/index/JvmDependenciesIndexImpl$$Lambda+0x0000000800443910
instanceKlass org/jetbrains/kotlin/cli/jvm/index/JvmDependenciesIndexImpl
instanceKlass java/util/concurrent/locks/ReentrantReadWriteLock$WriteLock
instanceKlass java/util/concurrent/locks/ReentrantReadWriteLock$ReadLock
instanceKlass java/util/concurrent/locks/ReentrantReadWriteLock
instanceKlass java/util/concurrent/locks/ReadWriteLock
instanceKlass org/jetbrains/kotlin/cli/jvm/index/JvmDependenciesDynamicCompoundIndex
instanceKlass org/jetbrains/kotlin/cli/jvm/index/JvmDependenciesIndex
instanceKlass org/jetbrains/kotlin/cli/jvm/compiler/ClasspathRootsResolver$RootsAndModules
instanceKlass org/jetbrains/kotlin/cli/jvm/index/JavaRoot$RootTypes
instanceKlass org/jetbrains/kotlin/cli/jvm/index/JavaRoot
instanceKlass org/jetbrains/kotlin/cli/jvm/config/JavaSourceRoot
instanceKlass org/jetbrains/kotlin/com/intellij/util/text/CharArrayExternalizable
instanceKlass org/jetbrains/kotlin/com/intellij/util/text/ImmutableCharSequence
instanceKlass org/jetbrains/kotlin/com/intellij/util/text/CharArrayUtil
instanceKlass java/util/concurrent/ExecutorService
instanceKlass java/util/concurrent/BlockingQueue
instanceKlass org/jetbrains/kotlin/com/intellij/util/ConcurrencyUtil
instanceKlass org/jetbrains/kotlin/load/kotlin/LibraryContainerAwareVirtualFile
# instanceKlass java/lang/invoke/LambdaForm$MH+0x0000000800444800
# instanceKlass java/lang/invoke/LambdaForm$MH+0x0000000800444400
# instanceKlass java/lang/invoke/LambdaForm$MH+0x0000000800444000
instanceKlass org/jetbrains/kotlin/cli/jvm/compiler/jarfs/ZipImplementationKt$WhenMappings
instanceKlass  @bci org/jetbrains/kotlin/cli/jvm/compiler/jarfs/ZipImplementationKt contentsToByteArray (Lorg/jetbrains/kotlin/cli/jvm/compiler/jarfs/LargeDynamicMappedBuffer;Lorg/jetbrains/kotlin/cli/jvm/compiler/jarfs/ZipEntryDescription;)[B 18 <appendix> member <vmtarget> ; # org/jetbrains/kotlin/cli/jvm/compiler/jarfs/ZipImplementationKt$$Lambda+0x0000000800440980
instanceKlass org/jetbrains/kotlin/cli/jvm/compiler/jarfs/ZipEntryDescription
instanceKlass org/jetbrains/kotlin/cli/jvm/compiler/jarfs/ByteArrayCharSequence
instanceKlass kotlin/jvm/internal/Ref$IntRef
instanceKlass  @bci org/jetbrains/kotlin/cli/jvm/compiler/jarfs/ZipImplementationKt parseCentralDirectory (Lorg/jetbrains/kotlin/cli/jvm/compiler/jarfs/LargeDynamicMappedBuffer;)Ljava/util/List; 84 <adapter> ; # java/lang/invoke/LambdaForm$MH+0x000000080043fc00
instanceKlass  @bci org/jetbrains/kotlin/cli/jvm/compiler/jarfs/ZipImplementationKt parseCentralDirectory (Lorg/jetbrains/kotlin/cli/jvm/compiler/jarfs/LargeDynamicMappedBuffer;)Ljava/util/List; 84 <appendix> form vmentry <vmtarget> ; # java/lang/invoke/LambdaForm$DMH+0x000000080043f800
instanceKlass  @bci org/jetbrains/kotlin/cli/jvm/compiler/jarfs/ZipImplementationKt parseCentralDirectory (Lorg/jetbrains/kotlin/cli/jvm/compiler/jarfs/LargeDynamicMappedBuffer;)Ljava/util/List; 84 <appendix> member <vmtarget> ; # org/jetbrains/kotlin/cli/jvm/compiler/jarfs/ZipImplementationKt$$Lambda+0x000000080043bb30
instanceKlass  @cpi org/jetbrains/kotlin/cli/jvm/compiler/jarfs/ZipImplementationKt 135 form vmentry <vmtarget> ; # java/lang/invoke/LambdaForm$DMH+0x000000080043f400
instanceKlass kotlin/jvm/internal/Ref$LongRef
instanceKlass kotlin/UInt$Companion
instanceKlass kotlin/UInt
# instanceKlass java/lang/invoke/LambdaForm$MH+0x000000080043f000
# instanceKlass java/lang/invoke/LambdaForm$MH+0x000000080043ec00
# instanceKlass java/lang/invoke/LambdaForm$MH+0x000000080043e800
# instanceKlass java/lang/invoke/LambdaForm$MH+0x000000080043e400
# instanceKlass java/lang/invoke/LambdaForm$MH+0x000000080043e000
# instanceKlass java/lang/invoke/LambdaForm$MH+0x000000080043dc00
# instanceKlass java/lang/invoke/LambdaForm$MH+0x000000080043d800
# instanceKlass java/lang/invoke/LambdaForm$BMH+0x000000080043d400
# instanceKlass java/lang/invoke/LambdaForm$DMH+0x000000080043d000
# instanceKlass java/lang/invoke/LambdaForm$MH+0x000000080043cc00
# instanceKlass java/lang/invoke/LambdaForm$DMH+0x000000080043c800
# instanceKlass java/lang/invoke/LambdaForm$DMH+0x000000080043c400
instanceKlass java/lang/foreign/MemorySegment
instanceKlass sun/nio/ch/Util$4
instanceKlass sun/nio/ch/Util
instanceKlass sun/nio/ch/IOStatus
instanceKlass sun/nio/ch/FileChannelImpl$Unmapper
instanceKlass jdk/internal/access/foreign/UnmapperProxy
instanceKlass sun/nio/ch/NativeThread
instanceKlass java/nio/channels/spi/AbstractInterruptibleChannel$1
instanceKlass sun/nio/ch/Interruptible
instanceKlass  @bci jdk/internal/misc/ExtendedMapMode <clinit> ()V 0 <appendix> argL0 ; # jdk/internal/misc/ExtendedMapMode$$Lambda+0x00000008001e1840
instanceKlass jdk/internal/misc/ExtendedMapMode
instanceKlass java/nio/channels/FileChannel$MapMode
instanceKlass sun/nio/ch/NativeThreadSet
instanceKlass sun/nio/ch/IOUtil
instanceKlass sun/nio/ch/NativeDispatcher
instanceKlass org/jetbrains/kotlin/com/google/common/primitives/Longs
instanceKlass  @bci org/jetbrains/kotlin/cli/jvm/compiler/jarfs/ZipImplementationKt parseCentralDirectoryRecordsNumberAndOffset (Lorg/jetbrains/kotlin/cli/jvm/compiler/jarfs/LargeDynamicMappedBuffer;)Lkotlin/Pair; 1 <appendix> argL0 ; # org/jetbrains/kotlin/cli/jvm/compiler/jarfs/ZipImplementationKt$$Lambda+0x000000080043afe8
instanceKlass org/jetbrains/kotlin/cli/jvm/compiler/jarfs/LargeDynamicMappedBuffer$Mapping
instanceKlass org/jetbrains/kotlin/cli/jvm/compiler/jarfs/ZipImplementationKt
instanceKlass  @bci org/jetbrains/kotlin/cli/jvm/compiler/jarfs/FastJarHandler <init> (Lorg/jetbrains/kotlin/cli/jvm/compiler/jarfs/FastJarFileSystem;Ljava/lang/String;)V 79 <appendix> member <vmtarget> ; # org/jetbrains/kotlin/cli/jvm/compiler/jarfs/FastJarHandler$$Lambda+0x000000080043a918
instanceKlass  @cpi org/jetbrains/kotlin/cli/jvm/compiler/jarfs/FastJarFileSystem$cachedOpenFileHandles$1 84 form vmentry <vmtarget> ; # java/lang/invoke/LambdaForm$DMH+0x000000080043c000
instanceKlass org/jetbrains/kotlin/cli/jvm/compiler/jarfs/LargeDynamicMappedBuffer
instanceKlass org/jetbrains/kotlin/com/intellij/openapi/util/Pair
instanceKlass org/jetbrains/kotlin/cli/jvm/modules/JavaModuleGraph
instanceKlass org/jetbrains/kotlin/cli/jvm/compiler/ClasspathRootsResolver$Companion
instanceKlass org/jetbrains/kotlin/cli/jvm/compiler/ClasspathRootsResolver
instanceKlass  @bci org/jetbrains/kotlin/cli/jvm/compiler/legacy/pipeline/JvmCompilerPipelineKt createProjectEnvironment (Lorg/jetbrains/kotlin/config/CompilerConfiguration;Lorg/jetbrains/kotlin/com/intellij/openapi/Disposable;Lorg/jetbrains/kotlin/cli/jvm/compiler/EnvironmentConfigFiles;Lorg/jetbrains/kotlin/cli/common/messages/MessageCollector;)Lorg/jetbrains/kotlin/cli/jvm/compiler/VfsBasedProjectEnvironment; 261 <appendix> member <vmtarget> ; # org/jetbrains/kotlin/cli/jvm/compiler/legacy/pipeline/JvmCompilerPipelineKt$$Lambda+0x0000000800439088
instanceKlass  @bci org/jetbrains/kotlin/cli/jvm/modules/CliJavaModuleFinder <init> (Ljava/io/File;Lorg/jetbrains/kotlin/cli/common/messages/MessageCollector;Lorg/jetbrains/kotlin/resolve/jvm/KotlinCliJavaFileManager;Lorg/jetbrains/kotlin/com/intellij/openapi/project/Project;Ljava/lang/Integer;)V 241 <appendix> member <vmtarget> ; # org/jetbrains/kotlin/cli/jvm/modules/CliJavaModuleFinder$$Lambda+0x0000000800438e30
instanceKlass  @bci org/jetbrains/kotlin/cli/jvm/modules/CliJavaModuleFinder <init> (Ljava/io/File;Lorg/jetbrains/kotlin/cli/common/messages/MessageCollector;Lorg/jetbrains/kotlin/resolve/jvm/KotlinCliJavaFileManager;Lorg/jetbrains/kotlin/com/intellij/openapi/project/Project;Ljava/lang/Integer;)V 228 <appendix> member <vmtarget> ; # org/jetbrains/kotlin/cli/jvm/modules/CliJavaModuleFinder$$Lambda+0x0000000800438bd8
instanceKlass org/jetbrains/kotlin/resolve/jvm/modules/JavaModule$Root
instanceKlass  @bci org/jetbrains/kotlin/cli/jvm/modules/CliJavaModuleFinder <init> (Ljava/io/File;Lorg/jetbrains/kotlin/cli/common/messages/MessageCollector;Lorg/jetbrains/kotlin/resolve/jvm/KotlinCliJavaFileManager;Lorg/jetbrains/kotlin/com/intellij/openapi/project/Project;Ljava/lang/Integer;)V 201 <appendix> member <vmtarget> ; # org/jetbrains/kotlin/cli/jvm/modules/CliJavaModuleFinder$$Lambda+0x0000000800438740
instanceKlass  @bci org/jetbrains/kotlin/cli/jvm/modules/CliJavaModuleFinder <init> (Ljava/io/File;Lorg/jetbrains/kotlin/cli/common/messages/MessageCollector;Lorg/jetbrains/kotlin/resolve/jvm/KotlinCliJavaFileManager;Lorg/jetbrains/kotlin/com/intellij/openapi/project/Project;Ljava/lang/Integer;)V 188 <appendix> member <vmtarget> ; # org/jetbrains/kotlin/cli/jvm/modules/CliJavaModuleFinder$$Lambda+0x00000008004384e8
instanceKlass  @bci org/jetbrains/kotlin/cli/jvm/modules/CliJavaModuleFinder <init> (Ljava/io/File;Lorg/jetbrains/kotlin/cli/common/messages/MessageCollector;Lorg/jetbrains/kotlin/resolve/jvm/KotlinCliJavaFileManager;Lorg/jetbrains/kotlin/com/intellij/openapi/project/Project;Ljava/lang/Integer;)V 175 <appendix> member <vmtarget> ; # org/jetbrains/kotlin/cli/jvm/modules/CliJavaModuleFinder$$Lambda+0x0000000800438290
instanceKlass  @bci org/jetbrains/kotlin/cli/jvm/modules/CliJavaModuleFinder <init> (Ljava/io/File;Lorg/jetbrains/kotlin/cli/common/messages/MessageCollector;Lorg/jetbrains/kotlin/resolve/jvm/KotlinCliJavaFileManager;Lorg/jetbrains/kotlin/com/intellij/openapi/project/Project;Ljava/lang/Integer;)V 162 <appendix> member <vmtarget> ; # org/jetbrains/kotlin/cli/jvm/modules/CliJavaModuleFinder$$Lambda+0x0000000800437d98
instanceKlass org/jetbrains/kotlin/cli/jvm/modules/CliJavaModuleFinder
instanceKlass org/jetbrains/kotlin/resolve/jvm/modules/JavaModuleFinder
instanceKlass  @bci org/jetbrains/kotlin/com/intellij/openapi/util/KeyedExtensionCollector buildExtensions (Ljava/lang/String;Ljava/lang/Object;)Ljava/util/List; 48 <appendix> member <vmtarget> ; # org/jetbrains/kotlin/com/intellij/openapi/util/KeyedExtensionCollector$$Lambda+0x0000000800437688
instanceKlass org/jetbrains/kotlin/com/intellij/openapi/util/KeyedExtensionCollector$MyExtensionPointListener
instanceKlass org/jetbrains/kotlin/resolve/jvm/KotlinJavaPsiFacade$2
instanceKlass org/jetbrains/kotlin/resolve/jvm/KotlinJavaPsiFacade$1
instanceKlass  @bci org/jetbrains/kotlin/resolve/jvm/KotlinJavaPsiFacade <init> (Lorg/jetbrains/kotlin/com/intellij/openapi/project/Project;)V 47 <appendix> member <vmtarget> ; # org/jetbrains/kotlin/resolve/jvm/KotlinJavaPsiFacade$$Lambda+0x0000000800436ab8
instanceKlass org/jetbrains/kotlin/com/intellij/psi/PsiModifierList
instanceKlass org/jetbrains/kotlin/resolve/jvm/NotFoundPackagesCachingStrategy$Default
instanceKlass  @bci org/jetbrains/kotlin/com/intellij/psi/PsiElement <clinit> ()V 7 <appendix> argL0 ; # org/jetbrains/kotlin/com/intellij/psi/PsiElement$$Lambda+0x0000000800433758
instanceKlass  @bci org/jetbrains/kotlin/com/intellij/psi/impl/ElementBase <clinit> ()V 16 <appendix> argL0 ; # org/jetbrains/kotlin/com/intellij/psi/impl/ElementBase$$Lambda+0x00000008004334c8
instanceKlass  @bci org/jetbrains/kotlin/com/intellij/psi/impl/ElementBase <clinit> ()V 8 <appendix> argL0 ; # org/jetbrains/kotlin/com/intellij/psi/impl/ElementBase$$Lambda+0x0000000800433278
instanceKlass org/jetbrains/kotlin/com/intellij/psi/impl/ElementBase$ElementIconRequest
instanceKlass org/jetbrains/kotlin/load/java/structure/JavaClass
instanceKlass org/jetbrains/kotlin/load/java/structure/JavaTypeParameterListOwner
instanceKlass org/jetbrains/kotlin/load/java/structure/JavaModifierListOwner
instanceKlass org/jetbrains/kotlin/load/java/structure/JavaClassifier
instanceKlass org/jetbrains/kotlin/load/java/structure/JavaNamedElement
instanceKlass org/jetbrains/kotlin/load/java/structure/JavaAnnotationOwner
instanceKlass org/jetbrains/kotlin/load/java/structure/JavaElement
instanceKlass org/jetbrains/kotlin/resolve/jvm/KotlinJavaPsiFacade$KotlinPsiElementFinderWrapperImpl
instanceKlass org/jetbrains/kotlin/resolve/jvm/KotlinJavaPsiFacade$KotlinPsiElementFinderWrapper
instanceKlass org/jetbrains/kotlin/resolve/jvm/NotFoundPackagesCachingStrategy
instanceKlass org/jetbrains/kotlin/resolve/jvm/KotlinJavaPsiFacade
instanceKlass org/jetbrains/kotlin/load/java/structure/impl/source/JavaElementSourceFactory
instanceKlass org/jetbrains/kotlin/cli/common/CliModuleVisibilityManagerImpl
instanceKlass org/jetbrains/kotlin/load/kotlin/ModuleVisibilityManager
instanceKlass org/jetbrains/kotlin/compiler/plugin/CompilerPluginRegistrarKt
instanceKlass  @bci org/jetbrains/kotlin/cli/jvm/compiler/KotlinCoreEnvironment$Companion registerExtensionsFromPlugins$cli_base (Lorg/jetbrains/kotlin/com/intellij/mock/MockProject;Lorg/jetbrains/kotlin/config/CompilerConfiguration;)V 292 <appendix> argL0 ; # org/jetbrains/kotlin/cli/jvm/compiler/KotlinCoreEnvironment$Companion$$Lambda+0x000000080042e0b0
instanceKlass androidx/compose/compiler/plugins/kotlin/EmptyModuleMetrics
instanceKlass androidx/compose/compiler/plugins/kotlin/ModuleMetrics
instanceKlass androidx/compose/compiler/plugins/kotlin/ComposeIrGenerationExtension
instanceKlass org/jetbrains/kotlin/config/JvmClosureGenerationScheme$Companion
instanceKlass androidx/compose/compiler/plugins/kotlin/FeatureFlags
instanceKlass  @bci org/jetbrains/kotlin/fir/extensions/FirExtensionRegistrar <init> ()V 152 <appendix> member <vmtarget> ; # org/jetbrains/kotlin/fir/extensions/FirExtensionRegistrar$$Lambda+0x000000080042d2c8
instanceKlass org/jetbrains/kotlin/fir/FirSessionComponent
instanceKlass org/jetbrains/kotlin/fir/extensions/FirExtension
instanceKlass org/jetbrains/kotlin/fir/extensions/FirExtensionRegistrar$Companion
instanceKlass org/jetbrains/kotlin/metadata/ProtoBuf$MemberKind$1
instanceKlass org/jetbrains/kotlin/metadata/ProtoBuf$Class$Kind$1
instanceKlass org/jetbrains/kotlin/metadata/ProtoBuf$Modality$1
instanceKlass org/jetbrains/kotlin/metadata/ProtoBuf$Visibility$1
instanceKlass org/jetbrains/kotlin/protobuf/Internal$EnumLiteMap
instanceKlass org/jetbrains/kotlin/protobuf/Internal$EnumLite
instanceKlass org/jetbrains/kotlin/metadata/deserialization/Flags$FlagField
instanceKlass org/jetbrains/kotlin/metadata/deserialization/Flags
instanceKlass androidx/compose/compiler/plugins/kotlin/lower/ClassStabilityFieldSerializationPlugin
instanceKlass androidx/compose/compiler/plugins/kotlin/k1/ComposeTypeResolutionInterceptorExtension
instanceKlass androidx/compose/compiler/plugins/kotlin/k1/ComposeDiagnosticSuppressor
instanceKlass androidx/compose/compiler/plugins/kotlin/k1/ComposableAnnotationChecker
instanceKlass org/jetbrains/kotlin/resolve/AdditionalAnnotationChecker
instanceKlass androidx/compose/compiler/plugins/kotlin/inference/ApplierInferencer
instanceKlass androidx/compose/compiler/plugins/kotlin/k1/ComposableTargetChecker$infer$4
instanceKlass androidx/compose/compiler/plugins/kotlin/inference/LazySchemeStorage
instanceKlass androidx/compose/compiler/plugins/kotlin/k1/ComposableTargetChecker$infer$3
instanceKlass androidx/compose/compiler/plugins/kotlin/inference/ErrorReporter
instanceKlass androidx/compose/compiler/plugins/kotlin/k1/ComposableTargetChecker$infer$2
instanceKlass androidx/compose/compiler/plugins/kotlin/inference/NodeAdapter
instanceKlass androidx/compose/compiler/plugins/kotlin/k1/ComposableTargetChecker$infer$1
instanceKlass androidx/compose/compiler/plugins/kotlin/inference/TypeAdapter
instanceKlass androidx/compose/compiler/plugins/kotlin/k1/ComposableTargetChecker
instanceKlass androidx/compose/compiler/plugins/kotlin/k1/ComposableDeclarationChecker
instanceKlass org/jetbrains/kotlin/resolve/checkers/DeclarationChecker
instanceKlass androidx/compose/compiler/plugins/kotlin/k1/ComposableCallChecker
instanceKlass org/jetbrains/kotlin/resolve/calls/checkers/AdditionalTypeChecker
instanceKlass org/jetbrains/kotlin/resolve/calls/checkers/CallChecker
instanceKlass org/jetbrains/kotlin/compiler/plugin/CompilerPluginRegistrar$ExtensionStorage
instanceKlass org/jetbrains/kotlin/resolve/diagnostics/DiagnosticSuppressor
instanceKlass org/jetbrains/kotlin/fir/extensions/FirAnalysisHandlerExtension
instanceKlass org/jetbrains/kotlin/resolve/extensions/AssignResolutionAltererExtension
instanceKlass org/jetbrains/kotlin/extensions/AnnotationBasedExtension
instanceKlass org/jetbrains/kotlin/types/DefaultTypeAttributeTranslator
instanceKlass org/jetbrains/kotlin/types/extensions/TypeAttributeTranslators
instanceKlass org/jetbrains/kotlin/extensions/TypeAttributeTranslatorExtension
instanceKlass org/jetbrains/kotlin/types/TypeAttributeTranslator
instanceKlass org/jetbrains/kotlin/fir/extensions/FirExtensionRegistrarAdapter
instanceKlass org/jetbrains/kotlin/serialization/DescriptorSerializerPlugin
instanceKlass org/jetbrains/kotlin/extensions/internal/CallResolutionInterceptorExtension
instanceKlass org/jetbrains/kotlin/extensions/internal/CandidateInterceptor
instanceKlass org/jetbrains/kotlin/extensions/internal/TypeResolutionInterceptorExtension
instanceKlass org/jetbrains/kotlin/extensions/internal/TypeResolutionInterceptor
instanceKlass org/jetbrains/kotlin/cli/common/extensions/ShellExtension
instanceKlass org/jetbrains/kotlin/cli/common/extensions/ScriptEvaluationExtension
instanceKlass org/jetbrains/kotlin/backend/common/extensions/IrGenerationExtension
instanceKlass org/jetbrains/kotlin/resolve/extensions/ExtraImportsProviderExtension
instanceKlass org/jetbrains/kotlin/extensions/ProcessSourcesBeforeCompilingExtension
instanceKlass org/jetbrains/kotlin/extensions/CollectAdditionalSourcesExtension
instanceKlass org/jetbrains/kotlin/extensions/CompilerConfigurationExtension
instanceKlass org/jetbrains/kotlin/extensions/PreprocessedVirtualFileFactoryExtension
instanceKlass org/jetbrains/kotlin/extensions/DeclarationAttributeAltererExtension
instanceKlass org/jetbrains/kotlin/extensions/StorageComponentContainerContributor
instanceKlass org/jetbrains/kotlin/resolve/jvm/extensions/PackageFragmentProviderExtension
instanceKlass org/jetbrains/kotlin/resolve/jvm/extensions/AnalysisHandlerExtension
instanceKlass org/jetbrains/kotlin/resolve/extensions/AnalysisHandlerExtension
instanceKlass org/jetbrains/kotlin/codegen/extensions/ClassFileFactoryFinalizerExtension
instanceKlass org/jetbrains/kotlin/backend/jvm/extensions/ClassGeneratorExtension
instanceKlass org/jetbrains/kotlin/codegen/extensions/ClassBuilderInterceptorExtension
instanceKlass org/jetbrains/kotlin/resolve/jvm/extensions/SyntheticJavaResolveExtension
instanceKlass org/jetbrains/kotlin/extensions/ProjectExtensionDescriptor
instanceKlass org/jetbrains/kotlin/resolve/extensions/SyntheticResolveExtension
instanceKlass  @bci jdk/internal/reflect/MethodHandleIntegerFieldAccessorImpl setInt (Ljava/lang/Object;I)V 29 <adapter> ; # java/lang/invoke/LambdaForm$MH+0x000000080041c400
instanceKlass java/util/Random
instanceKlass java/util/random/RandomGenerator
instanceKlass java/nio/file/DirectoryStream$Filter
instanceKlass java/nio/file/FileVisitor
instanceKlass org/jetbrains/kotlin/com/intellij/openapi/util/io/FileUtilRt
instanceKlass org/jetbrains/kotlin/com/intellij/openapi/vfs/PersistentFSConstants
instanceKlass  @bci org/jetbrains/kotlin/cli/jvm/compiler/KotlinCoreApplicationEnvironment getFastJarFileSystem ()Lorg/jetbrains/kotlin/cli/jvm/compiler/jarfs/FastJarFileSystem; 45 <appendix> member <vmtarget> ; # org/jetbrains/kotlin/cli/jvm/compiler/KotlinCoreApplicationEnvironment$$Lambda+0x00000008004192c8
instanceKlass  @bci org/jetbrains/kotlin/com/intellij/util/containers/SLRUMap <init> (IILorg/jetbrains/kotlin/com/intellij/util/containers/hash/EqualityPolicy;)V 55 <appendix> member <vmtarget> ; # org/jetbrains/kotlin/com/intellij/util/containers/SLRUMap$$Lambda+0x0000000800419070
instanceKlass org/jetbrains/kotlin/com/intellij/util/containers/LinkedCustomHashMap$Entry
instanceKlass  @bci org/jetbrains/kotlin/com/intellij/util/containers/SLRUMap <init> (IILorg/jetbrains/kotlin/com/intellij/util/containers/hash/EqualityPolicy;)V 37 <appendix> member <vmtarget> ; # org/jetbrains/kotlin/com/intellij/util/containers/SLRUMap$$Lambda+0x0000000800418978
instanceKlass  @cpi org/jetbrains/kotlin/com/intellij/util/containers/SLRUMap 67 form vmentry <vmtarget> ; # java/lang/invoke/LambdaForm$DMH+0x000000080041c000
instanceKlass org/jetbrains/kotlin/com/intellij/util/containers/LinkedCustomHashMap$RemoveCallback
instanceKlass org/jetbrains/kotlin/com/intellij/util/containers/LinkedCustomHashMap
instanceKlass org/jetbrains/kotlin/com/intellij/util/containers/SLRUMap
instanceKlass org/jetbrains/kotlin/com/intellij/util/io/FileAccessorCache
instanceKlass org/jetbrains/kotlin/com/intellij/util/containers/hash/EqualityPolicy
instanceKlass  @bci org/jetbrains/kotlin/cli/jvm/compiler/jarfs/FastJarFileSystem <init> (Lkotlin/jvm/functions/Function1;)V 16 <appendix> member <vmtarget> ; # org/jetbrains/kotlin/cli/jvm/compiler/jarfs/FastJarFileSystem$$Lambda+0x0000000800417540
instanceKlass  @bci org/jetbrains/kotlin/cli/jvm/compiler/jarfs/FastJarFileSystem <init> (Lkotlin/jvm/functions/Function1;)V 11 <appendix> member <vmtarget> ; # org/jetbrains/kotlin/cli/jvm/compiler/jarfs/FastJarFileSystem$$Lambda+0x00000008004172e8
instanceKlass org/jetbrains/kotlin/cli/jvm/compiler/jarfs/FastJarHandler
instanceKlass  @bci org/jetbrains/kotlin/cli/jvm/compiler/jarfs/FastJarFileSystemKt prepareCleanerCallback ()Lkotlin/jvm/functions/Function1; 119 <appendix> member <vmtarget> ; # org/jetbrains/kotlin/cli/jvm/compiler/jarfs/FastJarFileSystemKt$$Lambda+0x0000000800416e50
instanceKlass org/jetbrains/kotlin/cli/jvm/compiler/jarfs/FastJarFileSystemKt
instanceKlass org/jetbrains/kotlin/cli/jvm/compiler/jarfs/FastJarFileSystem$Companion
instanceKlass  @bci org/jetbrains/kotlin/com/intellij/lang/jvm/facade/JvmFacadeImpl <init> (Lorg/jetbrains/kotlin/com/intellij/openapi/project/Project;)V 53 <appendix> member <vmtarget> ; # org/jetbrains/kotlin/com/intellij/lang/jvm/facade/JvmFacadeImpl$$Lambda+0x0000000800416460
instanceKlass org/jetbrains/kotlin/com/intellij/psi/impl/source/DummyHolderFactory$DefaultFactory
instanceKlass org/jetbrains/kotlin/com/intellij/psi/impl/source/DummyHolderFactory
instanceKlass org/jetbrains/kotlin/com/intellij/psi/PsiImportHolder
instanceKlass org/jetbrains/kotlin/com/intellij/psi/impl/source/PsiFileWithStubSupport
instanceKlass org/jetbrains/kotlin/com/intellij/psi/impl/PsiFileEx
instanceKlass org/jetbrains/kotlin/com/intellij/openapi/ui/Queryable
instanceKlass org/jetbrains/kotlin/com/intellij/psi/impl/source/JavaDummyHolderFactory
instanceKlass  @bci org/jetbrains/kotlin/com/intellij/psi/impl/JavaPsiFacadeImpl <init> (Lorg/jetbrains/kotlin/com/intellij/openapi/project/Project;)V 92 <appendix> member <vmtarget> ; # org/jetbrains/kotlin/com/intellij/psi/impl/JavaPsiFacadeImpl$$Lambda+0x0000000800410b70
instanceKlass  @bci org/jetbrains/kotlin/com/intellij/psi/impl/JavaPsiFacadeImpl <init> (Lorg/jetbrains/kotlin/com/intellij/openapi/project/Project;)V 55 <appendix> member <vmtarget> ; # org/jetbrains/kotlin/com/intellij/psi/impl/JavaPsiFacadeImpl$$Lambda+0x0000000800410918
instanceKlass org/jetbrains/kotlin/com/intellij/lang/jvm/facade/JvmFacadeImpl
instanceKlass org/jetbrains/kotlin/com/intellij/lang/jvm/facade/JvmFacade
instanceKlass org/jetbrains/kotlin/com/intellij/psi/impl/source/HolderFactory
instanceKlass org/jetbrains/kotlin/com/intellij/psi/PsiConstantEvaluationHelper
instanceKlass org/jetbrains/kotlin/com/intellij/psi/JavaPsiFacade
instanceKlass org/jetbrains/kotlin/cli/jvm/compiler/MockInferredAnnotationsManager$Companion
instanceKlass org/jetbrains/kotlin/com/intellij/codeInsight/InferredAnnotationsManager
instanceKlass org/jetbrains/kotlin/com/intellij/codeInsight/ExternalAnnotationsListener
instanceKlass org/jetbrains/kotlin/com/intellij/codeInsight/ExternalAnnotationsManager
instanceKlass org/jetbrains/kotlin/com/intellij/util/Processor
instanceKlass org/jetbrains/kotlin/asJava/finder/JavaElementFinder$Companion
instanceKlass org/jetbrains/kotlin/resolve/jvm/KotlinFinderMarker
instanceKlass org/jetbrains/kotlin/asJava/KotlinAsJavaSupportBase$Companion
instanceKlass org/jetbrains/kotlin/asJava/KotlinAsJavaSupport$Companion
instanceKlass org/jetbrains/kotlin/asJava/KotlinAsJavaSupport
instanceKlass  @bci org/jetbrains/kotlin/asJava/classes/ImplUtilsKt <clinit> ()V 0 <appendix> argL0 ; # org/jetbrains/kotlin/asJava/classes/ImplUtilsKt$$Lambda+0x000000080040b988
instanceKlass org/jetbrains/kotlin/asJava/classes/ImplUtilsKt
instanceKlass  @bci org/jetbrains/kotlin/cli/jvm/compiler/CliLightClassGenerationSupport <init> (Lorg/jetbrains/kotlin/cli/jvm/compiler/CliTraceHolder;Lorg/jetbrains/kotlin/com/intellij/openapi/project/Project;)V 28 <appendix> member <vmtarget> ; # org/jetbrains/kotlin/cli/jvm/compiler/CliLightClassGenerationSupport$$Lambda+0x000000080040b4f8
instanceKlass org/jetbrains/kotlin/cli/jvm/compiler/CliLightClassGenerationSupport$CliLightClassSupport
instanceKlass org/jetbrains/kotlin/asJava/classes/KtUltraLightSupport
instanceKlass org/jetbrains/kotlin/asJava/LightClassGenerationSupport$Companion
instanceKlass org/jetbrains/kotlin/asJava/LightClassGenerationSupport
instanceKlass org/jetbrains/kotlin/resolve/jvm/JvmCodeAnalyzerInitializer
instanceKlass org/jetbrains/kotlin/resolve/CodeAnalyzerInitializer
instanceKlass org/jetbrains/kotlin/com/intellij/psi/impl/JvmPsiConversionHelperImpl
instanceKlass org/jetbrains/kotlin/com/intellij/psi/JvmPsiConversionHelper
instanceKlass  @bci org/jetbrains/kotlin/it/unimi/dsi/fastutil/objects/ObjectOpenHashSet <clinit> ()V 10 <appendix> argL0 ; # org/jetbrains/kotlin/it/unimi/dsi/fastutil/objects/ObjectOpenHashSet$$Lambda+0x0000000800409b38
instanceKlass  @bci org/jetbrains/kotlin/it/unimi/dsi/fastutil/objects/ObjectOpenHashSet <clinit> ()V 5 <appendix> argL0 ; # org/jetbrains/kotlin/it/unimi/dsi/fastutil/objects/ObjectOpenHashSet$$Lambda+0x00000008004098d8
instanceKlass  @bci org/jetbrains/kotlin/it/unimi/dsi/fastutil/objects/ObjectOpenHashSet <clinit> ()V 0 <appendix> argL0 ; # org/jetbrains/kotlin/it/unimi/dsi/fastutil/objects/ObjectOpenHashSet$$Lambda+0x0000000800409688
instanceKlass org/jetbrains/kotlin/it/unimi/dsi/fastutil/objects/ObjectIterator
instanceKlass org/jetbrains/kotlin/it/unimi/dsi/fastutil/objects/ObjectSpliterator
instanceKlass org/jetbrains/kotlin/com/intellij/util/containers/Interner
instanceKlass org/jetbrains/kotlin/utils/PlatformUtilsKt
instanceKlass org/jetbrains/kotlin/load/java/structure/impl/classFiles/BinaryClassSignatureParser
instanceKlass org/jetbrains/kotlin/com/intellij/openapi/util/RecursionManager$2
instanceKlass org/jetbrains/kotlin/com/intellij/util/containers/SoftKeySoftValueHashMap
instanceKlass  @bci org/jetbrains/kotlin/com/intellij/psi/search/ProjectScope <clinit> ()V 54 <appendix> argL0 ; # org/jetbrains/kotlin/com/intellij/psi/search/ProjectScope$$Lambda+0x0000000800406130
instanceKlass  @bci org/jetbrains/kotlin/com/intellij/psi/search/ProjectScope <clinit> ()V 41 <appendix> argL0 ; # org/jetbrains/kotlin/com/intellij/psi/search/ProjectScope$$Lambda+0x0000000800405ec0
instanceKlass  @bci org/jetbrains/kotlin/com/intellij/psi/search/ProjectScope <clinit> ()V 28 <appendix> argL0 ; # org/jetbrains/kotlin/com/intellij/psi/search/ProjectScope$$Lambda+0x0000000800405c50
instanceKlass  @bci org/jetbrains/kotlin/com/intellij/psi/search/ProjectScope <clinit> ()V 15 <appendix> argL0 ; # org/jetbrains/kotlin/com/intellij/psi/search/ProjectScope$$Lambda+0x00000008004059e0
instanceKlass  @bci org/jetbrains/kotlin/com/intellij/psi/search/ProjectScope <clinit> ()V 2 <appendix> argL0 ; # org/jetbrains/kotlin/com/intellij/psi/search/ProjectScope$$Lambda+0x0000000800405508
instanceKlass org/jetbrains/kotlin/com/intellij/psi/search/ProjectScope
instanceKlass org/jetbrains/kotlin/cli/jvm/compiler/KotlinCliJavaFileManagerImpl$Companion
instanceKlass org/jetbrains/kotlin/com/intellij/core/CoreJavaFileManager
instanceKlass org/jetbrains/kotlin/resolve/jvm/KotlinCliJavaFileManager
instanceKlass org/jetbrains/kotlin/com/intellij/psi/controlFlow/ControlFlowFactory$1
instanceKlass  @bci org/jetbrains/kotlin/com/intellij/util/containers/ConcurrentWeakKeySoftValueHashMap <clinit> ()V 0 <appendix> argL0 ; # org/jetbrains/kotlin/com/intellij/util/containers/ConcurrentWeakKeySoftValueHashMap$$Lambda+0x0000000800404420
instanceKlass org/jetbrains/kotlin/com/intellij/util/containers/ConcurrentWeakKeySoftValueHashMap$HardKey
instanceKlass org/jetbrains/kotlin/com/intellij/util/containers/ConcurrentWeakKeySoftValueHashMap$KeyReference
instanceKlass org/jetbrains/kotlin/com/intellij/util/containers/ConcurrentWeakKeySoftValueHashMap
instanceKlass org/jetbrains/kotlin/com/intellij/psi/controlFlow/ControlFlow
instanceKlass org/jetbrains/kotlin/com/intellij/psi/controlFlow/ControlFlowFactory
instanceKlass org/jetbrains/kotlin/com/intellij/psi/codeStyle/SuggestedNameInfo
instanceKlass org/jetbrains/kotlin/com/intellij/psi/codeStyle/JavaCodeStyleManager
instanceKlass org/jetbrains/kotlin/com/intellij/core/CoreJavaFileCodeStyleFacade
instanceKlass org/jetbrains/kotlin/com/intellij/psi/codeStyle/JavaFileCodeStyleFacade
instanceKlass org/jetbrains/kotlin/com/intellij/psi/codeStyle/CodeStyleSettingsFacade
instanceKlass org/jetbrains/kotlin/com/intellij/psi/codeStyle/JavaCodeStyleSettingsFacade
instanceKlass org/jetbrains/kotlin/com/intellij/psi/impl/source/resolve/JavaResolveCache$1
instanceKlass org/jetbrains/kotlin/com/intellij/psi/impl/source/resolve/JavaResolveCache
instanceKlass  @bci java/util/stream/Collectors uniqKeysMapMerger ()Ljava/util/function/BinaryOperator; 0 <appendix> argL0 ; # java/util/stream/Collectors$$Lambda+0x00000008001ded18
instanceKlass  @bci java/util/stream/Collectors uniqKeysMapAccumulator (Ljava/util/function/Function;Ljava/util/function/Function;)Ljava/util/function/BiConsumer; 2 <appendix> member <vmtarget> ; # java/util/stream/Collectors$$Lambda+0x00000008001deab0
instanceKlass  @bci java/util/stream/Collectors toMap (Ljava/util/function/Function;Ljava/util/function/Function;)Ljava/util/stream/Collector; 4 <appendix> argL0 ; # java/util/stream/Collectors$$Lambda+0x00000008001de860
instanceKlass  @bci java/util/function/Function identity ()Ljava/util/function/Function; 0 <appendix> argL0 ; # java/util/function/Function$$Lambda+0x00000008001de5f0
instanceKlass  @bci org/jetbrains/kotlin/com/intellij/pom/java/LanguageLevel <clinit> ()V 708 <appendix> argL0 ; # org/jetbrains/kotlin/com/intellij/pom/java/LanguageLevel$$Lambda+0x0000000800400280
instanceKlass  @bci org/jetbrains/kotlin/com/intellij/pom/java/LanguageLevel <clinit> ()V 698 <appendix> argL0 ; # org/jetbrains/kotlin/com/intellij/pom/java/LanguageLevel$$Lambda+0x0000000800400000
instanceKlass org/jetbrains/kotlin/com/intellij/util/lang/JavaVersion
instanceKlass  @bci org/jetbrains/kotlin/com/intellij/AbstractBundle getLazyMessage (Ljava/lang/String;[Ljava/lang/Object;)Ljava/util/function/Supplier; 34 <appendix> member <vmtarget> ; # org/jetbrains/kotlin/com/intellij/AbstractBundle$$Lambda+0x00000008003ff788
instanceKlass org/jetbrains/kotlin/com/intellij/util/LocalizationUtil
instanceKlass org/jetbrains/kotlin/com/intellij/util/containers/ConcurrentRefValueHashMap$ValueReference
instanceKlass org/jetbrains/kotlin/com/intellij/util/containers/ConcurrentRefValueHashMap
instanceKlass sun/util/locale/LanguageTag
instanceKlass java/util/ResourceBundle$Control
instanceKlass org/jetbrains/kotlin/com/intellij/AbstractBundle
instanceKlass org/jetbrains/kotlin/com/intellij/core/JavaPsiBundle
instanceKlass org/jetbrains/kotlin/com/intellij/openapi/roots/LanguageLevelProjectExtension$LanguageLevelChangeListener
instanceKlass org/jetbrains/kotlin/com/intellij/openapi/roots/LanguageLevelProjectExtension
instanceKlass  @bci org/jetbrains/kotlin/com/intellij/openapi/util/RecursionManager <clinit> ()V 8 <appendix> argL0 ; # org/jetbrains/kotlin/com/intellij/openapi/util/RecursionManager$$Lambda+0x00000008003fd240
instanceKlass org/jetbrains/kotlin/com/intellij/openapi/util/RecursionManager$CalculationStack
instanceKlass org/jetbrains/kotlin/com/intellij/openapi/util/RecursionGuard
instanceKlass org/jetbrains/kotlin/com/intellij/openapi/util/RecursionGuard$StackStamp
instanceKlass org/jetbrains/kotlin/com/intellij/openapi/util/RecursionManager
instanceKlass org/jetbrains/kotlin/com/intellij/psi/PsiInferenceHelper
instanceKlass org/jetbrains/kotlin/com/intellij/psi/scope/processor/FilterScopeProcessor
instanceKlass org/jetbrains/kotlin/com/intellij/psi/scope/PsiScopeProcessor
instanceKlass org/jetbrains/kotlin/com/intellij/psi/scope/NameHint
instanceKlass org/jetbrains/kotlin/com/intellij/psi/scope/ElementClassHint
instanceKlass org/jetbrains/kotlin/com/intellij/psi/impl/source/resolve/PsiResolveHelperImpl
instanceKlass org/jetbrains/kotlin/com/intellij/psi/PsiResolveHelper
instanceKlass org/jetbrains/kotlin/com/intellij/psi/impl/JavaPsiImplementationHelper
instanceKlass org/jetbrains/kotlin/com/intellij/psi/impl/PsiElementFactoryImpl$1
instanceKlass  @bci org/jetbrains/kotlin/com/intellij/psi/impl/PsiElementFactoryImpl <clinit> ()V 25 <appendix> argL0 ; # org/jetbrains/kotlin/com/intellij/psi/impl/PsiElementFactoryImpl$$Lambda+0x00000008003f9420
instanceKlass  @bci org/jetbrains/kotlin/com/intellij/psi/PsiType <clinit> ()V 135 <appendix> argL0 ; # org/jetbrains/kotlin/com/intellij/psi/PsiType$$Lambda+0x00000008003f91d0
instanceKlass org/jetbrains/kotlin/com/intellij/psi/TypeAnnotationProvider$1
instanceKlass org/jetbrains/kotlin/com/intellij/psi/TypeAnnotationProvider$Static
instanceKlass org/jetbrains/kotlin/com/intellij/psi/TypeAnnotationProvider
instanceKlass  @bci org/jetbrains/kotlin/com/intellij/psi/PsiAnnotation <clinit> ()V 7 <appendix> argL0 ; # org/jetbrains/kotlin/com/intellij/psi/PsiAnnotation$$Lambda+0x00000008003f8228
instanceKlass org/jetbrains/kotlin/com/intellij/psi/PsiAnnotation
instanceKlass org/jetbrains/kotlin/com/intellij/lang/jvm/types/JvmPrimitiveTypeKind
instanceKlass org/jetbrains/kotlin/com/intellij/lang/jvm/JvmAnnotation
instanceKlass org/jetbrains/kotlin/com/intellij/psi/PsiTypes
instanceKlass  @bci org/jetbrains/kotlin/com/intellij/psi/impl/PsiJavaParserFacadeImpl <clinit> ()V 132 <appendix> argL0 ; # org/jetbrains/kotlin/com/intellij/psi/impl/PsiJavaParserFacadeImpl$$Lambda+0x00000008003f7540
instanceKlass  @bci org/jetbrains/kotlin/com/intellij/psi/impl/PsiJavaParserFacadeImpl <clinit> ()V 124 <appendix> argL0 ; # org/jetbrains/kotlin/com/intellij/psi/impl/PsiJavaParserFacadeImpl$$Lambda+0x00000008003f72e0
instanceKlass  @bci org/jetbrains/kotlin/com/intellij/psi/impl/PsiJavaParserFacadeImpl <clinit> ()V 116 <appendix> argL0 ; # org/jetbrains/kotlin/com/intellij/psi/impl/PsiJavaParserFacadeImpl$$Lambda+0x00000008003f7080
instanceKlass  @bci org/jetbrains/kotlin/com/intellij/psi/impl/PsiJavaParserFacadeImpl <clinit> ()V 108 <appendix> argL0 ; # org/jetbrains/kotlin/com/intellij/psi/impl/PsiJavaParserFacadeImpl$$Lambda+0x00000008003f6e20
instanceKlass  @bci org/jetbrains/kotlin/com/intellij/psi/impl/PsiJavaParserFacadeImpl <clinit> ()V 100 <appendix> argL0 ; # org/jetbrains/kotlin/com/intellij/psi/impl/PsiJavaParserFacadeImpl$$Lambda+0x00000008003f6bc0
instanceKlass  @bci org/jetbrains/kotlin/com/intellij/psi/impl/PsiJavaParserFacadeImpl <clinit> ()V 92 <appendix> argL0 ; # org/jetbrains/kotlin/com/intellij/psi/impl/PsiJavaParserFacadeImpl$$Lambda+0x00000008003f6960
instanceKlass  @bci org/jetbrains/kotlin/com/intellij/psi/impl/PsiJavaParserFacadeImpl <clinit> ()V 84 <appendix> argL0 ; # org/jetbrains/kotlin/com/intellij/psi/impl/PsiJavaParserFacadeImpl$$Lambda+0x00000008003f6700
instanceKlass  @bci org/jetbrains/kotlin/com/intellij/psi/impl/PsiJavaParserFacadeImpl <clinit> ()V 76 <appendix> argL0 ; # org/jetbrains/kotlin/com/intellij/psi/impl/PsiJavaParserFacadeImpl$$Lambda+0x00000008003f64a0
instanceKlass  @bci org/jetbrains/kotlin/com/intellij/psi/impl/PsiJavaParserFacadeImpl <clinit> ()V 68 <appendix> argL0 ; # org/jetbrains/kotlin/com/intellij/psi/impl/PsiJavaParserFacadeImpl$$Lambda+0x00000008003f6240
instanceKlass  @bci org/jetbrains/kotlin/com/intellij/psi/impl/PsiJavaParserFacadeImpl <clinit> ()V 60 <appendix> argL0 ; # org/jetbrains/kotlin/com/intellij/psi/impl/PsiJavaParserFacadeImpl$$Lambda+0x00000008003f5fe0
instanceKlass  @bci org/jetbrains/kotlin/com/intellij/psi/impl/PsiJavaParserFacadeImpl <clinit> ()V 52 <appendix> argL0 ; # org/jetbrains/kotlin/com/intellij/psi/impl/PsiJavaParserFacadeImpl$$Lambda+0x00000008003f5d80
instanceKlass  @bci org/jetbrains/kotlin/com/intellij/psi/impl/PsiJavaParserFacadeImpl <clinit> ()V 44 <appendix> argL0 ; # org/jetbrains/kotlin/com/intellij/psi/impl/PsiJavaParserFacadeImpl$$Lambda+0x00000008003f5b20
instanceKlass  @bci org/jetbrains/kotlin/com/intellij/psi/impl/PsiJavaParserFacadeImpl <clinit> ()V 36 <appendix> argL0 ; # org/jetbrains/kotlin/com/intellij/psi/impl/PsiJavaParserFacadeImpl$$Lambda+0x00000008003f58c0
instanceKlass  @bci org/jetbrains/kotlin/com/intellij/psi/impl/PsiJavaParserFacadeImpl <clinit> ()V 28 <appendix> argL0 ; # org/jetbrains/kotlin/com/intellij/psi/impl/PsiJavaParserFacadeImpl$$Lambda+0x00000008003f5660
instanceKlass org/jetbrains/kotlin/com/intellij/lang/java/parser/JavaParserUtil$ParserWrapper
instanceKlass org/jetbrains/kotlin/com/intellij/psi/PsiReferenceExpression
instanceKlass org/jetbrains/kotlin/com/intellij/psi/PsiExpression
instanceKlass org/jetbrains/kotlin/com/intellij/psi/PsiCaseLabelElement
instanceKlass org/jetbrains/kotlin/com/intellij/psi/PsiAnnotationMemberValue
instanceKlass org/jetbrains/kotlin/com/intellij/psi/PsiImportStatementBase
instanceKlass org/jetbrains/kotlin/com/intellij/psi/PsiTypeElement
instanceKlass org/jetbrains/kotlin/com/intellij/psi/PsiJavaCodeReferenceElement
instanceKlass org/jetbrains/kotlin/com/intellij/psi/PsiQualifiedReferenceElement
instanceKlass org/jetbrains/kotlin/com/intellij/psi/PsiQualifiedReference
instanceKlass org/jetbrains/kotlin/com/intellij/psi/PsiJavaReference
instanceKlass org/jetbrains/kotlin/com/intellij/psi/PsiPolyVariantReference
instanceKlass org/jetbrains/kotlin/com/intellij/lang/jvm/types/JvmReferenceType
instanceKlass org/jetbrains/kotlin/com/intellij/lang/jvm/types/JvmPrimitiveType
instanceKlass org/jetbrains/kotlin/com/intellij/psi/PsiType
instanceKlass org/jetbrains/kotlin/com/intellij/psi/PsiAnnotationOwner
instanceKlass org/jetbrains/kotlin/com/intellij/lang/jvm/types/JvmType
instanceKlass org/jetbrains/kotlin/com/intellij/lang/java/parser/BasicJavaParserUtil$ParserWrapper
instanceKlass org/jetbrains/kotlin/com/intellij/psi/impl/PsiJavaParserFacadeImpl
instanceKlass org/jetbrains/kotlin/com/intellij/psi/PsiElementFactory
instanceKlass org/jetbrains/kotlin/com/intellij/psi/PsiJavaParserFacade
instanceKlass org/jetbrains/kotlin/com/intellij/psi/JVMElementFactory
instanceKlass org/jetbrains/kotlin/com/intellij/lang/injection/InjectedLanguageManager
instanceKlass org/jetbrains/kotlin/com/intellij/mock/MockDumbUtil
instanceKlass org/jetbrains/kotlin/com/intellij/openapi/project/DumbUtil
instanceKlass org/jetbrains/kotlin/com/intellij/psi/search/impl/VirtualFileEnumeration
instanceKlass org/jetbrains/kotlin/com/intellij/psi/search/impl/VirtualFileEnumerationAware
instanceKlass org/jetbrains/kotlin/com/intellij/psi/PsiDirectory
instanceKlass org/jetbrains/kotlin/com/intellij/psi/impl/file/PsiDirectoryFactory
instanceKlass org/jetbrains/kotlin/com/intellij/psi/util/CachedValue
instanceKlass org/jetbrains/kotlin/com/intellij/psi/util/ParameterizedCachedValue
instanceKlass org/jetbrains/kotlin/com/intellij/psi/impl/PsiCachedValuesFactory
instanceKlass org/jetbrains/kotlin/com/intellij/psi/util/CachedValueProvider
instanceKlass org/jetbrains/kotlin/com/intellij/psi/util/CachedValuesManager
instanceKlass org/jetbrains/kotlin/com/intellij/psi/PsiFileFactory
instanceKlass org/jetbrains/kotlin/com/intellij/psi/impl/PsiToDocumentSynchronizer
instanceKlass  @bci org/jetbrains/kotlin/com/intellij/openapi/editor/event/DocumentListener <clinit> ()V 7 <appendix> argL0 ; # org/jetbrains/kotlin/com/intellij/openapi/editor/event/DocumentListener$$Lambda+0x00000008003e7a20
instanceKlass org/jetbrains/kotlin/com/intellij/psi/PsiElementVisitor
instanceKlass org/jetbrains/kotlin/com/intellij/openapi/editor/event/DocumentListener
instanceKlass org/jetbrains/kotlin/com/intellij/psi/PsiDocumentManager
instanceKlass org/jetbrains/kotlin/com/intellij/core/MockDocumentCommitProcessor
instanceKlass org/jetbrains/kotlin/com/intellij/psi/impl/DocumentCommitProcessor
instanceKlass org/jetbrains/kotlin/com/intellij/psi/SmartPointerManager
instanceKlass org/jetbrains/kotlin/com/intellij/psi/impl/file/impl/FileManagerImpl$1
instanceKlass  @bci org/jetbrains/kotlin/com/intellij/psi/impl/file/impl/FileManagerImpl <init> (Lorg/jetbrains/kotlin/com/intellij/psi/impl/PsiManagerImpl;Lorg/jetbrains/kotlin/com/intellij/openapi/util/NotNullLazyValue;)V 93 <appendix> member <vmtarget> ; # org/jetbrains/kotlin/com/intellij/psi/impl/file/impl/FileManagerImpl$$Lambda+0x00000008003e5480
instanceKlass  @bci org/jetbrains/kotlin/resolve/checkers/EmptyIntersectionTypeChecker computeByHavingCommonSubtype (Lorg/jetbrains/kotlin/types/model/TypeSystemInferenceExtensionContext;Lorg/jetbrains/kotlin/types/model/KotlinTypeMarker;Lorg/jetbrains/kotlin/types/model/KotlinTypeMarker;)Lorg/jetbrains/kotlin/resolve/checkers/EmptyIntersectionTypeInfo; 22 <bsm> form vmentry <vmtarget> ; # java/lang/invoke/LambdaForm$DMH+0x00000008003e8000
instanceKlass  @bci org/jetbrains/kotlin/com/intellij/psi/impl/file/impl/FileManagerImpl <init> (Lorg/jetbrains/kotlin/com/intellij/psi/impl/PsiManagerImpl;Lorg/jetbrains/kotlin/com/intellij/openapi/util/NotNullLazyValue;)V 52 <appendix> argL0 ; # org/jetbrains/kotlin/com/intellij/psi/impl/file/impl/FileManagerImpl$$Lambda+0x00000008003e5230
instanceKlass org/jetbrains/kotlin/com/intellij/openapi/util/Comparing
instanceKlass org/jetbrains/kotlin/com/intellij/openapi/fileTypes/CharsetUtil
instanceKlass org/jetbrains/kotlin/com/intellij/util/LocalTimeCounter
instanceKlass  @bci org/jetbrains/kotlin/com/intellij/openapi/extensions/impl/ExtensionPointImpl addExtensionPointListener (Lorg/jetbrains/kotlin/com/intellij/openapi/extensions/ExtensionPointListener;ZLorg/jetbrains/kotlin/com/intellij/openapi/Disposable;)V 40 <appendix> member <vmtarget> ; # org/jetbrains/kotlin/com/intellij/openapi/extensions/impl/ExtensionPointImpl$$Lambda+0x00000008003e4930
instanceKlass org/jetbrains/kotlin/com/intellij/openapi/extensions/ExtensionPointPriorityListener
instanceKlass  @bci org/jetbrains/kotlin/com/intellij/openapi/extensions/impl/ExtensionPointImpl addListener (Lorg/jetbrains/kotlin/com/intellij/openapi/extensions/ExtensionPointListener;)Z 20 <appendix> member <vmtarget> ; # org/jetbrains/kotlin/com/intellij/openapi/extensions/impl/ExtensionPointImpl$$Lambda+0x00000008003e4470
instanceKlass org/jetbrains/kotlin/com/intellij/openapi/extensions/ExtensionPointUtil$1
instanceKlass org/jetbrains/kotlin/com/intellij/openapi/extensions/ExtensionPointUtil
instanceKlass  @bci org/jetbrains/kotlin/com/intellij/openapi/vfs/DeprecatedVirtualFileSystem startEventPropagation ()V 33 <appendix> member <vmtarget> ; # org/jetbrains/kotlin/com/intellij/openapi/vfs/DeprecatedVirtualFileSystem$$Lambda+0x00000008003e3d40
instanceKlass  @bci org/jetbrains/kotlin/com/intellij/openapi/vfs/VirtualFile <clinit> ()V 7 <appendix> argL0 ; # org/jetbrains/kotlin/com/intellij/openapi/vfs/VirtualFile$$Lambda+0x00000008003e3af0
instanceKlass org/jetbrains/kotlin/com/intellij/openapi/vfs/NonPhysicalFileSystem
instanceKlass org/jetbrains/kotlin/com/intellij/openapi/vfs/VirtualFileWithAssignedFileType
instanceKlass org/jetbrains/kotlin/com/intellij/psi/impl/file/impl/FileManagerImpl
instanceKlass  @bci org/jetbrains/kotlin/com/intellij/openapi/util/NotNullLazyValue createValue (Lorg/jetbrains/kotlin/com/intellij/openapi/util/NotNullFactory;)Lorg/jetbrains/kotlin/com/intellij/openapi/util/NotNullLazyValue; 14 <appendix> member <vmtarget> ; # org/jetbrains/kotlin/com/intellij/openapi/util/NotNullLazyValue$$Lambda+0x00000008003e1738
instanceKlass  @bci org/jetbrains/kotlin/com/intellij/psi/impl/PsiManagerImpl <init> (Lorg/jetbrains/kotlin/com/intellij/openapi/project/Project;)V 56 <appendix> member <vmtarget> ; # org/jetbrains/kotlin/com/intellij/psi/impl/PsiManagerImpl$$Lambda+0x00000008003e14a0
instanceKlass org/jetbrains/kotlin/com/intellij/openapi/util/NotNullFactory
instanceKlass org/jetbrains/kotlin/com/intellij/openapi/util/Factory
instanceKlass org/jetbrains/kotlin/com/intellij/openapi/vfs/VirtualFileFilter$2
instanceKlass org/jetbrains/kotlin/com/intellij/openapi/vfs/VirtualFileFilter$1
instanceKlass  @bci org/jetbrains/kotlin/com/intellij/openapi/util/LowMemoryWatcher register (Ljava/lang/Runnable;Lorg/jetbrains/kotlin/com/intellij/openapi/util/LowMemoryWatcher$LowMemoryWatcherType;Lorg/jetbrains/kotlin/com/intellij/openapi/Disposable;)V 36 <appendix> member <vmtarget> ; # org/jetbrains/kotlin/com/intellij/openapi/util/LowMemoryWatcher$$Lambda+0x00000008003e0938
instanceKlass org/jetbrains/kotlin/com/intellij/openapi/util/LowMemoryWatcher
instanceKlass  @bci org/jetbrains/kotlin/com/intellij/psi/impl/source/resolve/ResolveCache <init> (Lorg/jetbrains/kotlin/com/intellij/openapi/project/Project;)V 47 <appendix> member <vmtarget> ; # org/jetbrains/kotlin/com/intellij/psi/impl/source/resolve/ResolveCache$$Lambda+0x00000008003e0000
instanceKlass org/jetbrains/kotlin/com/intellij/psi/impl/source/resolve/ResolveCache$1
instanceKlass org/jetbrains/kotlin/com/intellij/psi/impl/AnyPsiChangeListener
instanceKlass org/jetbrains/kotlin/com/intellij/openapi/wm/ex/ProgressIndicatorEx
instanceKlass org/jetbrains/kotlin/com/intellij/psi/impl/file/impl/FileManager
instanceKlass org/jetbrains/kotlin/com/intellij/psi/ResolveResult
instanceKlass org/jetbrains/kotlin/com/intellij/psi/impl/source/resolve/ResolveCache$StrongValueReference
instanceKlass org/jetbrains/kotlin/com/intellij/util/containers/ConcurrentWeakKeySoftValueHashMap$ValueReference
instanceKlass org/jetbrains/kotlin/com/intellij/psi/impl/source/resolve/ResolveCache$AbstractResolver
instanceKlass org/jetbrains/kotlin/com/intellij/psi/PsiReference
instanceKlass org/jetbrains/kotlin/com/intellij/psi/impl/source/resolve/ResolveCache
instanceKlass org/jetbrains/kotlin/com/intellij/psi/impl/PsiModificationTrackerImpl$1
instanceKlass org/jetbrains/kotlin/com/intellij/openapi/project/DumbService$DumbModeListener
instanceKlass org/jetbrains/kotlin/com/intellij/openapi/project/DumbService$Companion
instanceKlass org/jetbrains/kotlin/com/intellij/openapi/project/DumbService
instanceKlass org/jetbrains/kotlin/com/intellij/psi/util/PsiModificationTracker$Listener
instanceKlass  @bci org/jetbrains/kotlin/com/intellij/util/containers/ConcurrentFactoryMap createWeakMap (Lorg/jetbrains/kotlin/com/intellij/util/Function;)Ljava/util/concurrent/ConcurrentMap; 10 <appendix> argL0 ; # org/jetbrains/kotlin/com/intellij/util/containers/ConcurrentFactoryMap$$Lambda+0x00000008003dc910
instanceKlass  @bci org/jetbrains/kotlin/com/intellij/psi/impl/PsiModificationTrackerImpl <init> (Lorg/jetbrains/kotlin/com/intellij/openapi/project/Project;)V 35 <appendix> argL0 ; # org/jetbrains/kotlin/com/intellij/psi/impl/PsiModificationTrackerImpl$$Lambda+0x00000008003dc678
instanceKlass org/jetbrains/kotlin/com/intellij/psi/impl/PsiModificationTrackerImpl
instanceKlass org/jetbrains/kotlin/com/intellij/psi/util/PsiModificationTracker
instanceKlass org/jetbrains/kotlin/com/intellij/lang/jvm/facade/JvmElementProvider
instanceKlass org/jetbrains/kotlin/com/intellij/psi/PsiElementFinder
instanceKlass org/jetbrains/kotlin/com/intellij/psi/impl/PsiTreeChangePreprocessor
instanceKlass org/jetbrains/kotlin/com/intellij/openapi/roots/PackageIndex
instanceKlass org/jetbrains/kotlin/com/intellij/psi/impl/file/impl/JavaFileManager
instanceKlass org/jetbrains/kotlin/com/intellij/psi/impl/ResolveScopeManager
instanceKlass org/jetbrains/kotlin/com/intellij/psi/search/ProjectScopeBuilder
instanceKlass org/jetbrains/kotlin/com/intellij/openapi/roots/FileIndexFacade
instanceKlass org/jetbrains/kotlin/com/intellij/util/CachedValuesFactory
instanceKlass org/jetbrains/kotlin/com/intellij/openapi/project/Project
instanceKlass org/jetbrains/kotlin/com/intellij/core/CoreProjectEnvironment
instanceKlass org/jetbrains/kotlin/cli/jvm/compiler/KotlinCoreEnvironment$Companion$getOrCreateApplicationEnvironment$1$2
instanceKlass  @bci org/jetbrains/kotlin/cli/jvm/compiler/KotlinCoreEnvironment$Companion getOrCreateApplicationEnvironment (Lorg/jetbrains/kotlin/com/intellij/openapi/Disposable;Lorg/jetbrains/kotlin/config/CompilerConfiguration;Lorg/jetbrains/kotlin/cli/jvm/compiler/KotlinCoreApplicationEnvironmentMode;)Lorg/jetbrains/kotlin/cli/jvm/compiler/KotlinCoreApplicationEnvironment; 82 <appendix> argL0 ; # org/jetbrains/kotlin/cli/jvm/compiler/KotlinCoreEnvironment$Companion$$Lambda+0x00000008003d8480
instanceKlass org/jetbrains/kotlin/com/intellij/pom/java/InternalPersistentJavaLanguageLevelReaderService$DefaultImpl
instanceKlass org/jetbrains/kotlin/com/intellij/pom/java/InternalPersistentJavaLanguageLevelReaderService
instanceKlass org/jetbrains/kotlin/com/intellij/openapi/vfs/VirtualFileSet
instanceKlass org/jetbrains/kotlin/com/intellij/openapi/vfs/CompactVirtualFileSetFactory
instanceKlass org/jetbrains/kotlin/com/intellij/openapi/vfs/VirtualFileSetFactoryKt
instanceKlass org/jetbrains/kotlin/com/intellij/openapi/vfs/VirtualFileSetFactory
instanceKlass org/jetbrains/kotlin/com/intellij/openapi/application/TransactionGuard
instanceKlass org/jetbrains/kotlin/com/intellij/psi/util/JavaClassSupers
instanceKlass org/jetbrains/kotlin/load/kotlin/KotlinBinaryClassCache$Companion
instanceKlass org/jetbrains/kotlin/load/kotlin/KotlinBinaryClassCache
instanceKlass org/jetbrains/kotlin/psi/KtOperationExpression
instanceKlass org/jetbrains/kotlin/BlockExpressionElementType$Companion
instanceKlass org/jetbrains/kotlin/com/intellij/psi/tree/IReparseableElementTypeBase
instanceKlass org/jetbrains/kotlin/com/intellij/psi/tree/ICompositeElementType
instanceKlass org/jetbrains/kotlin/psi/stubs/KotlinStringInterpolationPrefixStub
instanceKlass org/jetbrains/kotlin/psi/stubs/KotlinScriptStub
instanceKlass org/jetbrains/kotlin/psi/stubs/KotlinBlockStringTemplateEntryStub
instanceKlass org/jetbrains/kotlin/psi/stubs/KotlinPlaceHolderWithTextStub
instanceKlass org/jetbrains/kotlin/com/intellij/psi/LiteralTextEscaper
instanceKlass org/jetbrains/kotlin/com/intellij/psi/ContributedReferenceHost
instanceKlass org/jetbrains/kotlin/psi/stubs/KotlinCollectionLiteralExpressionStub
instanceKlass org/jetbrains/kotlin/psi/stubs/KotlinClassLiteralExpressionStub
instanceKlass org/jetbrains/kotlin/psi/KtDoubleColonExpression
instanceKlass org/jetbrains/kotlin/psi/stubs/KotlinConstantExpressionStub
instanceKlass org/jetbrains/kotlin/psi/stubs/elements/KtConstantExpressionElementType$Companion
instanceKlass org/jetbrains/kotlin/psi/stubs/KotlinContextReceiverStub
instanceKlass org/jetbrains/kotlin/psi/LambdaArgument
instanceKlass org/jetbrains/kotlin/psi/stubs/KotlinContractEffectStub
instanceKlass org/jetbrains/kotlin/psi/ValueArgumentName
instanceKlass org/jetbrains/kotlin/psi/stubs/KotlinValueArgumentStub
instanceKlass org/jetbrains/kotlin/psi/ValueArgument
instanceKlass org/jetbrains/kotlin/psi/stubs/KotlinEnumEntrySuperclassReferenceExpressionStub
instanceKlass org/jetbrains/kotlin/psi/KtQualifiedExpression
instanceKlass org/jetbrains/kotlin/psi/stubs/KotlinNameReferenceExpressionStub
instanceKlass org/jetbrains/kotlin/psi/stubs/KotlinTypeProjectionStub
instanceKlass org/jetbrains/kotlin/psi/stubs/KotlinFunctionTypeStub
instanceKlass org/jetbrains/kotlin/psi/KtSimpleNameExpression
instanceKlass org/jetbrains/kotlin/psi/KtReferenceExpression
instanceKlass org/jetbrains/kotlin/psi/stubs/impl/KotlinTypeBean
instanceKlass org/jetbrains/kotlin/types/model/KotlinTypeMarker
instanceKlass org/jetbrains/kotlin/psi/stubs/KotlinUserTypeStub
instanceKlass org/jetbrains/kotlin/psi/KtTypeElement
instanceKlass org/jetbrains/kotlin/psi/stubs/KotlinModifierListStub
instanceKlass org/jetbrains/kotlin/psi/stubs/KotlinImportAliasStub
instanceKlass org/jetbrains/kotlin/psi/KtImportInfo$ImportContent
instanceKlass org/jetbrains/kotlin/psi/KtImportInfo
instanceKlass org/jetbrains/kotlin/psi/stubs/KotlinImportDirectiveStub
instanceKlass org/jetbrains/kotlin/psi/KtAnnotationsContainer
instanceKlass org/jetbrains/kotlin/psi/stubs/KotlinAnnotationUseSiteTargetStub
instanceKlass org/jetbrains/kotlin/psi/KtCallElement
instanceKlass org/jetbrains/kotlin/psi/stubs/KotlinAnnotationEntryStub
instanceKlass org/jetbrains/kotlin/psi/stubs/KotlinTypeParameterStub
instanceKlass org/jetbrains/kotlin/psi/stubs/KotlinParameterStub
instanceKlass org/jetbrains/kotlin/psi/stubs/KotlinConstructorStub
instanceKlass org/jetbrains/kotlin/psi/KtAnonymousInitializer
instanceKlass org/jetbrains/kotlin/psi/stubs/KotlinPlaceHolderStub
instanceKlass org/jetbrains/kotlin/psi/stubs/KotlinObjectStub
instanceKlass org/jetbrains/kotlin/psi/stubs/KotlinTypeAliasStub
instanceKlass org/jetbrains/kotlin/psi/stubs/KotlinBackingFieldStub
instanceKlass org/jetbrains/kotlin/psi/stubs/KotlinPropertyAccessorStub
instanceKlass org/jetbrains/kotlin/psi/KtVariableDeclaration
instanceKlass org/jetbrains/kotlin/psi/KtValVarKeywordOwner
instanceKlass org/jetbrains/kotlin/psi/stubs/KotlinPropertyStub
instanceKlass org/jetbrains/kotlin/psi/KtFunction
instanceKlass org/jetbrains/kotlin/psi/KtDeclarationWithBody
instanceKlass org/jetbrains/kotlin/psi/KtCallableDeclaration
instanceKlass org/jetbrains/kotlin/psi/KtDeclarationWithInitializer
instanceKlass org/jetbrains/kotlin/psi/stubs/KotlinFunctionStub
instanceKlass org/jetbrains/kotlin/psi/stubs/KotlinDeclarationWithBodyStub
instanceKlass org/jetbrains/kotlin/psi/stubs/KotlinCallableStubBase
instanceKlass  @bci org/jetbrains/kotlin/psi/stubs/elements/KtStubElementType <init> (Ljava/lang/String;Ljava/lang/Class;Ljava/lang/Class;)V 125 <appendix> member <vmtarget> ; # org/jetbrains/kotlin/psi/stubs/elements/KtStubElementType$$Lambda+0x000000080032e778
instanceKlass org/jetbrains/kotlin/com/intellij/psi/PsiRecursiveVisitor
instanceKlass org/jetbrains/kotlin/com/intellij/psi/impl/source/tree/TreeElementVisitor
instanceKlass org/jetbrains/kotlin/com/intellij/psi/impl/source/SubstrateRef
instanceKlass org/jetbrains/kotlin/com/intellij/psi/search/ProjectAwareFileFilter
instanceKlass org/jetbrains/kotlin/com/intellij/openapi/vfs/VirtualFileFilter
instanceKlass org/jetbrains/kotlin/com/intellij/psi/search/SearchScope
instanceKlass org/jetbrains/kotlin/psi/KtTypeParameterListOwner
instanceKlass org/jetbrains/kotlin/psi/KtPureClassOrObject
instanceKlass org/jetbrains/kotlin/psi/KtDeclarationContainer
instanceKlass org/jetbrains/kotlin/psi/KtClassLikeDeclaration
instanceKlass org/jetbrains/kotlin/psi/KtNamedDeclaration
instanceKlass org/jetbrains/kotlin/psi/KtStatementExpression
instanceKlass org/jetbrains/kotlin/psi/KtNamed
instanceKlass org/jetbrains/kotlin/psi/KtDeclaration
instanceKlass org/jetbrains/kotlin/psi/KtModifierListOwner
instanceKlass org/jetbrains/kotlin/psi/KtAnnotated
instanceKlass org/jetbrains/kotlin/psi/KtExpression
instanceKlass org/jetbrains/kotlin/psi/KtElement
instanceKlass org/jetbrains/kotlin/psi/KtPureElement
instanceKlass org/jetbrains/kotlin/com/intellij/psi/StubBasedPsiElement
instanceKlass org/jetbrains/kotlin/psi/stubs/KotlinClassStub
instanceKlass org/jetbrains/kotlin/psi/stubs/KotlinClassOrObjectStub
instanceKlass org/jetbrains/kotlin/psi/stubs/KotlinStubWithFqName
instanceKlass org/jetbrains/kotlin/com/intellij/psi/stubs/NamedStub
instanceKlass org/jetbrains/kotlin/psi/stubs/KotlinClassifierStub
instanceKlass org/jetbrains/kotlin/psi/stubs/elements/KtStubElementTypes
instanceKlass org/jetbrains/kotlin/psi/stubs/KotlinFileStub
instanceKlass org/jetbrains/kotlin/psi/impl/KotlinElementTypeProviderImpl
instanceKlass  @bci org/jetbrains/kotlin/KotlinElementTypeProvider$Companion <clinit> ()V 13 <appendix> argL0 ; # org/jetbrains/kotlin/KotlinElementTypeProvider$Companion$$Lambda+0x00000008003138e0
instanceKlass org/jetbrains/kotlin/KotlinElementTypeProvider$Companion
instanceKlass org/jetbrains/kotlin/KotlinElementTypeProvider
instanceKlass org/jetbrains/kotlin/KtStubBasedElementTypes
instanceKlass org/jetbrains/kotlin/KtNodeTypes
instanceKlass org/jetbrains/kotlin/parsing/KotlinParserDefinition$Companion
instanceKlass org/jetbrains/kotlin/parsing/KotlinCommonParserDefinition
instanceKlass  @bci org/jetbrains/kotlin/idea/KotlinFileType <init> ()V 8 <appendix> argL0 ; # org/jetbrains/kotlin/idea/KotlinFileType$$Lambda+0x0000000800311818
instanceKlass sun/invoke/util/VerifyAccess$1
instanceKlass javax/swing/Icon
instanceKlass org/jetbrains/kotlin/com/intellij/util/keyFMap/OneElementFMap
instanceKlass  @bci org/jetbrains/kotlin/com/intellij/lang/LanguageUtil matchingMetaLanguages (Lorg/jetbrains/kotlin/com/intellij/lang/Language;)Ljava/util/List; 94 <appendix> member <vmtarget> ; # org/jetbrains/kotlin/com/intellij/lang/LanguageUtil$$Lambda+0x0000000800310d08
instanceKlass org/jetbrains/kotlin/com/intellij/openapi/extensions/impl/ExtensionsAreaImplKt
instanceKlass kotlinx/coroutines/IncompleteStateBox
instanceKlass kotlinx/coroutines/internal/LockFreeLinkedListNode
instanceKlass kotlin/coroutines/jvm/internal/CompletedContinuation
instanceKlass org/jetbrains/kotlin/com/intellij/ide/plugins/KotlinK2ModeCompatibilityCheckerKt
instanceKlass  @bci org/jetbrains/kotlin/com/intellij/openapi/util/BuildNumber <clinit> ()V 4 <appendix> argL0 ; # org/jetbrains/kotlin/com/intellij/openapi/util/BuildNumber$$Lambda+0x000000080030f378
instanceKlass org/jetbrains/kotlin/com/intellij/openapi/util/BuildNumber
instanceKlass org/jetbrains/kotlin/kotlinx/collections/immutable/implementations/immutableMap/TrieNode$Companion
instanceKlass org/jetbrains/kotlin/kotlinx/collections/immutable/implementations/immutableMap/TrieNode
instanceKlass org/jetbrains/kotlin/kotlinx/collections/immutable/implementations/immutableMap/PersistentHashMap$Companion
instanceKlass kotlin/collections/AbstractMap$Companion
instanceKlass kotlin/collections/AbstractMap
instanceKlass org/jetbrains/kotlin/kotlinx/collections/immutable/PersistentMap
instanceKlass org/jetbrains/kotlin/kotlinx/collections/immutable/ImmutableMap
instanceKlass org/jetbrains/kotlin/kotlinx/collections/immutable/internal/EndOfChain
instanceKlass org/jetbrains/kotlin/kotlinx/collections/immutable/implementations/persistentOrderedSet/PersistentOrderedSet$Companion
instanceKlass org/jetbrains/kotlin/com/intellij/ide/plugins/PluginManagerCore
instanceKlass org/jetbrains/kotlin/com/intellij/ide/plugins/PluginContentDescriptor$Companion
instanceKlass org/jetbrains/kotlin/com/intellij/ide/plugins/PluginContentDescriptor
instanceKlass org/jetbrains/kotlin/com/intellij/ide/plugins/IdeaPluginDescriptorImpl
instanceKlass org/jetbrains/kotlin/com/intellij/ide/plugins/IdeaPluginDescriptor
instanceKlass org/jetbrains/kotlin/org/codehaus/stax2/ri/typed/ValueDecoderFactory
instanceKlass org/jetbrains/kotlin/com/fasterxml/aalto/in/ByteBasedPNameTable$Bucket
instanceKlass org/jetbrains/kotlin/com/intellij/openapi/extensions/ExtensionPointDescriptor
instanceKlass org/jetbrains/kotlin/com/fasterxml/aalto/util/DataUtil
instanceKlass org/jetbrains/kotlin/com/fasterxml/aalto/in/ElementScope
instanceKlass org/jetbrains/kotlin/com/fasterxml/aalto/in/ByteBasedPNameFactory
instanceKlass org/jetbrains/kotlin/com/intellij/ide/plugins/ModuleDependenciesDescriptor$Companion
instanceKlass org/jetbrains/kotlin/com/intellij/ide/plugins/ModuleDependenciesDescriptor
instanceKlass org/jetbrains/kotlin/com/intellij/ide/plugins/ContainerDescriptor
instanceKlass org/jetbrains/kotlin/com/intellij/ide/plugins/RawPluginDescriptor
instanceKlass org/jetbrains/kotlin/com/fasterxml/aalto/util/BufferRecycler
instanceKlass org/jetbrains/kotlin/com/fasterxml/aalto/util/NameTable
instanceKlass org/jetbrains/kotlin/com/fasterxml/aalto/util/XmlCharTypes
instanceKlass org/jetbrains/kotlin/com/fasterxml/aalto/in/AttributeCollector
instanceKlass org/jetbrains/kotlin/com/fasterxml/aalto/util/TextBuilder
instanceKlass org/jetbrains/kotlin/com/fasterxml/aalto/in/FixedNsContext
instanceKlass org/jetbrains/kotlin/com/fasterxml/aalto/in/NsBinding
instanceKlass org/jetbrains/kotlin/com/fasterxml/aalto/in/PName
instanceKlass org/jetbrains/kotlin/org/codehaus/stax2/XMLStreamLocation2
instanceKlass org/jetbrains/kotlin/org/codehaus/stax2/typed/TypedValueDecoder
instanceKlass org/jetbrains/kotlin/com/fasterxml/aalto/stax/StreamReaderImpl
instanceKlass org/jetbrains/kotlin/org/codehaus/stax2/XMLStreamReader2
instanceKlass org/jetbrains/kotlin/org/codehaus/stax2/typed/TypedXMLStreamReader
instanceKlass javax/xml/stream/XMLStreamReader
instanceKlass org/jetbrains/kotlin/org/codehaus/stax2/LocationInfo
instanceKlass org/jetbrains/kotlin/com/fasterxml/aalto/in/XmlScanner
instanceKlass javax/xml/stream/XMLStreamConstants
instanceKlass javax/xml/namespace/NamespaceContext
instanceKlass javax/xml/stream/Location
instanceKlass org/jetbrains/kotlin/com/fasterxml/aalto/in/InputBootstrapper
instanceKlass org/jetbrains/kotlin/com/fasterxml/aalto/util/UriCanonicalizer
instanceKlass org/jetbrains/kotlin/com/fasterxml/aalto/in/ReaderConfig$EncodingContext
instanceKlass org/jetbrains/kotlin/com/fasterxml/aalto/impl/CommonConfig
instanceKlass org/jetbrains/kotlin/com/intellij/util/xml/dom/StaxFactory
instanceKlass org/jetbrains/kotlin/kotlinx/collections/immutable/internal/DeltaCounter
instanceKlass org/jetbrains/kotlin/kotlinx/collections/immutable/implementations/immutableSet/TrieNodeKt
instanceKlass org/jetbrains/kotlin/kotlinx/collections/immutable/internal/MutabilityOwnership
instanceKlass org/jetbrains/kotlin/kotlinx/collections/immutable/PersistentSet$Builder
instanceKlass org/jetbrains/kotlin/kotlinx/collections/immutable/PersistentCollection$Builder
instanceKlass org/jetbrains/kotlin/com/intellij/ide/plugins/XmlReader
instanceKlass org/jetbrains/kotlin/com/intellij/ide/plugins/ImmutableZipFileDataLoader
instanceKlass org/jetbrains/kotlin/com/intellij/ide/plugins/DataLoader
instanceKlass org/jetbrains/kotlin/com/intellij/ide/plugins/NonShareableJavaZipFilePool$load$1
instanceKlass org/jetbrains/kotlin/com/intellij/util/lang/ZipFilePool$EntryResolver
instanceKlass org/jetbrains/kotlin/com/intellij/util/lang/ZipFilePool
instanceKlass kotlinx/coroutines/internal/OpDescriptor
instanceKlass kotlinx/coroutines/DispatchedTaskKt
instanceKlass kotlinx/coroutines/CompletedExceptionally
instanceKlass kotlinx/coroutines/EventLoop_commonKt
instanceKlass kotlinx/coroutines/AbstractTimeSourceKt
instanceKlass kotlinx/coroutines/CompletionStateKt
instanceKlass kotlinx/coroutines/internal/ThreadContextKt
instanceKlass kotlinx/coroutines/internal/DispatchedContinuationKt
instanceKlass kotlinx/coroutines/scheduling/Task
instanceKlass kotlin/coroutines/jvm/internal/DebugProbesKt
instanceKlass kotlin/coroutines/intrinsics/IntrinsicsKt__IntrinsicsJvmKt
instanceKlass kotlinx/coroutines/intrinsics/CancellableKt
instanceKlass kotlinx/coroutines/CoroutineStart$WhenMappings
instanceKlass kotlin/coroutines/CombinedContext
instanceKlass kotlinx/coroutines/Job$DefaultImpls
instanceKlass  @bci kotlin/coroutines/CoroutineContext$DefaultImpls plus (Lkotlin/coroutines/CoroutineContext;Lkotlin/coroutines/CoroutineContext;)Lkotlin/coroutines/CoroutineContext; 19 <appendix> argL0 ; # kotlin/coroutines/CoroutineContext$DefaultImpls$$Lambda+0x00000008002fcf40
instanceKlass kotlin/coroutines/CoroutineContext$DefaultImpls
instanceKlass kotlinx/coroutines/NonDisposableHandle
instanceKlass kotlinx/coroutines/ChildHandle
instanceKlass kotlinx/coroutines/DisposableHandle
instanceKlass kotlinx/coroutines/Job$Key
instanceKlass kotlinx/coroutines/Empty
instanceKlass kotlinx/coroutines/Incomplete
instanceKlass kotlinx/coroutines/JobSupportKt
instanceKlass kotlinx/coroutines/JobSupport
instanceKlass kotlinx/coroutines/ParentJob
instanceKlass kotlinx/coroutines/ChildJob
instanceKlass kotlinx/coroutines/Job
instanceKlass kotlin/coroutines/ContinuationInterceptor$DefaultImpls
instanceKlass kotlinx/coroutines/DefaultExecutorKt
instanceKlass kotlinx/coroutines/internal/LimitedDispatcherKt
instanceKlass java/util/concurrent/atomic/AtomicReferenceArray
instanceKlass kotlinx/coroutines/internal/LockFreeTaskQueueCore$Companion
instanceKlass kotlinx/coroutines/internal/LockFreeTaskQueueCore
instanceKlass kotlinx/coroutines/internal/ResizableAtomicArray
instanceKlass kotlinx/coroutines/internal/LockFreeTaskQueue
instanceKlass kotlinx/coroutines/scheduling/CoroutineScheduler$Companion
instanceKlass kotlinx/coroutines/scheduling/CoroutineScheduler
instanceKlass java/util/concurrent/Executor
instanceKlass kotlinx/coroutines/scheduling/TaskContextImpl
instanceKlass kotlinx/coroutines/scheduling/TaskContext
instanceKlass kotlinx/coroutines/scheduling/SchedulerTimeSource
instanceKlass kotlinx/coroutines/internal/SystemPropsKt__SystemProps_commonKt
instanceKlass kotlinx/coroutines/scheduling/TasksKt
instanceKlass kotlinx/coroutines/Dispatchers
instanceKlass kotlinx/coroutines/internal/SystemPropsKt__SystemPropsKt
instanceKlass kotlinx/coroutines/internal/SystemPropsKt
instanceKlass kotlinx/coroutines/DebugKt
instanceKlass kotlinx/coroutines/CopyableThreadContextElement
instanceKlass kotlinx/coroutines/ThreadContextElement
instanceKlass kotlin/coroutines/CoroutineContext$Element$DefaultImpls
instanceKlass kotlinx/coroutines/CoroutineContextKt
instanceKlass kotlinx/coroutines/GlobalScope
instanceKlass java/util/concurrent/atomic/AtomicIntegerFieldUpdater$AtomicIntegerFieldUpdaterImpl$1
instanceKlass java/util/concurrent/atomic/AtomicIntegerFieldUpdater
instanceKlass kotlin/coroutines/AbstractCoroutineContextKey
instanceKlass kotlin/coroutines/AbstractCoroutineContextElement
instanceKlass kotlinx/coroutines/Delay
instanceKlass kotlinx/coroutines/EventLoopKt
instanceKlass kotlinx/coroutines/internal/ThreadLocalKt
instanceKlass kotlinx/coroutines/internal/Symbol
instanceKlass kotlinx/coroutines/ThreadLocalEventLoop
instanceKlass kotlin/coroutines/ContinuationInterceptor$Key
instanceKlass kotlin/coroutines/CoroutineContext$Key
instanceKlass kotlin/coroutines/ContinuationInterceptor
instanceKlass kotlin/coroutines/CoroutineContext$Element
instanceKlass kotlin/coroutines/EmptyCoroutineContext
instanceKlass kotlin/coroutines/CoroutineContext
instanceKlass kotlinx/coroutines/BuildersKt__BuildersKt
instanceKlass kotlinx/coroutines/BuildersKt
instanceKlass kotlin/coroutines/jvm/internal/BaseContinuationImpl
instanceKlass kotlin/coroutines/jvm/internal/CoroutineStackFrame
instanceKlass kotlin/coroutines/Continuation
instanceKlass kotlin/coroutines/jvm/internal/SuspendFunction
instanceKlass  @bci org/jetbrains/kotlin/com/intellij/ide/plugins/DescriptorListLoadingContext <init> (Ljava/util/Set;Ljava/util/Set;Ljava/util/Map;Lkotlin/jvm/functions/Function0;ZZZZ)V 128 <appendix> member <vmtarget> ; # org/jetbrains/kotlin/com/intellij/ide/plugins/DescriptorListLoadingContext$$Lambda+0x00000008002f0000
instanceKlass org/jetbrains/kotlin/com/intellij/ide/plugins/MyXmlInterner
instanceKlass org/jetbrains/kotlin/com/intellij/util/xml/dom/XmlInterner
instanceKlass org/jetbrains/kotlin/com/intellij/ide/plugins/DescriptorListLoadingContext
instanceKlass org/jetbrains/kotlin/com/intellij/ide/plugins/ReadModuleContext
instanceKlass org/jetbrains/kotlin/com/intellij/ide/plugins/PluginXmlPathResolver$Companion
instanceKlass org/jetbrains/kotlin/com/intellij/ide/plugins/PluginXmlPathResolver
instanceKlass org/jetbrains/kotlin/com/intellij/ide/plugins/PathResolver
instanceKlass org/jetbrains/kotlin/com/intellij/ide/plugins/PluginDescriptorLoader
instanceKlass org/jetbrains/kotlin/com/intellij/psi/JavaModuleSystem
instanceKlass org/jetbrains/kotlin/com/intellij/psi/impl/compiled/ClsCustomNavigationPolicy
instanceKlass org/jetbrains/kotlin/cli/jvm/compiler/IdeaExtensionPoints
instanceKlass org/jetbrains/kotlin/com/intellij/psi/impl/smartPointers/SmartPointerAnchorProvider
instanceKlass org/jetbrains/kotlin/com/intellij/codeInsight/runner/JavaMainMethodProvider
instanceKlass org/jetbrains/kotlin/com/intellij/openapi/util/NotNullLazyValue
instanceKlass  @bci org/jetbrains/kotlin/com/intellij/psi/augment/PsiAugmentProvider <clinit> ()V 17 <appendix> argL0 ; # org/jetbrains/kotlin/com/intellij/psi/augment/PsiAugmentProvider$$Lambda+0x00000008002ec4e0
instanceKlass org/jetbrains/kotlin/com/intellij/psi/augment/PsiAugmentProvider
instanceKlass org/jetbrains/kotlin/com/intellij/psi/meta/MetaDataContributor
instanceKlass org/jetbrains/kotlin/com/intellij/psi/FileContextProvider
instanceKlass org/jetbrains/kotlin/cli/jvm/compiler/DummyJavaFileCodeStyleFacadeFactory
instanceKlass org/jetbrains/kotlin/com/intellij/psi/codeStyle/JavaFileCodeStyleFacadeFactory
instanceKlass org/jetbrains/kotlin/com/intellij/util/containers/CanonicalHashingStrategy
instanceKlass  @bci org/jetbrains/kotlin/com/intellij/util/containers/ConcurrentRefHashMap <clinit> ()V 23 <appendix> argL0 ; # org/jetbrains/kotlin/com/intellij/util/containers/ConcurrentRefHashMap$$Lambda+0x00000008002eb228
instanceKlass org/jetbrains/kotlin/com/intellij/util/containers/ConcurrentRefHashMap$HardKey
instanceKlass org/jetbrains/kotlin/com/intellij/util/containers/ConcurrentRefHashMap$1
instanceKlass org/jetbrains/kotlin/com/intellij/util/containers/ConcurrentRefHashMap$KeyReference
instanceKlass  @bci org/jetbrains/kotlin/com/intellij/openapi/fileTypes/BinaryFileTypeDecompilers notifyDecompilerSetChange ()V 3 <appendix> argL0 ; # org/jetbrains/kotlin/com/intellij/openapi/fileTypes/BinaryFileTypeDecompilers$$Lambda+0x00000008002e9548
instanceKlass  @bci org/jetbrains/kotlin/com/intellij/openapi/fileTypes/BinaryFileTypeDecompilers <init> ()V 11 <appendix> member <vmtarget> ; # org/jetbrains/kotlin/com/intellij/openapi/fileTypes/BinaryFileTypeDecompilers$$Lambda+0x00000008002e92f0
instanceKlass org/jetbrains/kotlin/com/intellij/psi/FileViewProvider
instanceKlass org/jetbrains/kotlin/com/intellij/psi/compiled/ClsStubBuilder
instanceKlass org/jetbrains/kotlin/com/intellij/psi/compiled/ClassFileDecompilers$Full
instanceKlass  @bci org/jetbrains/kotlin/com/intellij/openapi/extensions/impl/ExtensionPointImpl doAddChangeListener (Ljava/lang/Runnable;)Lorg/jetbrains/kotlin/com/intellij/openapi/extensions/ExtensionPointAdapter; 14 <appendix> member <vmtarget> ; # org/jetbrains/kotlin/com/intellij/openapi/extensions/impl/ExtensionPointImpl$$Lambda+0x00000008002e84c8
instanceKlass org/jetbrains/kotlin/com/intellij/openapi/extensions/ExtensionPointAdapter
instanceKlass  @bci org/jetbrains/kotlin/com/intellij/psi/compiled/ClassFileDecompilers <init> ()V 21 <appendix> argL0 ; # org/jetbrains/kotlin/com/intellij/psi/compiled/ClassFileDecompilers$$Lambda+0x00000008002e7bf8
instanceKlass java/util/TimSort
instanceKlass java/util/Arrays$LegacyMergeSort
instanceKlass  @bci org/jetbrains/kotlin/com/intellij/util/pico/CachingConstructorInjectionComponentAdapter getGreediestSatisfiableConstructor (Lorg/jetbrains/kotlin/org/picocontainer/ComponentAdapter;Lorg/jetbrains/kotlin/com/intellij/util/pico/DefaultPicoContainer;Ljava/lang/Class;)Ljava/lang/reflect/Constructor; 43 <appendix> argL0 ; # org/jetbrains/kotlin/com/intellij/util/pico/CachingConstructorInjectionComponentAdapter$$Lambda+0x00000008002e7930
instanceKlass org/jetbrains/kotlin/com/intellij/openapi/components/Service
instanceKlass org/jetbrains/kotlin/com/intellij/psi/compiled/ClassFileDecompilers
instanceKlass org/jetbrains/kotlin/com/intellij/psi/compiled/ClassFileDecompilers$Decompiler
instanceKlass org/jetbrains/kotlin/com/intellij/psi/util/MethodSignature
instanceKlass org/jetbrains/kotlin/com/intellij/openapi/application/QueryExecutorBase
instanceKlass org/jetbrains/kotlin/com/intellij/util/QueryExecutor
instanceKlass org/jetbrains/kotlin/com/intellij/psi/search/searches/SuperMethodsSearch$1
instanceKlass org/jetbrains/kotlin/com/intellij/openapi/extensions/ExtensionPointListener$Companion
instanceKlass org/jetbrains/kotlin/com/intellij/psi/search/searches/SmartExtensionPoint$1
instanceKlass org/jetbrains/kotlin/com/intellij/openapi/extensions/ExtensionPointAndAreaListener
instanceKlass  @bci org/jetbrains/kotlin/com/intellij/psi/search/searches/ExtensibleQueryFactory <init> (Ljava/lang/String;)V 11 <appendix> member <vmtarget> ; # org/jetbrains/kotlin/com/intellij/psi/search/searches/ExtensibleQueryFactory$$Lambda+0x00000008002e5640
instanceKlass org/jetbrains/kotlin/com/intellij/psi/search/searches/SmartExtensionPoint
instanceKlass org/jetbrains/kotlin/com/intellij/util/Query
instanceKlass org/jetbrains/kotlin/com/intellij/util/QueryFactory
instanceKlass  @bci org/jetbrains/kotlin/com/intellij/openapi/util/registry/Registry doGet (Ljava/lang/String;)Lorg/jetbrains/kotlin/com/intellij/openapi/util/registry/RegistryValue; 14 <appendix> member <vmtarget> ; # org/jetbrains/kotlin/com/intellij/openapi/util/registry/Registry$$Lambda+0x00000008002e4828
instanceKlass org/jetbrains/kotlin/com/intellij/openapi/util/registry/RegistryValue
instanceKlass org/jetbrains/kotlin/com/intellij/openapi/util/registry/Registry$1
instanceKlass org/jetbrains/kotlin/com/intellij/openapi/util/registry/RegistryValueListener
instanceKlass org/jetbrains/kotlin/com/intellij/openapi/util/registry/Registry
instanceKlass org/jetbrains/kotlin/com/intellij/lang/folding/FoldingBuilderEx
instanceKlass org/jetbrains/kotlin/com/intellij/openapi/project/DumbAware
instanceKlass org/jetbrains/kotlin/com/intellij/lang/folding/FoldingBuilder
instanceKlass org/jetbrains/kotlin/com/intellij/openapi/project/PossiblyDumbAware
instanceKlass org/jetbrains/kotlin/com/intellij/codeInsight/folding/JavaCodeFoldingSettings
instanceKlass org/jetbrains/kotlin/com/intellij/psi/PsiParameter
instanceKlass org/jetbrains/kotlin/com/intellij/lang/jvm/JvmParameter
instanceKlass org/jetbrains/kotlin/com/intellij/psi/presentation/java/VariablePresentationProvider
instanceKlass org/jetbrains/kotlin/com/intellij/psi/PsiLocalVariable
instanceKlass org/jetbrains/kotlin/com/intellij/psi/presentation/java/FieldPresentationProvider
instanceKlass org/jetbrains/kotlin/com/intellij/psi/PsiField
instanceKlass org/jetbrains/kotlin/com/intellij/psi/PsiVariable
instanceKlass org/jetbrains/kotlin/com/intellij/lang/jvm/JvmField
instanceKlass org/jetbrains/kotlin/com/intellij/psi/presentation/java/MethodPresentationProvider
instanceKlass org/jetbrains/kotlin/com/intellij/psi/PsiMethod
instanceKlass org/jetbrains/kotlin/com/intellij/psi/PsiParameterListOwner
instanceKlass org/jetbrains/kotlin/com/intellij/lang/jvm/JvmMethod
instanceKlass org/jetbrains/kotlin/com/intellij/psi/presentation/java/ClassPresentationProvider
instanceKlass org/jetbrains/kotlin/com/intellij/psi/PsiClass
instanceKlass org/jetbrains/kotlin/com/intellij/psi/PsiTypeParameterListOwner
instanceKlass org/jetbrains/kotlin/com/intellij/psi/PsiJvmMember
instanceKlass org/jetbrains/kotlin/com/intellij/psi/PsiTarget
instanceKlass org/jetbrains/kotlin/com/intellij/psi/PsiNameIdentifierOwner
instanceKlass org/jetbrains/kotlin/com/intellij/psi/PsiDocCommentOwner
instanceKlass org/jetbrains/kotlin/com/intellij/psi/PsiMember
instanceKlass org/jetbrains/kotlin/com/intellij/psi/PsiJavaDocumentedElement
instanceKlass org/jetbrains/kotlin/com/intellij/pom/PomRenameableTarget
instanceKlass org/jetbrains/kotlin/com/intellij/pom/PomNamedTarget
instanceKlass org/jetbrains/kotlin/com/intellij/pom/PomTarget
instanceKlass org/jetbrains/kotlin/com/intellij/lang/jvm/JvmClass
instanceKlass org/jetbrains/kotlin/com/intellij/lang/jvm/JvmTypeParametersOwner
instanceKlass org/jetbrains/kotlin/com/intellij/lang/jvm/JvmMember
instanceKlass org/jetbrains/kotlin/com/intellij/lang/jvm/JvmTypeDeclaration
instanceKlass org/jetbrains/kotlin/com/intellij/navigation/ItemPresentation
instanceKlass org/jetbrains/kotlin/com/intellij/psi/presentation/java/PackagePresentationProvider
instanceKlass org/jetbrains/kotlin/com/intellij/navigation/ItemPresentationProvider
instanceKlass org/jetbrains/kotlin/com/intellij/psi/PsiPackage
instanceKlass org/jetbrains/kotlin/com/intellij/psi/PsiQualifiedNamedElement
instanceKlass org/jetbrains/kotlin/com/intellij/psi/PsiJvmModifiersOwner
instanceKlass org/jetbrains/kotlin/com/intellij/psi/PsiModifierListOwner
instanceKlass org/jetbrains/kotlin/com/intellij/lang/jvm/JvmModifiersOwner
instanceKlass org/jetbrains/kotlin/com/intellij/psi/PsiDirectoryContainer
instanceKlass org/jetbrains/kotlin/com/intellij/lang/jvm/JvmPackage
instanceKlass org/jetbrains/kotlin/com/intellij/lang/jvm/JvmNamedElement
instanceKlass org/jetbrains/kotlin/com/intellij/lang/jvm/JvmAnnotatedElement
instanceKlass org/jetbrains/kotlin/com/intellij/lang/jvm/JvmElement
instanceKlass org/jetbrains/kotlin/com/intellij/openapi/projectRoots/JavaVersionService
instanceKlass org/jetbrains/kotlin/com/intellij/psi/JavaDirectoryService
instanceKlass org/jetbrains/kotlin/com/intellij/psi/PsiSubstitutor
instanceKlass org/jetbrains/kotlin/com/intellij/psi/PsiSubstitutorFactory
instanceKlass  @bci org/jetbrains/kotlin/com/intellij/openapi/util/ModificationTracker <clinit> ()V 10 <appendix> argL0 ; # org/jetbrains/kotlin/com/intellij/openapi/util/ModificationTracker$$Lambda+0x00000008002dec40
instanceKlass org/jetbrains/kotlin/com/intellij/openapi/util/ModificationTracker$1
instanceKlass org/jetbrains/kotlin/com/intellij/psi/impl/file/PsiPackageImplementationHelper
instanceKlass  @bci org/jetbrains/kotlin/com/intellij/openapi/extensions/impl/ExtensionPointImpl doRegisterExtension (Ljava/lang/Object;Lorg/jetbrains/kotlin/com/intellij/openapi/extensions/LoadingOrder;Lorg/jetbrains/kotlin/com/intellij/openapi/extensions/PluginDescriptor;Lorg/jetbrains/kotlin/com/intellij/openapi/Disposable;)V 191 <appendix> member <vmtarget> ; # org/jetbrains/kotlin/com/intellij/openapi/extensions/impl/ExtensionPointImpl$$Lambda+0x00000008002de098
instanceKlass org/jetbrains/kotlin/com/intellij/openapi/extensions/impl/ExtensionPointImplKt
instanceKlass  @bci org/jetbrains/kotlin/com/intellij/openapi/extensions/impl/ObjectComponentAdapter <init> (Ljava/lang/Object;Lorg/jetbrains/kotlin/com/intellij/openapi/extensions/PluginDescriptor;Lorg/jetbrains/kotlin/com/intellij/openapi/extensions/LoadingOrder;)V 36 <appendix> member <vmtarget> ; # org/jetbrains/kotlin/com/intellij/openapi/extensions/impl/ObjectComponentAdapter$$Lambda+0x00000008002dd590
instanceKlass org/jetbrains/kotlin/com/intellij/openapi/extensions/impl/ExtensionComponentAdapter
instanceKlass org/jetbrains/kotlin/com/intellij/openapi/extensions/LoadingOrder$Orderable
instanceKlass kotlin/text/DelimitedRangesSequence$iterator$1
instanceKlass  @bci kotlin/text/StringsKt__StringsKt splitToSequence (Ljava/lang/CharSequence;[CZI)Lkotlin/sequences/Sequence; 24 <appendix> member <vmtarget> ; # kotlin/text/StringsKt__StringsKt$$Lambda+0x00000008002dc4b0
instanceKlass  @bci org/jetbrains/kotlin/fir/resolve/transformers/body/resolve/FirAbstractBodyResolveTransformer$BodyResolveTransformerComponents <init> (Lorg/jetbrains/kotlin/fir/FirSession;Lorg/jetbrains/kotlin/fir/resolve/ScopeSession;Lorg/jetbrains/kotlin/fir/resolve/transformers/body/resolve/FirAbstractBodyResolveTransformerDispatcher;Lorg/jetbrains/kotlin/fir/resolve/transformers/body/resolve/BodyResolveContext;Z)V 84 <appendix> form vmentry <vmtarget> ; # java/lang/invoke/LambdaForm$DMH+0x00000008002d8c00
instanceKlass  @bci kotlin/text/StringsKt__StringsKt rangesDelimitedBy$StringsKt__StringsKt (Ljava/lang/CharSequence;[CIZI)Lkotlin/sequences/Sequence; 15 <appendix> member <vmtarget> ; # kotlin/text/StringsKt__StringsKt$$Lambda+0x00000008002dc258
instanceKlass  @cpi kotlin/text/StringsKt__StringsKt 741 form vmentry <vmtarget> ; # java/lang/invoke/LambdaForm$DMH+0x00000008002d8800
instanceKlass kotlin/text/DelimitedRangesSequence
instanceKlass org/jetbrains/kotlin/com/intellij/openapi/extensions/LoadingOrder$Companion
instanceKlass org/jetbrains/kotlin/com/intellij/openapi/extensions/LoadingOrder
instanceKlass org/jetbrains/kotlin/com/intellij/codeInsight/JavaContainerProvider
instanceKlass org/jetbrains/kotlin/com/intellij/codeInsight/ContainerProvider
instanceKlass org/jetbrains/kotlin/com/intellij/psi/impl/PsiExpressionEvaluator
instanceKlass org/jetbrains/kotlin/com/intellij/psi/impl/ConstantExpressionEvaluator
instanceKlass org/jetbrains/kotlin/com/intellij/psi/stubs/IndexSink
instanceKlass org/jetbrains/kotlin/com/intellij/util/diff/FlyweightCapableTreeStructure
instanceKlass  @bci org/jetbrains/kotlin/com/intellij/psi/tree/IStubFileElementType <clinit> ()V 4 <appendix> argL0 ; # org/jetbrains/kotlin/com/intellij/psi/tree/IStubFileElementType$$Lambda+0x00000008002d5ee0
instanceKlass  @cpi org/jetbrains/kotlin/fir/java/enhancement/FirEnhancedSymbolsStorage$EnhancementSymbolsCache 255 form vmentry <vmtarget> ; # java/lang/invoke/LambdaForm$DMH+0x00000008002d8400
# instanceKlass java/lang/invoke/LambdaForm$DMH+0x00000008002d8000
instanceKlass org/jetbrains/kotlin/com/intellij/psi/impl/java/stubs/PsiJavaFileStub
instanceKlass org/jetbrains/kotlin/com/intellij/psi/stubs/PsiClassHolderFileStub
instanceKlass org/jetbrains/kotlin/com/intellij/psi/stubs/LightStubBuilder
instanceKlass org/jetbrains/kotlin/com/intellij/psi/stubs/PsiFileStub
instanceKlass org/jetbrains/kotlin/com/intellij/psi/stubs/StubElement
instanceKlass org/jetbrains/kotlin/com/intellij/psi/stubs/Stub
instanceKlass org/jetbrains/kotlin/com/intellij/psi/StubBuilder
instanceKlass org/jetbrains/kotlin/com/intellij/psi/stubs/StubSerializer
instanceKlass org/jetbrains/kotlin/com/intellij/psi/stubs/ObjectStubSerializer
instanceKlass org/jetbrains/kotlin/com/intellij/lang/java/JavaParserDefinition
instanceKlass org/jetbrains/kotlin/com/intellij/psi/javadoc/PsiDocToken
instanceKlass org/jetbrains/kotlin/com/intellij/psi/javadoc/PsiSnippetAttributeValue
instanceKlass org/jetbrains/kotlin/com/intellij/psi/PsiFragment
instanceKlass org/jetbrains/kotlin/com/intellij/psi/PsiLiteralValue
instanceKlass org/jetbrains/kotlin/com/intellij/psi/PsiKeyword
instanceKlass org/jetbrains/kotlin/com/intellij/psi/PsiIdentifier
instanceKlass org/jetbrains/kotlin/com/intellij/psi/PsiJavaToken
instanceKlass org/jetbrains/kotlin/com/intellij/psi/javadoc/PsiDocTagValue
instanceKlass org/jetbrains/kotlin/com/intellij/psi/impl/compiled/ClassFileStubBuilder
instanceKlass org/jetbrains/kotlin/com/intellij/psi/stubs/BinaryFileStubBuilder$CompositeBinaryFileStubBuilder
instanceKlass org/jetbrains/kotlin/com/intellij/psi/stubs/BinaryFileStubBuilder
instanceKlass org/jetbrains/kotlin/com/intellij/psi/ClassFileViewProviderFactory
instanceKlass org/jetbrains/kotlin/com/intellij/psi/FileViewProviderFactory
instanceKlass org/jetbrains/kotlin/com/intellij/openapi/util/Condition$3
instanceKlass org/jetbrains/kotlin/com/intellij/openapi/util/Condition$2
instanceKlass org/jetbrains/kotlin/com/intellij/openapi/util/Condition$1
instanceKlass org/jetbrains/kotlin/com/intellij/openapi/util/Condition
instanceKlass org/jetbrains/kotlin/com/intellij/openapi/util/Conditions
instanceKlass  @bci org/jetbrains/kotlin/com/intellij/psi/tree/IElementType <clinit> ()V 15 <appendix> argL0 ; # org/jetbrains/kotlin/com/intellij/psi/tree/IElementType$$Lambda+0x00000008002c89c0
instanceKlass org/jetbrains/kotlin/com/intellij/psi/tree/IElementType$Predicate
instanceKlass  @bci org/jetbrains/kotlin/com/intellij/psi/tree/IElementType <clinit> ()V 7 <appendix> argL0 ; # org/jetbrains/kotlin/com/intellij/psi/tree/IElementType$$Lambda+0x00000008002c8540
instanceKlass org/jetbrains/kotlin/com/intellij/lexer/Lexer
instanceKlass org/jetbrains/kotlin/com/intellij/openapi/fileTypes/PlainTextParserDefinition
instanceKlass  @bci org/jetbrains/kotlin/com/intellij/openapi/util/KeyedExtensionCollector addExplicitExtension (Ljava/lang/Object;Ljava/lang/Object;Lorg/jetbrains/kotlin/com/intellij/openapi/Disposable;)V 37 <appendix> member <vmtarget> ; # org/jetbrains/kotlin/com/intellij/openapi/util/KeyedExtensionCollector$$Lambda+0x00000008002c6db0
instanceKlass org/jetbrains/kotlin/kotlinx/collections/immutable/implementations/immutableList/AbstractListIterator
instanceKlass org/jetbrains/kotlin/kotlinx/collections/immutable/internal/ListImplementation
instanceKlass  @bci org/jetbrains/kotlin/com/intellij/lang/LanguageUtil <clinit> ()V 0 <appendix> argL0 ; # org/jetbrains/kotlin/com/intellij/lang/LanguageUtil$$Lambda+0x00000008002c6018
instanceKlass org/jetbrains/kotlin/com/intellij/lang/LanguageUtil
instanceKlass org/jetbrains/kotlin/kotlinx/collections/immutable/implementations/immutableSet/TrieNodeIterator
instanceKlass org/jetbrains/kotlin/kotlinx/collections/immutable/implementations/immutableSet/PersistentHashSetIterator
instanceKlass org/jetbrains/kotlin/com/intellij/util/containers/ContainerUtil$9$1
instanceKlass org/jetbrains/kotlin/com/intellij/util/containers/ContainerUtil$9
instanceKlass org/jetbrains/kotlin/com/intellij/psi/PsiPlainText
instanceKlass org/jetbrains/kotlin/com/intellij/lang/ASTFactory$DefaultFactoryHolder
instanceKlass org/jetbrains/kotlin/com/intellij/ide/highlighter/ArchiveFileType
instanceKlass org/jetbrains/kotlin/kotlinx/collections/immutable/implementations/immutableSet/TrieNode$Companion
instanceKlass org/jetbrains/kotlin/kotlinx/collections/immutable/implementations/immutableSet/TrieNode
instanceKlass org/jetbrains/kotlin/kotlinx/collections/immutable/implementations/immutableSet/PersistentHashSet$Companion
instanceKlass kotlin/collections/AbstractSet$Companion
instanceKlass org/jetbrains/kotlin/kotlinx/collections/immutable/PersistentSet
instanceKlass org/jetbrains/kotlin/kotlinx/collections/immutable/ImmutableSet
instanceKlass org/jetbrains/kotlin/com/intellij/openapi/fileTypes/LanguageFileType
instanceKlass org/jetbrains/kotlin/com/intellij/ide/highlighter/JavaClassFileType
instanceKlass org/jetbrains/kotlin/com/intellij/DynamicBundle$LanguageBundleEP
instanceKlass org/jetbrains/kotlin/com/intellij/util/pico/CachingConstructorInjectionComponentAdapter
instanceKlass org/jetbrains/kotlin/com/intellij/openapi/application/ApplicationInfo
instanceKlass org/jetbrains/kotlin/com/intellij/util/graph/GraphAlgorithms
instanceKlass org/jetbrains/kotlin/com/intellij/util/messages/impl/MessagePublisher
instanceKlass org/jetbrains/kotlin/com/intellij/util/messages/impl/CompositeMessageBus$WhenMappings
instanceKlass  @bci org/jetbrains/kotlin/com/intellij/util/messages/impl/MessageBusImpl syncPublisher (Lorg/jetbrains/kotlin/com/intellij/util/messages/Topic;)Ljava/lang/Object; 60 <appendix> member <vmtarget> ; # org/jetbrains/kotlin/com/intellij/util/messages/impl/MessageBusImpl$$Lambda+0x00000008002bdbd8
instanceKlass org/jetbrains/kotlin/com/intellij/openapi/command/impl/CoreCommandProcessor$1
instanceKlass org/jetbrains/kotlin/com/intellij/openapi/command/CommandListener
instanceKlass org/jetbrains/kotlin/com/intellij/openapi/command/CommandToken
instanceKlass org/jetbrains/kotlin/com/intellij/openapi/command/CommandProcessor
instanceKlass org/jetbrains/kotlin/com/intellij/codeInsight/folding/CodeFoldingSettings
instanceKlass  @bci org/jetbrains/kotlin/com/intellij/util/containers/Unsafe arrayBaseOffset (Ljava/lang/Class;)I 4 <adapter> ; # java/lang/invoke/LambdaForm$MH+0x00000008002bbc00
instanceKlass  @bci org/jetbrains/kotlin/com/intellij/util/containers/Unsafe objectFieldOffset (Ljava/lang/reflect/Field;)J 4 <adapter> ; # java/lang/invoke/LambdaForm$MH+0x00000008002bb800
# instanceKlass java/lang/invoke/LambdaForm$MH+0x00000008002bb400
# instanceKlass java/lang/invoke/LambdaForm$BMH+0x00000008002bb000
# instanceKlass java/lang/invoke/LambdaForm$DMH+0x00000008002bac00
# instanceKlass java/lang/invoke/LambdaForm$DMH+0x00000008002ba800
# instanceKlass java/lang/invoke/LambdaForm$MH+0x00000008002ba400
# instanceKlass java/lang/invoke/LambdaForm$DMH+0x00000008002ba000
# instanceKlass java/lang/invoke/LambdaForm$MH+0x00000008002b9c00
# instanceKlass java/lang/invoke/LambdaForm$MH+0x00000008002b9800
# instanceKlass java/lang/invoke/LambdaForm$BMH+0x00000008002b9400
# instanceKlass java/lang/invoke/LambdaForm$DMH+0x00000008002b9000
# instanceKlass java/lang/invoke/LambdaForm$DMH+0x00000008002b8c00
# instanceKlass java/lang/invoke/LambdaForm$MH+0x00000008002b8800
# instanceKlass java/lang/invoke/LambdaForm$BMH+0x00000008002b8400
# instanceKlass java/lang/invoke/LambdaForm$DMH+0x00000008002b8000
# instanceKlass java/lang/invoke/LambdaForm$DMH+0x00000008002b3c00
# instanceKlass java/lang/invoke/LambdaForm$MH+0x00000008002b3800
# instanceKlass java/lang/invoke/LambdaForm$BMH+0x00000008002b3400
# instanceKlass java/lang/invoke/LambdaForm$DMH+0x00000008002b3000
# instanceKlass java/lang/invoke/LambdaForm$DMH+0x00000008002b2c00
# instanceKlass java/lang/invoke/LambdaForm$MH+0x00000008002b2800
# instanceKlass java/lang/invoke/LambdaForm$BMH+0x00000008002b2400
# instanceKlass java/lang/invoke/LambdaForm$DMH+0x00000008002b2000
# instanceKlass java/lang/invoke/LambdaForm$DMH+0x00000008002b1c00
# instanceKlass java/lang/invoke/LambdaForm$MH+0x00000008002b1800
# instanceKlass java/lang/invoke/LambdaForm$DMH+0x00000008002b1400
# instanceKlass java/lang/invoke/LambdaForm$MH+0x00000008002b1000
# instanceKlass java/lang/invoke/LambdaForm$BMH+0x00000008002b0c00
# instanceKlass java/lang/invoke/LambdaForm$DMH+0x00000008002b0800
# instanceKlass java/lang/invoke/LambdaForm$DMH+0x00000008002b0400
instanceKlass org/jetbrains/kotlin/com/intellij/util/containers/Unsafe
instanceKlass org/jetbrains/kotlin/com/intellij/util/ConcurrentLongObjectHashMap$CounterCell
instanceKlass org/jetbrains/kotlin/com/intellij/util/ConcurrentLongObjectHashMap$Node
instanceKlass org/jetbrains/kotlin/com/intellij/util/containers/ConcurrentLongObjectMap$LongEntry
instanceKlass org/jetbrains/kotlin/com/intellij/util/ConcurrentLongObjectHashMap
instanceKlass org/jetbrains/kotlin/com/intellij/util/containers/ConcurrentLongObjectMap
instanceKlass org/jetbrains/kotlin/io/opentelemetry/api/trace/SpanBuilder
instanceKlass org/jetbrains/kotlin/io/opentelemetry/api/trace/DefaultTracer
instanceKlass org/jetbrains/kotlin/io/opentelemetry/api/trace/DefaultTracerProvider
instanceKlass org/jetbrains/kotlin/io/opentelemetry/api/trace/TracerProvider
instanceKlass org/jetbrains/kotlin/com/intellij/platform/diagnostic/telemetry/IJNoopTracer
instanceKlass org/jetbrains/kotlin/com/intellij/platform/diagnostic/telemetry/IJTracer
instanceKlass org/jetbrains/kotlin/io/opentelemetry/api/trace/Tracer
instanceKlass org/jetbrains/kotlin/com/intellij/platform/diagnostic/telemetry/PlatformScopesKt
instanceKlass org/jetbrains/kotlin/com/intellij/platform/diagnostic/telemetry/Scope
instanceKlass org/jetbrains/kotlin/com/intellij/openapi/progress/impl/ProgressManagerScopeKt
instanceKlass org/jetbrains/kotlin/com/intellij/platform/diagnostic/telemetry/NoopTelemetryManager
instanceKlass org/jetbrains/kotlin/com/intellij/platform/diagnostic/telemetry/TelemetryManagerKt
instanceKlass org/jetbrains/kotlin/com/intellij/platform/diagnostic/telemetry/TelemetryManager$Companion
instanceKlass org/jetbrains/kotlin/com/intellij/platform/diagnostic/telemetry/TelemetryManager
instanceKlass  @bci org/jetbrains/kotlin/com/intellij/openapi/progress/ProgressManager <clinit> ()V 0 <appendix> argL0 ; # org/jetbrains/kotlin/com/intellij/openapi/progress/ProgressManager$$Lambda+0x00000008002af758
instanceKlass  @cpi org/jetbrains/kotlin/com/intellij/openapi/progress/ProgressManager 242 form vmentry <vmtarget> ; # java/lang/invoke/LambdaForm$DMH+0x00000008002b0000
instanceKlass java/util/concurrent/Future
instanceKlass org/jetbrains/kotlin/com/intellij/openapi/progress/PerformInBackgroundOption
instanceKlass org/jetbrains/kotlin/com/intellij/openapi/progress/ProgressIndicator
instanceKlass org/jetbrains/kotlin/com/intellij/openapi/progress/Task
instanceKlass org/jetbrains/kotlin/com/intellij/openapi/progress/TaskInfo
instanceKlass org/jetbrains/kotlin/com/intellij/openapi/progress/Progressive
instanceKlass org/jetbrains/kotlin/com/intellij/psi/PsiReferenceService
instanceKlass org/jetbrains/kotlin/com/intellij/psi/stubs/ObjectStubTree
instanceKlass org/jetbrains/kotlin/com/intellij/psi/PsiFile
instanceKlass org/jetbrains/kotlin/com/intellij/psi/PsiFileSystemItem
instanceKlass org/jetbrains/kotlin/com/intellij/psi/PsiCheckedRenameElement
instanceKlass org/jetbrains/kotlin/com/intellij/psi/PsiNamedElement
instanceKlass org/jetbrains/kotlin/com/intellij/psi/NavigatablePsiElement
instanceKlass org/jetbrains/kotlin/com/intellij/psi/stubs/StubTreeLoader
instanceKlass org/jetbrains/kotlin/com/intellij/psi/PsiReferenceProviderBean
instanceKlass org/jetbrains/kotlin/com/intellij/psi/PsiReferenceContributor
instanceKlass org/jetbrains/kotlin/com/intellij/codeInsight/highlighting/PassRunningAssert
instanceKlass org/jetbrains/kotlin/com/intellij/psi/PsiReferenceRegistrar
instanceKlass org/jetbrains/kotlin/it/unimi/dsi/fastutil/doubles/Double2ObjectMap
instanceKlass org/jetbrains/kotlin/it/unimi/dsi/fastutil/doubles/Double2ObjectFunction
instanceKlass java/util/function/DoubleFunction
instanceKlass org/jetbrains/kotlin/com/intellij/psi/PsiReferenceProvider
instanceKlass org/jetbrains/kotlin/com/intellij/psi/impl/source/resolve/reference/ReferenceProvidersRegistry
instanceKlass org/jetbrains/kotlin/com/intellij/lang/PsiBuilder
instanceKlass org/jetbrains/kotlin/com/intellij/openapi/util/UserDataHolderUnprotected
instanceKlass org/jetbrains/kotlin/com/intellij/lang/SyntaxTreeBuilder
instanceKlass org/jetbrains/kotlin/com/intellij/lang/PsiBuilderFactory
instanceKlass  @bci java/util/regex/Pattern Range (II)Ljava/util/regex/Pattern$CharPredicate; 23 <appendix> member <vmtarget> ; # java/util/regex/Pattern$$Lambda+0x00000008001d91d8
instanceKlass  @bci org/jetbrains/kotlin/com/intellij/openapi/util/text/StringUtil <clinit> ()V 24 <appendix> argL0 ; # org/jetbrains/kotlin/com/intellij/openapi/util/text/StringUtil$$Lambda+0x00000008002a84a8
instanceKlass  @bci org/jetbrains/kotlin/com/intellij/openapi/util/text/StringUtil <clinit> ()V 16 <appendix> argL0 ; # org/jetbrains/kotlin/com/intellij/openapi/util/text/StringUtil$$Lambda+0x00000008002a8238
instanceKlass org/jetbrains/kotlin/com/intellij/openapi/util/text/StringUtilRt
instanceKlass org/jetbrains/kotlin/com/intellij/psi/impl/source/CharTableImpl
instanceKlass org/jetbrains/kotlin/com/intellij/psi/PsiLanguageInjectionHost
instanceKlass org/jetbrains/kotlin/com/intellij/psi/PsiComment
instanceKlass org/jetbrains/kotlin/com/intellij/model/psi/UrlReferenceHost
instanceKlass org/jetbrains/kotlin/com/intellij/model/psi/PsiExternalReferenceHost
instanceKlass org/jetbrains/kotlin/com/intellij/navigation/NavigationItem
instanceKlass org/jetbrains/kotlin/com/intellij/pom/Navigatable
instanceKlass org/jetbrains/kotlin/com/intellij/psi/PsiWhiteSpace
instanceKlass org/jetbrains/kotlin/com/intellij/psi/PsiElement
instanceKlass org/jetbrains/kotlin/com/intellij/psi/tree/ILazyParseableElementTypeBase
instanceKlass org/jetbrains/kotlin/com/intellij/psi/tree/IElementType
instanceKlass org/jetbrains/kotlin/com/intellij/lang/FileASTNode
instanceKlass org/jetbrains/kotlin/com/intellij/openapi/util/Iconable
instanceKlass org/jetbrains/kotlin/com/intellij/psi/impl/ReparseableASTNode
instanceKlass org/jetbrains/kotlin/com/intellij/lang/ASTNode
instanceKlass org/jetbrains/kotlin/com/intellij/util/CharTable
instanceKlass org/jetbrains/kotlin/com/intellij/lang/ASTFactory
instanceKlass org/jetbrains/kotlin/com/intellij/lang/DefaultASTFactory
instanceKlass org/jetbrains/kotlin/com/intellij/openapi/vfs/encoding/EncodingRegistry
instanceKlass org/jetbrains/kotlin/com/intellij/openapi/extensions/impl/ImplementationClassResolver
instanceKlass org/jetbrains/kotlin/com/intellij/serviceContainer/LazyExtensionInstance
instanceKlass org/jetbrains/kotlin/com/intellij/openapi/extensions/PluginAware
instanceKlass org/jetbrains/kotlin/com/intellij/util/KeyedLazyInstance
instanceKlass org/jetbrains/kotlin/com/intellij/openapi/vfs/impl/BulkVirtualFileListenerAdapter
instanceKlass org/jetbrains/kotlin/com/intellij/util/messages/impl/BaseBusConnection
instanceKlass org/jetbrains/kotlin/com/intellij/util/messages/impl/MessageBusImpl$MessageHandlerHolder
instanceKlass org/jetbrains/kotlin/com/intellij/util/messages/MessageBusConnection
instanceKlass org/jetbrains/kotlin/com/intellij/util/messages/SimpleMessageBusConnection
instanceKlass org/jetbrains/kotlin/com/intellij/openapi/vfs/impl/VirtualFileManagerImpl$LoggingListener
instanceKlass java/util/AbstractMap$SimpleImmutableEntry
# instanceKlass java/lang/invoke/LambdaForm$MH+0x000000080029c800
instanceKlass  @bci org/jetbrains/kotlin/com/intellij/util/ReflectionUtil findAssignableField (Ljava/lang/Class;Ljava/lang/Class;Ljava/lang/String;)Ljava/lang/reflect/Field; 20 <appendix> member <vmtarget> ; # org/jetbrains/kotlin/com/intellij/util/ReflectionUtil$$Lambda+0x0000000800299da8
instanceKlass sun/misc/Unsafe
instanceKlass org/jetbrains/kotlin/com/intellij/util/ReflectionUtil
instanceKlass  @bci org/jetbrains/kotlin/com/intellij/util/EventDispatcher createMulticaster (Ljava/lang/Class;Ljava/util/Map;Ljava/util/function/Supplier;)Ljava/lang/Object; 54 <appendix> member <vmtarget> ; # org/jetbrains/kotlin/com/intellij/util/EventDispatcher$$Lambda+0x0000000800299918
instanceKlass  @bci org/jetbrains/kotlin/com/intellij/util/EventDispatcher getMulticaster ()Ljava/util/EventListener; 19 <appendix> member <vmtarget> ; # org/jetbrains/kotlin/com/intellij/util/EventDispatcher$$Lambda+0x00000008002996c0
instanceKlass org/jetbrains/kotlin/com/intellij/openapi/vfs/newvfs/CachingVirtualFileSystem
instanceKlass java/util/concurrent/atomic/AtomicBoolean
instanceKlass java/util/concurrent/atomic/AtomicLongFieldUpdater$CASUpdater$1
instanceKlass java/util/concurrent/atomic/AtomicLongFieldUpdater
instanceKlass org/jetbrains/kotlin/com/intellij/openapi/extensions/ExtensionPointListener
instanceKlass  @bci org/jetbrains/kotlin/com/intellij/openapi/application/CachedSingletonsRegistry lazy (Lkotlin/jvm/functions/Function0;)Ljava/util/function/Supplier; 16 <appendix> member <vmtarget> ; # org/jetbrains/kotlin/com/intellij/openapi/application/CachedSingletonsRegistry$$Lambda+0x0000000800299008
instanceKlass org/jetbrains/kotlin/com/intellij/openapi/application/CachedSingletonsRegistry
instanceKlass  @bci org/jetbrains/kotlin/com/intellij/openapi/vfs/VirtualFileManager <clinit> ()V 24 <appendix> argL0 ; # org/jetbrains/kotlin/com/intellij/openapi/vfs/VirtualFileManager$$Lambda+0x0000000800298b80
instanceKlass  @bci org/jetbrains/kotlin/com/intellij/openapi/vfs/VirtualFileManager <clinit> ()V 16 <appendix> argL0 ; # org/jetbrains/kotlin/com/intellij/openapi/vfs/VirtualFileManager$$Lambda+0x0000000800298930
instanceKlass  @cpi org/jetbrains/kotlin/com/intellij/openapi/vfs/VirtualFileManager 135 form vmentry <vmtarget> ; # java/lang/invoke/LambdaForm$DMH+0x000000080029c400
# instanceKlass java/lang/invoke/LambdaForm$DMH+0x000000080029c000
instanceKlass org/jetbrains/kotlin/com/intellij/openapi/vfs/newvfs/BulkFileListener
instanceKlass org/jetbrains/kotlin/com/intellij/util/messages/Topic
instanceKlass org/jetbrains/kotlin/com/intellij/openapi/vfs/VirtualFileManager
instanceKlass org/jetbrains/kotlin/com/intellij/util/Java11Shim$Companion
instanceKlass org/jetbrains/kotlin/com/intellij/util/Java11Shim
instanceKlass org/jetbrains/kotlin/com/intellij/util/containers/UtilKt
instanceKlass org/jetbrains/kotlin/kotlinx/collections/immutable/internal/CommonFunctionsKt
instanceKlass org/jetbrains/kotlin/kotlinx/collections/immutable/implementations/immutableList/SmallPersistentVector$Companion
instanceKlass org/jetbrains/kotlin/kotlinx/collections/immutable/implementations/immutableList/UtilsKt
instanceKlass org/jetbrains/kotlin/kotlinx/collections/immutable/ExtensionsKt
instanceKlass org/jetbrains/kotlin/kotlinx/collections/immutable/PersistentList
instanceKlass org/jetbrains/kotlin/kotlinx/collections/immutable/PersistentCollection
instanceKlass org/jetbrains/kotlin/kotlinx/collections/immutable/ImmutableList
instanceKlass org/jetbrains/kotlin/kotlinx/collections/immutable/ImmutableCollection
instanceKlass org/jetbrains/kotlin/com/intellij/openapi/extensions/impl/ExtensionPointImpl$Companion
instanceKlass org/jetbrains/kotlin/com/intellij/openapi/extensions/impl/ExtensionPointImpl
instanceKlass org/jetbrains/kotlin/com/intellij/openapi/extensions/ExtensionPoint
instanceKlass  @bci org/jetbrains/kotlin/com/intellij/openapi/extensions/PluginId getId (Ljava/lang/String;)Lorg/jetbrains/kotlin/com/intellij/openapi/extensions/PluginId; 12 <appendix> argL0 ; # org/jetbrains/kotlin/com/intellij/openapi/extensions/PluginId$$Lambda+0x0000000800293cc0
instanceKlass org/jetbrains/kotlin/com/intellij/openapi/extensions/PluginId
instanceKlass org/jetbrains/kotlin/com/intellij/openapi/extensions/DefaultPluginDescriptor
instanceKlass org/jetbrains/kotlin/com/intellij/openapi/vfs/VirtualFileManagerListener
instanceKlass  @bci org/jetbrains/kotlin/com/intellij/core/CoreApplicationEnvironment <init> (Lorg/jetbrains/kotlin/com/intellij/openapi/Disposable;Z)V 103 <appendix> argL0 ; # org/jetbrains/kotlin/com/intellij/core/CoreApplicationEnvironment$$Lambda+0x0000000800292c30
instanceKlass java/util/EventObject
instanceKlass org/jetbrains/kotlin/com/intellij/openapi/editor/ex/DocumentEx
instanceKlass org/jetbrains/kotlin/com/intellij/openapi/editor/Document
instanceKlass org/jetbrains/kotlin/com/intellij/openapi/fileEditor/FileDocumentManager
instanceKlass  @bci org/jetbrains/kotlin/cli/jvm/modules/CoreJrtFileSystem <init> ()V 11 <appendix> member <vmtarget> ; # org/jetbrains/kotlin/cli/jvm/modules/CoreJrtFileSystem$$Lambda+0x0000000800291178
instanceKlass  @bci org/jetbrains/kotlin/cli/jvm/modules/CoreJrtFileSystem <init> ()V 6 <appendix> member <vmtarget> ; # org/jetbrains/kotlin/cli/jvm/modules/CoreJrtFileSystem$$Lambda+0x0000000800290f20
instanceKlass  @bci org/jetbrains/kotlin/cli/jvm/modules/CoreJrtFileSystem <clinit> ()V 16 <appendix> member <vmtarget> ; # org/jetbrains/kotlin/cli/jvm/modules/CoreJrtFileSystem$$Lambda+0x00000008002907b0
instanceKlass  @bci org/jetbrains/kotlin/cli/jvm/modules/CoreJrtFileSystem <clinit> ()V 11 <appendix> argL0 ; # org/jetbrains/kotlin/cli/jvm/modules/CoreJrtFileSystem$$Lambda+0x0000000800290560
instanceKlass org/jetbrains/kotlin/cli/jvm/modules/CoreJrtFileSystem$Companion
instanceKlass org/jetbrains/kotlin/com/intellij/util/containers/ConcurrentFactoryMap
instanceKlass  @bci org/jetbrains/kotlin/com/intellij/openapi/vfs/impl/jar/CoreJarFileSystem <init> ()V 6 <appendix> member <vmtarget> ; # org/jetbrains/kotlin/com/intellij/openapi/vfs/impl/jar/CoreJarFileSystem$$Lambda+0x000000080028f218
instanceKlass org/jetbrains/kotlin/com/intellij/openapi/vfs/impl/ArchiveHandler
instanceKlass org/jetbrains/kotlin/com/intellij/util/Function
instanceKlass org/jetbrains/kotlin/com/intellij/util/EventDispatcher
instanceKlass org/jetbrains/kotlin/com/intellij/openapi/vfs/VirtualFileListener
instanceKlass org/jetbrains/kotlin/com/intellij/openapi/extensions/ExtensionPointName$Companion
instanceKlass org/jetbrains/kotlin/com/intellij/openapi/extensions/BaseExtensionPointName
instanceKlass java/util/EventListener
instanceKlass  @bci org/jetbrains/kotlin/com/intellij/util/ArrayUtil <clinit> ()V 95 <appendix> argL0 ; # org/jetbrains/kotlin/com/intellij/util/ArrayUtil$$Lambda+0x000000080028bf40
instanceKlass  @bci org/jetbrains/kotlin/com/intellij/util/ArrayUtil <clinit> ()V 87 <appendix> argL0 ; # org/jetbrains/kotlin/com/intellij/util/ArrayUtil$$Lambda+0x000000080028bcf0
instanceKlass org/jetbrains/kotlin/com/intellij/util/ArrayUtil
instanceKlass  @bci org/jetbrains/kotlin/com/intellij/util/SmartList resizeIfNecessary (I)[Ljava/lang/Object; 32 <appendix> argL0 ; # org/jetbrains/kotlin/com/intellij/util/SmartList$$Lambda+0x000000080028b868
instanceKlass org/jetbrains/kotlin/com/intellij/util/ArrayFactory
instanceKlass  @bci org/jetbrains/kotlin/com/intellij/openapi/application/ApplicationManager setApplication (Lorg/jetbrains/kotlin/com/intellij/openapi/application/Application;Ljava/util/function/Supplier;Lorg/jetbrains/kotlin/com/intellij/openapi/Disposable;)V 42 <appendix> member <vmtarget> ; # org/jetbrains/kotlin/com/intellij/openapi/application/ApplicationManager$$Lambda+0x000000080028b3e0
instanceKlass  @bci org/jetbrains/kotlin/com/intellij/core/CoreApplicationEnvironment <init> (Lorg/jetbrains/kotlin/com/intellij/openapi/Disposable;Z)V 59 <appendix> member <vmtarget> ; # org/jetbrains/kotlin/com/intellij/core/CoreApplicationEnvironment$$Lambda+0x000000080028b188
instanceKlass  @bci org/jetbrains/kotlin/com/intellij/openapi/extensions/Extensions setRootArea (Lorg/jetbrains/kotlin/com/intellij/openapi/extensions/impl/ExtensionsAreaImpl;Lorg/jetbrains/kotlin/com/intellij/openapi/Disposable;)V 26 <appendix> member <vmtarget> ; # org/jetbrains/kotlin/com/intellij/openapi/extensions/Extensions$$Lambda+0x000000080028af30
instanceKlass org/jetbrains/kotlin/com/intellij/openapi/extensions/Extensions
instanceKlass org/jetbrains/kotlin/com/intellij/openapi/extensions/impl/ExtensionsAreaImpl
instanceKlass org/jetbrains/kotlin/com/intellij/util/pico/DefaultPicoContainer$InstanceComponentAdapter
instanceKlass org/jetbrains/kotlin/com/intellij/util/pico/DefaultPicoContainer$LinkedHashSetWrapper
instanceKlass org/jetbrains/kotlin/org/picocontainer/ComponentAdapter
instanceKlass  @bci org/jetbrains/kotlin/com/intellij/util/messages/impl/RootBus <init> (Lorg/jetbrains/kotlin/com/intellij/util/messages/MessageBusOwner;)V 45 <appendix> argL0 ; # org/jetbrains/kotlin/com/intellij/util/messages/impl/RootBus$$Lambda+0x0000000800289990
instanceKlass org/jetbrains/kotlin/com/intellij/util/messages/impl/MessageQueue
instanceKlass org/jetbrains/kotlin/com/intellij/util/messages/impl/CompositeMessageBusKt
instanceKlass org/jetbrains/kotlin/com/intellij/openapi/util/Disposer$1
instanceKlass java/util/concurrent/ConcurrentLinkedQueue$Node
instanceKlass org/jetbrains/kotlin/com/intellij/util/messages/impl/MessageBusImpl$Companion
instanceKlass org/jetbrains/kotlin/com/intellij/util/messages/impl/MessageBusImpl
instanceKlass org/jetbrains/kotlin/com/intellij/util/messages/impl/MessageBusEx
instanceKlass org/jetbrains/kotlin/com/intellij/util/messages/MessageBusFactory
instanceKlass org/jetbrains/kotlin/com/intellij/util/keyFMap/DebugFMap
instanceKlass org/jetbrains/kotlin/com/intellij/util/keyFMap/EmptyFMap
instanceKlass org/jetbrains/kotlin/com/intellij/util/keyFMap/KeyFMap
instanceKlass org/jetbrains/kotlin/com/intellij/openapi/application/ModalityState
instanceKlass kotlinx/coroutines/CoroutineScope
instanceKlass org/jetbrains/kotlin/com/intellij/openapi/extensions/ExtensionsArea
instanceKlass org/jetbrains/kotlin/com/intellij/util/pico/DefaultPicoContainer
instanceKlass org/jetbrains/kotlin/org/picocontainer/MutablePicoContainer
instanceKlass org/jetbrains/kotlin/org/picocontainer/PicoContainer
instanceKlass org/jetbrains/kotlin/com/intellij/util/messages/MessageBus
instanceKlass org/jetbrains/kotlin/com/intellij/openapi/fileTypes/UnknownFileType
instanceKlass org/jetbrains/kotlin/com/intellij/util/containers/FastUtilCaseInsensitiveStringHashingStrategy
instanceKlass org/jetbrains/kotlin/com/intellij/util/containers/FastUtilHashingStrategies$2
instanceKlass org/jetbrains/kotlin/com/intellij/util/containers/FastUtilHashingStrategies$SerializableHashStrategy
instanceKlass org/jetbrains/kotlin/com/intellij/util/containers/FastUtilHashingStrategies$1
instanceKlass org/jetbrains/kotlin/com/intellij/util/containers/FastUtilCharSequenceHashingStrategy
instanceKlass org/jetbrains/kotlin/com/intellij/util/containers/FastUtilHashingStrategies
instanceKlass jdk/internal/math/FloatingDecimal$ASCIIToBinaryBuffer
instanceKlass jdk/internal/math/FloatingDecimal$PreparedASCIIToBinaryBuffer
instanceKlass jdk/internal/math/FloatingDecimal$ASCIIToBinaryConverter
instanceKlass jdk/internal/math/FloatingDecimal$BinaryToASCIIBuffer
instanceKlass jdk/internal/math/FloatingDecimal$ExceptionalBinaryToASCIIBuffer
instanceKlass jdk/internal/math/FloatingDecimal$BinaryToASCIIConverter
instanceKlass jdk/internal/math/FloatingDecimal
instanceKlass java/util/regex/ASCII
instanceKlass org/jetbrains/kotlin/com/intellij/openapi/util/SystemInfoRt
instanceKlass org/jetbrains/kotlin/com/intellij/util/text/CharArrayCharSequence
instanceKlass org/jetbrains/kotlin/com/intellij/util/text/CharSequenceBackedByArray
instanceKlass org/jetbrains/kotlin/com/intellij/openapi/util/text/CharSequenceWithStringHash
instanceKlass org/jetbrains/kotlin/com/intellij/openapi/util/text/Strings
instanceKlass org/jetbrains/kotlin/com/intellij/util/text/StringKt
instanceKlass com/jetbrains/internal/IoToNioErrorMessageHolder
instanceKlass sun/nio/fs/WindowsChannelFactory$2
instanceKlass sun/nio/fs/WindowsChannelFactory$Flags
instanceKlass sun/nio/fs/WindowsChannelFactory$1
instanceKlass sun/nio/fs/WindowsChannelFactory
instanceKlass sun/nio/fs/WindowsSecurityDescriptor
instanceKlass java/nio/file/attribute/FileAttribute
instanceKlass java/nio/channels/spi/AbstractInterruptibleChannel
instanceKlass java/nio/channels/InterruptibleChannel
instanceKlass java/nio/channels/ScatteringByteChannel
instanceKlass java/nio/channels/GatheringByteChannel
instanceKlass java/nio/channels/SeekableByteChannel
instanceKlass java/nio/channels/ByteChannel
instanceKlass java/nio/channels/WritableByteChannel
instanceKlass java/nio/channels/ReadableByteChannel
instanceKlass java/nio/channels/Channel
instanceKlass java/nio/file/FileChannelLinesSpliterator
instanceKlass sun/nio/fs/WindowsPath$1
instanceKlass  @bci org/jetbrains/kotlin/com/intellij/util/concurrency/SynchronizedClearableLazy getValue ()Ljava/lang/Object; 30 <appendix> member <vmtarget> ; # org/jetbrains/kotlin/com/intellij/util/concurrency/SynchronizedClearableLazy$$Lambda+0x0000000800282cc8
instanceKlass java/util/function/UnaryOperator
instanceKlass org/jetbrains/kotlin/com/intellij/util/concurrency/SynchronizedClearableLazy$Companion
instanceKlass org/jetbrains/kotlin/com/intellij/util/concurrency/SynchronizedClearableLazy
instanceKlass org/jetbrains/kotlin/com/intellij/openapi/util/registry/EarlyAccessRegistryManagerKt
instanceKlass org/jetbrains/kotlin/com/intellij/openapi/util/registry/EarlyAccessRegistryManager
instanceKlass org/jetbrains/kotlin/com/intellij/ide/plugins/DisabledPluginsState$Companion
instanceKlass org/jetbrains/kotlin/com/intellij/ide/plugins/DisabledPluginsState
instanceKlass org/jetbrains/kotlin/com/intellij/ide/plugins/PluginEnabler$Headless
instanceKlass org/jetbrains/kotlin/com/intellij/ide/plugins/PluginEnabler
instanceKlass org/jetbrains/kotlin/cli/jvm/compiler/KotlinCoreApplicationEnvironmentMode$UnitTest
instanceKlass org/jetbrains/kotlin/cli/jvm/compiler/KotlinCoreApplicationEnvironment$Companion
instanceKlass org/jetbrains/kotlin/com/intellij/lang/ParserDefinition
instanceKlass org/jetbrains/kotlin/com/intellij/openapi/fileTypes/FileType
instanceKlass org/jetbrains/kotlin/com/intellij/openapi/vfs/VirtualFileSystem
instanceKlass org/jetbrains/kotlin/com/intellij/openapi/util/KeyedExtensionCollector
instanceKlass org/jetbrains/kotlin/com/intellij/openapi/extensions/PluginDescriptor
instanceKlass org/jetbrains/kotlin/com/intellij/openapi/progress/ProgressIndicatorProvider
instanceKlass org/jetbrains/kotlin/com/intellij/openapi/util/SimpleModificationTracker
instanceKlass org/jetbrains/kotlin/com/intellij/openapi/util/ModificationTracker
instanceKlass org/jetbrains/kotlin/com/intellij/openapi/util/UserDataHolderEx
instanceKlass org/jetbrains/kotlin/com/intellij/util/messages/MessageBusOwner
instanceKlass org/jetbrains/kotlin/com/intellij/openapi/application/ex/ApplicationEx
instanceKlass org/jetbrains/kotlin/com/intellij/concurrency/JobLauncher
instanceKlass org/jetbrains/kotlin/com/intellij/openapi/fileTypes/FileTypeRegistry
instanceKlass org/jetbrains/kotlin/com/intellij/openapi/application/Application
instanceKlass org/jetbrains/kotlin/com/intellij/openapi/components/ComponentManager
instanceKlass org/jetbrains/kotlin/com/intellij/openapi/util/UserDataHolder
instanceKlass org/jetbrains/kotlin/com/intellij/openapi/extensions/AreaInstance
instanceKlass org/jetbrains/kotlin/com/intellij/core/CoreApplicationEnvironment
instanceKlass org/jetbrains/kotlin/cli/jvm/compiler/KotlinCoreApplicationEnvironmentMode$Production
instanceKlass org/jetbrains/kotlin/cli/jvm/compiler/KotlinCoreApplicationEnvironmentMode
instanceKlass org/jetbrains/kotlin/cli/jvm/compiler/KotlinCoreEnvironment$Companion
instanceKlass org/jetbrains/kotlin/cli/jvm/compiler/KotlinCoreEnvironment
instanceKlass org/jetbrains/kotlin/cli/jvm/compiler/legacy/pipeline/JvmCompilerPipelineKt
instanceKlass org/jetbrains/kotlin/com/google/common/collect/LinkedHashMultimap$1
instanceKlass  @bci java/util/stream/MatchOps makeRef (Ljava/util/function/Predicate;Ljava/util/stream/MatchOps$MatchKind;)Ljava/util/stream/TerminalOp; 20 <appendix> member <vmtarget> ; # java/util/stream/MatchOps$$Lambda+0x00000008001d0f50
instanceKlass java/util/stream/MatchOps$BooleanTerminalSink
instanceKlass java/util/stream/MatchOps$MatchOp
instanceKlass java/util/stream/MatchOps
instanceKlass  @bci org/jetbrains/kotlin/cli/common/messages/GroupingMessageCollector hasExplicitErrors ()Z 14 <appendix> argL0 ; # org/jetbrains/kotlin/cli/common/messages/GroupingMessageCollector$$Lambda+0x00000008002768a8
instanceKlass java/util/Spliterators$IteratorSpliterator
instanceKlass org/jetbrains/kotlin/cli/jvm/config/JvmContentRootsKt
instanceKlass org/jetbrains/kotlin/cli/jvm/config/JvmClasspathRoot
instanceKlass org/jetbrains/kotlin/cli/jvm/config/JvmContentRoot
instanceKlass org/jetbrains/kotlin/cli/jvm/config/JvmClasspathRootBase
instanceKlass org/jetbrains/kotlin/cli/jvm/config/JvmContentRootBase
instanceKlass kotlin/ResultKt
instanceKlass kotlin/Result$Failure
instanceKlass sun/nio/fs/WindowsLinkSupport
instanceKlass kotlin/Result$Companion
instanceKlass kotlin/Result
instanceKlass org/jetbrains/kotlin/utils/fileUtils/FileUtilsKt
instanceKlass  @bci org/jetbrains/kotlin/config/CompilerConfiguration add (Lorg/jetbrains/kotlin/config/CompilerConfigurationKey;Ljava/lang/Object;)V 32 <appendix> argL0 ; # org/jetbrains/kotlin/config/CompilerConfiguration$$Lambda+0x00000008002741c8
instanceKlass org/jetbrains/kotlin/cli/common/config/KotlinSourceRoot
instanceKlass org/jetbrains/kotlin/cli/common/config/ContentRoot
instanceKlass org/jetbrains/kotlin/cli/common/config/ContentRootsKt
instanceKlass org/jetbrains/kotlin/cli/jvm/compiler/KotlinToJVMBytecodeCompilerKt
instanceKlass org/jetbrains/kotlin/cli/jvm/compiler/CoreEnvironmentUtilsKt
instanceKlass org/jetbrains/kotlin/cli/common/modules/ModuleChunk
instanceKlass org/jetbrains/kotlin/cli/jvm/compiler/CliCompilerUtilsKt
instanceKlass org/jetbrains/kotlin/cli/common/modules/ModuleBuilder
instanceKlass org/jetbrains/kotlin/modules/Module
instanceKlass org/jetbrains/kotlin/cli/jvm/K2JVMCompilerKt
instanceKlass org/jetbrains/kotlin/config/JvmSerializeIrMode$Companion
instanceKlass org/jetbrains/kotlin/config/JvmAbiStability$Companion
instanceKlass org/jetbrains/kotlin/config/JVMConfigurationKeysKt
instanceKlass org/jetbrains/kotlin/cli/common/CreatePhaseConfigKt
instanceKlass org/jetbrains/kotlin/backend/jvm/lower/GenerateMultifileFacades
# instanceKlass java/lang/invoke/LambdaForm$MH+0x0000000800260c00
instanceKlass  @bci org/jetbrains/kotlin/backend/common/phaser/PhaseBuildersKt makeIrModulePhase (Lkotlin/jvm/functions/Function1;Ljava/lang/String;Ljava/util/Set;Ljava/util/Set;Ljava/util/Set;)Lorg/jetbrains/kotlin/config/phaser/NamedCompilerPhase; 60 <appendix> member <vmtarget> ; # org/jetbrains/kotlin/backend/common/phaser/PhaseBuildersKt$$Lambda+0x000000080026e978
instanceKlass  @bci org/jetbrains/kotlin/backend/common/phaser/PhaseBuildersKt makeIrModulePhase (Lkotlin/jvm/functions/Function1;Ljava/lang/String;Ljava/util/Set;Ljava/util/Set;Ljava/util/Set;)Lorg/jetbrains/kotlin/config/phaser/NamedCompilerPhase; 54 <appendix> argL0 ; # org/jetbrains/kotlin/backend/common/phaser/PhaseBuildersKt$$Lambda+0x000000080026e728
instanceKlass org/jetbrains/kotlin/backend/jvm/lower/JvmIrInliner
instanceKlass org/jetbrains/kotlin/backend/jvm/lower/JvmStaticInObjectLowering
instanceKlass org/jetbrains/kotlin/backend/jvm/lower/FileClassLowering
instanceKlass org/jetbrains/kotlin/backend/jvm/lower/SerializeIrPhase
instanceKlass org/jetbrains/kotlin/backend/common/lower/ConstEvaluationLowering
instanceKlass kotlin/jvm/internal/AdaptedFunctionReference
instanceKlass org/jetbrains/kotlin/backend/jvm/lower/ProcessOptionalAnnotations
instanceKlass org/jetbrains/kotlin/backend/common/phaser/IrValidationPhase
instanceKlass org/jetbrains/kotlin/backend/jvm/lower/ExternalPackageParentPatcherLowering
instanceKlass jdk/internal/foreign/MemorySessionImpl
instanceKlass java/lang/foreign/MemorySegment$Scope
instanceKlass org/jetbrains/kotlin/backend/jvm/JvmBackendContext
instanceKlass  @bci org/jetbrains/kotlin/backend/common/phaser/PhaseBuildersKt createSimpleNamedCompilerPhase (Ljava/lang/String;Ljava/util/Set;Ljava/util/Set;Ljava/util/Set;Lkotlin/jvm/functions/Function4;Lkotlin/jvm/functions/Function2;)Lorg/jetbrains/kotlin/config/phaser/NamedCompilerPhase; 117 <appendix> member <vmtarget> ; # org/jetbrains/kotlin/backend/common/phaser/PhaseBuildersKt$$Lambda+0x000000080025f030
instanceKlass  @bci org/jetbrains/kotlin/backend/common/phaser/PhaseFactoriesKt createFilePhase (Ljava/lang/Class;Ljava/util/Set;Lkotlin/jvm/functions/Function1;)Lorg/jetbrains/kotlin/config/phaser/NamedCompilerPhase; 27 <appendix> member <vmtarget> ; # org/jetbrains/kotlin/backend/common/phaser/PhaseFactoriesKt$$Lambda+0x000000080025edd8
instanceKlass  @bci org/jetbrains/kotlin/backend/common/phaser/PhaseFactoriesKt createFilePhase (Ljava/lang/Class;Ljava/util/Set;Lkotlin/jvm/functions/Function1;)Lorg/jetbrains/kotlin/config/phaser/NamedCompilerPhase; 21 <appendix> argL0 ; # org/jetbrains/kotlin/backend/common/phaser/PhaseFactoriesKt$$Lambda+0x000000080025eb88
instanceKlass org/jetbrains/kotlin/ir/IrElementBase
instanceKlass org/jetbrains/kotlin/ir/declarations/IrSymbolOwner
instanceKlass org/jetbrains/kotlin/ir/declarations/IrDeclarationContainer
instanceKlass org/jetbrains/kotlin/ir/declarations/IrDeclarationParent
instanceKlass org/jetbrains/kotlin/ir/declarations/IrMutableAnnotationContainer
instanceKlass org/jetbrains/kotlin/ir/declarations/IrAnnotationContainer
instanceKlass org/jetbrains/kotlin/ir/declarations/IrMetadataSourceOwner
instanceKlass org/jetbrains/kotlin/ir/IrElement
instanceKlass  @bci org/jetbrains/kotlin/backend/common/phaser/DumperVerifierKt getIrValidator (Z)Lkotlin/jvm/functions/Function3; 1 <appendix> member <vmtarget> ; # org/jetbrains/kotlin/backend/common/phaser/DumperVerifierKt$$Lambda+0x000000080025cfa0
instanceKlass  @cpi org/jetbrains/kotlin/backend/common/phaser/DumperVerifierKt 246 form vmentry <vmtarget> ; # java/lang/invoke/LambdaForm$DMH+0x0000000800260800
instanceKlass  @cpi org/jetbrains/kotlin/fir/resolve/calls/stages/CheckHiddenDeclaration 221 form vmentry <vmtarget> ; # java/lang/invoke/LambdaForm$DMH+0x0000000800260400
instanceKlass  @bci org/jetbrains/kotlin/backend/common/phaser/DumperVerifierKt getIrDumper ()Lkotlin/jvm/functions/Function3; 0 <appendix> argL0 ; # org/jetbrains/kotlin/backend/common/phaser/DumperVerifierKt$$Lambda+0x000000080025cd50
instanceKlass  @cpi org/jetbrains/kotlin/load/java/typeEnhancement/PredefinedEnhancementInfoKt 376 form vmentry <vmtarget> ; # java/lang/invoke/LambdaForm$DMH+0x0000000800260000
instanceKlass org/jetbrains/kotlin/backend/common/phaser/DumperVerifierKt
instanceKlass  @bci sun/reflect/annotation/AnnotationParser parseClassArray (ILjava/nio/ByteBuffer;Ljdk/internal/reflect/ConstantPool;Ljava/lang/Class;)Ljava/lang/Object; 10 <appendix> member <vmtarget> ; # sun/reflect/annotation/AnnotationParser$$Lambda+0x00000008001cf6b8
instanceKlass org/jetbrains/kotlin/backend/common/phaser/PhaseDescription
instanceKlass sun/reflect/generics/reflectiveObjects/LazyReflectiveObjectGenerator
instanceKlass sun/reflect/generics/tree/TypeVariableSignature
instanceKlass sun/reflect/generics/reflectiveObjects/ParameterizedTypeImpl
instanceKlass org/jetbrains/kotlin/backend/common/CommonBackendContext
instanceKlass org/jetbrains/kotlin/backend/common/phaser/BackendContextHolder
instanceKlass org/jetbrains/kotlin/backend/common/LoweringContext
instanceKlass org/jetbrains/kotlin/backend/common/ErrorReportingContext
instanceKlass org/jetbrains/kotlin/backend/common/phaser/PhaseFactoriesKt
instanceKlass org/jetbrains/kotlin/backend/jvm/lower/FakeInliningLocalVariables
instanceKlass org/jetbrains/kotlin/backend/jvm/lower/RenameFieldsLowering
instanceKlass org/jetbrains/kotlin/backend/common/lower/KotlinNothingValueExceptionLowering
instanceKlass org/jetbrains/kotlin/backend/jvm/lower/RecordEnclosingMethodsLowering
instanceKlass org/jetbrains/kotlin/backend/jvm/lower/AdditionalClassAnnotationLowering
instanceKlass org/jetbrains/kotlin/backend/jvm/lower/JvmOptimizationLowering
instanceKlass org/jetbrains/kotlin/backend/jvm/lower/JvmSafeCallChainFoldingLowering
instanceKlass org/jetbrains/kotlin/backend/jvm/lower/ToArrayLowering
instanceKlass org/jetbrains/kotlin/backend/jvm/lower/SyntheticAccessorLowering
instanceKlass org/jetbrains/kotlin/backend/jvm/lower/BridgeLowering
instanceKlass org/jetbrains/kotlin/backend/jvm/lower/JvmStaticInCompanionLowering
instanceKlass org/jetbrains/kotlin/backend/common/lower/InitializersCleanupLowering
instanceKlass org/jetbrains/kotlin/backend/jvm/lower/UniqueLoopLabelsLowering
instanceKlass org/jetbrains/kotlin/backend/common/lower/InitializersLoweringBase
instanceKlass org/jetbrains/kotlin/backend/jvm/lower/ObjectClassLowering
instanceKlass org/jetbrains/kotlin/backend/jvm/lower/EnumClassLowering
instanceKlass org/jetbrains/kotlin/backend/common/lower/InnerClassConstructorCallsLowering
instanceKlass org/jetbrains/kotlin/backend/common/lower/InnerClassesMemberBodyLowering
instanceKlass org/jetbrains/kotlin/backend/common/lower/InnerClassesLowering
instanceKlass org/jetbrains/kotlin/backend/jvm/lower/TailCallOptimizationLowering
instanceKlass org/jetbrains/kotlin/backend/jvm/lower/GenerateJvmDefaultCompatibilityBridges
instanceKlass org/jetbrains/kotlin/backend/jvm/lower/InheritedDefaultMethodsOnClassesLowering
instanceKlass org/jetbrains/kotlin/backend/common/lower/DefaultParameterCleaner
instanceKlass org/jetbrains/kotlin/backend/common/lower/DefaultArgumentStubGenerator
instanceKlass org/jetbrains/kotlin/backend/common/DeclarationTransformer
instanceKlass org/jetbrains/kotlin/backend/jvm/lower/JvmDefaultConstructorLowering
instanceKlass org/jetbrains/kotlin/backend/common/lower/LocalClassPopupLowering
instanceKlass org/jetbrains/kotlin/backend/jvm/lower/RemoveDuplicatedInlinedLocalClassesLowering
instanceKlass org/jetbrains/kotlin/backend/common/lower/LocalDeclarationsLowering
instanceKlass org/jetbrains/kotlin/backend/common/lower/SharedVariablesLowering
instanceKlass org/jetbrains/kotlin/backend/jvm/lower/JvmReturnableBlockLowering
instanceKlass org/jetbrains/kotlin/backend/common/lower/TailrecLowering
instanceKlass org/jetbrains/kotlin/backend/jvm/lower/CollectionStubMethodLowering
instanceKlass org/jetbrains/kotlin/backend/common/lower/loops/ForLoopsLowering
instanceKlass org/jetbrains/kotlin/backend/common/lower/RangeContainsLowering
instanceKlass org/jetbrains/kotlin/backend/jvm/lower/JvmBuiltInsLowering
instanceKlass org/jetbrains/kotlin/backend/jvm/lower/MoveOrCopyCompanionObjectFieldsLowering
instanceKlass org/jetbrains/kotlin/backend/common/lower/ArrayConstructorLowering
instanceKlass org/jetbrains/kotlin/backend/jvm/lower/SingletonOrConstantDelegationLowering
instanceKlass org/jetbrains/kotlin/backend/jvm/lower/PropertyReferenceDelegationLowering
instanceKlass org/jetbrains/kotlin/backend/jvm/lower/SuspendLoweringUtils
instanceKlass org/jetbrains/kotlin/backend/common/lower/InventNamesForLocalClasses
instanceKlass org/jetbrains/kotlin/backend/common/lower/AnnotationImplementationLowering
instanceKlass org/jetbrains/kotlin/backend/jvm/lower/AnnotationLowering
instanceKlass org/jetbrains/kotlin/backend/jvm/lower/MainMethodGenerationLowering
instanceKlass org/jetbrains/kotlin/backend/jvm/lower/JvmOverloadsAnnotationLowering
instanceKlass org/jetbrains/kotlin/ir/visitors/IrVisitor
instanceKlass org/jetbrains/kotlin/ir/visitors/IrElementTransformer
instanceKlass org/jetbrains/kotlin/backend/common/BodyLoweringPass
instanceKlass org/jetbrains/kotlin/backend/jvm/lower/TypeAliasAnnotationMethodsLowering
instanceKlass org/jetbrains/kotlin/backend/common/ClassLoweringPass
instanceKlass org/jetbrains/kotlin/backend/common/FileLoweringPass
instanceKlass org/jetbrains/kotlin/backend/common/ModuleLoweringPass
instanceKlass org/jetbrains/kotlin/backend/jvm/JvmLoweringPhasesKt
instanceKlass org/jetbrains/kotlin/backend/jvm/JvmPhasesKt
instanceKlass org/jetbrains/kotlin/config/JVMConfigurationKeys
instanceKlass org/jetbrains/kotlin/cli/jvm/JvmArgumentsKt
instanceKlass androidx/compose/compiler/plugins/kotlin/ComposeConfiguration
instanceKlass java/util/AbstractList$Itr
instanceKlass  @bci org/jetbrains/kotlin/com/intellij/util/containers/MultiMap getModifiable (Ljava/lang/Object;)Ljava/util/Collection; 6 <appendix> member <vmtarget> ; # org/jetbrains/kotlin/com/intellij/util/containers/MultiMap$$Lambda+0x0000000800219b58
instanceKlass org/jetbrains/kotlin/com/intellij/util/containers/MultiMap
instanceKlass org/jetbrains/kotlin/compiler/plugin/CliOptionValue
instanceKlass  @bci java/util/regex/Pattern negate (Ljava/util/regex/Pattern$CharPredicate;)Ljava/util/regex/Pattern$CharPredicate; 1 <appendix> member <vmtarget> ; # java/util/regex/Pattern$$Lambda+0x00000008001ce068
instanceKlass org/jetbrains/kotlin/compiler/plugin/CliOptionsKt
instanceKlass androidx/compose/compiler/plugins/kotlin/ComposePluginKt
instanceKlass androidx/compose/compiler/plugins/kotlin/FeatureFlag$Companion
instanceKlass org/jetbrains/kotlin/compiler/plugin/CliOption
instanceKlass org/jetbrains/kotlin/compiler/plugin/AbstractCliOption
instanceKlass androidx/compose/compiler/plugins/kotlin/ComposeCommandLineProcessor$Companion
instanceKlass androidx/compose/compiler/plugins/kotlin/ComposeCommandLineProcessor
instanceKlass org/jetbrains/kotlin/compiler/plugin/CommandLineProcessor
instanceKlass androidx/compose/compiler/plugins/kotlin/ComposePluginRegistrar$Companion
instanceKlass org/jetbrains/kotlin/compiler/plugin/CompilerPluginRegistrar$Companion
instanceKlass  @bci java/io/FilePermissionCollection add (Ljava/security/Permission;)V 68 <appendix> argL0 ; # java/io/FilePermissionCollection$$Lambda+0x00000008001cde08
instanceKlass java/net/URLClassLoader$1
instanceKlass kotlin/io/LinesSequence$iterator$1
instanceKlass kotlin/io/LinesSequence
instanceKlass kotlin/io/TextStreamsKt
instanceKlass org/jetbrains/kotlin/compiler/plugin/CompilerPluginRegistrar
instanceKlass  @bci org/jetbrains/kotlin/config/CompilerConfiguration addAll (Lorg/jetbrains/kotlin/config/CompilerConfigurationKey;ILjava/util/Collection;)V 38 <appendix> argL0 ; # org/jetbrains/kotlin/config/CompilerConfiguration$$Lambda+0x0000000800211290
instanceKlass org/jetbrains/kotlin/compiler/plugin/ComponentRegistrar$Companion
instanceKlass java/io/RandomAccessFile$1
instanceKlass kotlin/io/FilesKt__FilePathComponentsKt
instanceKlass sun/nio/fs/WindowsUriSupport
instanceKlass org/jetbrains/kotlin/compiler/plugin/ComponentRegistrar
instanceKlass org/jetbrains/kotlin/util/ServiceLoaderLite
instanceKlass org/jetbrains/kotlin/com/intellij/openapi/util/ObjectNode$ListNodeChildren
instanceKlass org/jetbrains/kotlin/com/intellij/util/ObjectUtils$Sentinel
instanceKlass org/jetbrains/kotlin/com/intellij/util/ObjectUtils
instanceKlass org/jetbrains/kotlin/com/intellij/openapi/util/Disposer$CheckedDisposableImpl
instanceKlass org/jetbrains/kotlin/com/intellij/openapi/util/CheckedDisposable
instanceKlass org/jetbrains/kotlin/cli/jvm/plugins/PluginCliParser$UrlClassLoaderDisposable
instanceKlass org/jetbrains/kotlin/cli/jvm/plugins/PluginCliParser
instanceKlass org/jetbrains/kotlin/cli/plugins/PluginsOptionsParserKt
instanceKlass kotlin/collections/builders/ListBuilder$Companion
instanceKlass kotlin/jvm/internal/markers/KMutableList
instanceKlass org/jetbrains/kotlin/cli/common/CLICompilerKt
instanceKlass kotlin/collections/ArrayAsCollection
instanceKlass  @bci org/jetbrains/kotlin/utils/KotlinPathsFromHomeDir <init> (Ljava/io/File;)V 26 <appendix> argL0 ; # org/jetbrains/kotlin/utils/KotlinPathsFromHomeDir$$Lambda+0x00000008002149b8
instanceKlass org/jetbrains/kotlin/utils/KotlinPathsFromBaseDirectory
instanceKlass org/jetbrains/kotlin/com/intellij/openapi/application/PathManager
instanceKlass  @bci java/util/regex/Pattern DOT ()Ljava/util/regex/Pattern$CharPredicate; 0 <appendix> argL0 ; # java/util/regex/Pattern$$Lambda+0x00000008001cc570
instanceKlass  @bci java/util/regex/Pattern union (Ljava/util/regex/Pattern$CharPredicate;Ljava/util/regex/Pattern$CharPredicate;Z)Ljava/util/regex/Pattern$CharPredicate; 6 <appendix> member <vmtarget> ; # java/util/regex/Pattern$$Lambda+0x00000008001cc2a8
instanceKlass java/util/regex/Pattern$BitClass
instanceKlass org/jetbrains/kotlin/utils/PathUtil
instanceKlass org/jetbrains/kotlin/cli/common/arguments/ConfigureJvmLanguageFeaturesKt
instanceKlass org/jetbrains/kotlin/config/AnnotationDefaultTargetMode$Companion
instanceKlass org/jetbrains/kotlin/cli/common/arguments/ConfigureCommonLanguageFeaturesKt
instanceKlass org/jetbrains/kotlin/config/JVMAssertionsMode$Companion
instanceKlass  @bci org/jetbrains/kotlin/fir/resolve/calls/tower/DispatchReceiverMemberScopeTowerLevel processMembers (Lorg/jetbrains/kotlin/fir/resolve/calls/candidate/CallInfo;Lorg/jetbrains/kotlin/fir/resolve/calls/tower/TowerLevelProcessor;Lkotlin/jvm/functions/Function2;)Lorg/jetbrains/kotlin/fir/resolve/calls/tower/ProcessResult; 580 <appendix> form vmentry <vmtarget> ; # java/lang/invoke/LambdaForm$DMH+0x0000000800210000
instanceKlass  @bci org/jetbrains/kotlin/cli/common/arguments/JavaTypeEnhancementStateParser parse ([Ljava/lang/String;Ljava/lang/String;Ljava/lang/String;[Ljava/lang/String;)Lorg/jetbrains/kotlin/load/java/JavaTypeEnhancementState; 143 <appendix> member <vmtarget> ; # org/jetbrains/kotlin/cli/common/arguments/JavaTypeEnhancementStateParser$$Lambda+0x000000080020e800
instanceKlass org/jetbrains/kotlin/load/java/JavaTypeEnhancementState$Companion
instanceKlass org/jetbrains/kotlin/load/java/JavaTypeEnhancementState
instanceKlass  @bci org/jetbrains/kotlin/load/java/Jsr305Settings <init> (Lorg/jetbrains/kotlin/load/java/ReportLevel;Lorg/jetbrains/kotlin/load/java/ReportLevel;Ljava/util/Map;)V 33 <appendix> member <vmtarget> ; # org/jetbrains/kotlin/load/java/Jsr305Settings$$Lambda+0x000000080020e130
instanceKlass org/jetbrains/kotlin/load/java/Jsr305Settings
instanceKlass org/jetbrains/kotlin/utils/WrappedValues$1
instanceKlass org/jetbrains/kotlin/utils/WrappedValues
instanceKlass org/jetbrains/kotlin/name/FqNamesUtilKt
instanceKlass org/jetbrains/kotlin/load/java/ReportLevel$Companion
instanceKlass org/jetbrains/kotlin/load/java/JavaNullabilityAnnotationsStatus$Companion
instanceKlass org/jetbrains/kotlin/load/java/JavaNullabilityAnnotationsStatus
instanceKlass org/jetbrains/kotlin/load/java/JavaNullabilityAnnotationSettingsKt
instanceKlass org/jetbrains/kotlin/storage/LockBasedStorageManager$MapBasedMemoizedFunction
instanceKlass  @bci org/jetbrains/kotlin/load/java/NullabilityAnnotationStatesImpl <init> (Ljava/util/Map;)V 34 <appendix> member <vmtarget> ; # org/jetbrains/kotlin/load/java/NullabilityAnnotationStatesImpl$$Lambda+0x000000080020bea8
instanceKlass org/jetbrains/kotlin/storage/DefaultSimpleLock
instanceKlass org/jetbrains/kotlin/storage/SimpleLock$Companion
instanceKlass org/jetbrains/kotlin/storage/EmptySimpleLock
instanceKlass org/jetbrains/kotlin/storage/LockBasedStorageManager$ExceptionHandlingStrategy$1
instanceKlass org/jetbrains/kotlin/storage/LockBasedStorageManager$ExceptionHandlingStrategy
instanceKlass org/jetbrains/kotlin/storage/MemoizedFunctionToNotNull
instanceKlass org/jetbrains/kotlin/storage/CacheWithNullableValues
instanceKlass org/jetbrains/kotlin/storage/CacheWithNotNullValues
instanceKlass org/jetbrains/kotlin/storage/NotNullLazyValue
instanceKlass org/jetbrains/kotlin/storage/MemoizedFunctionToNullable
instanceKlass org/jetbrains/kotlin/storage/NullableLazyValue
instanceKlass org/jetbrains/kotlin/storage/SimpleLock
instanceKlass org/jetbrains/kotlin/storage/LockBasedStorageManager
instanceKlass org/jetbrains/kotlin/storage/StorageManager
instanceKlass org/jetbrains/kotlin/load/java/NullabilityAnnotationStatesImpl
instanceKlass org/jetbrains/kotlin/load/java/NullabilityAnnotationStates$Companion
instanceKlass org/jetbrains/kotlin/load/java/NullabilityAnnotationStates
instanceKlass org/jetbrains/kotlin/config/LanguageVersionSettingsKt
instanceKlass org/jetbrains/kotlin/cli/common/messages/MessageCollector$Companion$NONE$1
instanceKlass org/jetbrains/kotlin/cli/common/messages/MessageCollector$Companion
instanceKlass org/jetbrains/kotlin/cli/common/arguments/JavaTypeEnhancementStateParser$Companion
instanceKlass org/jetbrains/kotlin/cli/common/arguments/JavaTypeEnhancementStateParser
instanceKlass org/jetbrains/kotlin/config/JvmAnalysisFlags$Delegates$JvmDefaultModeNullByDefault
instanceKlass org/jetbrains/kotlin/config/JvmAnalysisFlags$Delegates$JavaTypeEnhancementStateNullByDefault
instanceKlass org/jetbrains/kotlin/config/JvmAnalysisFlags
instanceKlass org/jetbrains/kotlin/config/ReturnValueCheckerMode$Companion
instanceKlass org/jetbrains/kotlin/config/AnalysisFlag$Delegates$ReturnValueCheckerDisabledByDefault
instanceKlass org/jetbrains/kotlin/config/AnalysisFlag$Delegates$WarningLevelMap
instanceKlass org/jetbrains/kotlin/config/ExplicitApiMode$Companion
instanceKlass org/jetbrains/kotlin/config/AnalysisFlag$Delegates$ApiModeDisabledByDefault
instanceKlass org/jetbrains/kotlin/config/AnalysisFlag$Delegates$ListOfStrings
instanceKlass org/jetbrains/kotlin/config/AnalysisFlag
instanceKlass org/jetbrains/kotlin/config/AnalysisFlag$Delegate
instanceKlass org/jetbrains/kotlin/config/AnalysisFlag$Delegates$Boolean
instanceKlass org/jetbrains/kotlin/config/AnalysisFlags
instanceKlass org/jetbrains/kotlin/config/LanguageVersionSettingsImpl$Companion
instanceKlass org/jetbrains/kotlin/config/LanguageVersionSettings$Companion
instanceKlass org/jetbrains/kotlin/config/LanguageVersionSettingsImpl
instanceKlass org/jetbrains/kotlin/config/LanguageVersionSettings
instanceKlass org/jetbrains/kotlin/cli/common/arguments/CommonCompilerArgumentsConfiguratorKt
instanceKlass org/jetbrains/kotlin/config/IrVerificationMode$Companion
instanceKlass org/jetbrains/kotlin/config/IncrementalCompilation
instanceKlass org/jetbrains/kotlin/cli/common/UtilsKt
instanceKlass org/jetbrains/kotlin/cli/common/CLIConfigurationKeys
instanceKlass org/jetbrains/kotlin/cli/common/CLIConfigurationKeysKt
instanceKlass org/jetbrains/kotlin/it/unimi/dsi/fastutil/ints/Int2ObjectMap$FastEntrySet
instanceKlass org/jetbrains/kotlin/it/unimi/dsi/fastutil/ints/IntSet
instanceKlass org/jetbrains/kotlin/it/unimi/dsi/fastutil/ints/IntCollection
instanceKlass org/jetbrains/kotlin/it/unimi/dsi/fastutil/ints/IntIterable
instanceKlass org/jetbrains/kotlin/it/unimi/dsi/fastutil/ints/o
instanceKlass org/jetbrains/kotlin/it/unimi/dsi/fastutil/ints/Int2ObjectMap
instanceKlass org/jetbrains/kotlin/it/unimi/dsi/fastutil/ints/Int2ObjectFunction
instanceKlass java/util/function/IntFunction
instanceKlass org/jetbrains/kotlin/com/intellij/util/containers/IntKeyWeakValueHashMap
instanceKlass org/jetbrains/kotlin/com/intellij/openapi/util/Key
instanceKlass org/jetbrains/kotlin/config/CompilerConfigurationKey
instanceKlass org/jetbrains/kotlin/config/CommonConfigurationKeys
instanceKlass org/jetbrains/kotlin/config/CommonConfigurationKeysKt
instanceKlass org/jetbrains/kotlin/config/phaser/PhaserState
instanceKlass org/jetbrains/kotlin/config/phaser/CompilerPhaseKt
instanceKlass org/jetbrains/kotlin/cli/pipeline/PipelineContext
instanceKlass org/jetbrains/kotlin/config/LoggingContext
instanceKlass org/jetbrains/kotlin/config/phaser/PhaseSet
instanceKlass org/jetbrains/kotlin/config/phaser/PhaseConfig
instanceKlass org/jetbrains/kotlin/backend/common/phaser/CompositePhase
instanceKlass org/jetbrains/kotlin/backend/common/phaser/PhaseBuildersKt
instanceKlass org/jetbrains/kotlin/cli/pipeline/PerformanceNotifications$AbstractNotification
instanceKlass  @bci org/jetbrains/kotlin/cli/pipeline/PipelinePhaseKt toPostAction (Lkotlin/jvm/functions/Function3;)Lkotlin/jvm/functions/Function3; 1 <appendix> member <vmtarget> ; # org/jetbrains/kotlin/cli/pipeline/PipelinePhaseKt$$Lambda+0x00000008001be240
instanceKlass org/jetbrains/kotlin/config/phaser/ActionState
instanceKlass org/jetbrains/kotlin/cli/pipeline/PipelinePhaseKt
instanceKlass org/jetbrains/kotlin/cli/pipeline/ConfigurationUpdater
instanceKlass org/jetbrains/kotlin/cli/pipeline/CheckCompilationErrors
instanceKlass org/jetbrains/kotlin/config/phaser/NamedCompilerPhase
instanceKlass org/jetbrains/kotlin/config/phaser/CompilerPhase
instanceKlass org/jetbrains/kotlin/diagnostics/DiagnosticReporter
instanceKlass  @bci org/jetbrains/kotlin/diagnostics/impl/BaseDiagnosticsCollector$RawReporter$Companion <clinit> ()V 10 <appendix> argL0 ; # org/jetbrains/kotlin/diagnostics/impl/BaseDiagnosticsCollector$RawReporter$Companion$$Lambda+0x00000008001b99d8
instanceKlass org/jetbrains/kotlin/diagnostics/impl/BaseDiagnosticsCollector$RawReporter$Companion
instanceKlass  @bci org/jetbrains/kotlin/diagnostics/DiagnosticReporterFactory createPendingReporter (Lorg/jetbrains/kotlin/cli/common/messages/MessageCollector;)Lorg/jetbrains/kotlin/diagnostics/impl/PendingDiagnosticsCollectorWithSuppress; 8 <appendix> member <vmtarget> ; # org/jetbrains/kotlin/diagnostics/DiagnosticReporterFactory$$Lambda+0x00000008001b9528
instanceKlass  @cpi org/jetbrains/kotlin/com/intellij/lang/LanguageUtil 261 form vmentry <vmtarget> ; # java/lang/invoke/LambdaForm$DMH+0x00000008001bc000
instanceKlass org/jetbrains/kotlin/diagnostics/impl/BaseDiagnosticsCollector$RawReporter
instanceKlass org/jetbrains/kotlin/diagnostics/DiagnosticReporterFactory
instanceKlass org/jetbrains/kotlin/cli/pipeline/PipelineArtifact
instanceKlass org/jetbrains/kotlin/com/google/common/collect/AbstractMapEntry
instanceKlass org/jetbrains/kotlin/com/google/common/collect/LinkedHashMultimap$ValueSetLink
instanceKlass org/jetbrains/kotlin/com/google/common/collect/CollectPreconditions
instanceKlass org/jetbrains/kotlin/com/google/common/base/Preconditions
instanceKlass org/jetbrains/kotlin/com/google/common/collect/UnmodifiableIterator
instanceKlass org/jetbrains/kotlin/com/google/common/collect/Maps$EntryTransformer
instanceKlass org/jetbrains/kotlin/com/google/common/collect/ImmutableMap
instanceKlass org/jetbrains/kotlin/com/google/common/collect/BiMap
instanceKlass org/jetbrains/kotlin/com/google/common/base/Converter
instanceKlass org/jetbrains/kotlin/com/google/common/base/Function
instanceKlass org/jetbrains/kotlin/com/google/common/collect/SortedMapDifference
instanceKlass org/jetbrains/kotlin/com/google/common/collect/MapDifference
instanceKlass org/jetbrains/kotlin/com/google/common/collect/Maps
instanceKlass org/jetbrains/kotlin/com/google/common/collect/Platform
instanceKlass org/jetbrains/kotlin/com/google/common/collect/Multiset
instanceKlass org/jetbrains/kotlin/com/google/common/collect/AbstractMultimap
instanceKlass org/jetbrains/kotlin/com/google/common/collect/SetMultimap
instanceKlass org/jetbrains/kotlin/com/google/common/collect/Multimap
instanceKlass org/jetbrains/kotlin/cli/common/messages/GroupingMessageCollector
instanceKlass org/jetbrains/kotlin/cli/common/environment/UtilKt
instanceKlass org/jetbrains/kotlin/com/intellij/openapi/util/ObjectNode$1
instanceKlass org/jetbrains/kotlin/com/intellij/openapi/util/Disposer$2
instanceKlass org/jetbrains/kotlin/com/intellij/openapi/util/ObjectNode$NodeChildren
instanceKlass org/jetbrains/kotlin/com/intellij/openapi/util/ObjectNode
instanceKlass org/jetbrains/kotlin/it/unimi/dsi/fastutil/objects/Object2ObjectMap$FastEntrySet
instanceKlass org/jetbrains/kotlin/it/unimi/dsi/fastutil/objects/m
instanceKlass org/jetbrains/kotlin/it/unimi/dsi/fastutil/objects/Object2ObjectMap
instanceKlass org/jetbrains/kotlin/it/unimi/dsi/fastutil/objects/Object2ObjectFunction
instanceKlass org/jetbrains/kotlin/com/intellij/util/containers/RefHashMap$HardKey
instanceKlass org/jetbrains/kotlin/com/intellij/util/containers/RefHashMap$Key
instanceKlass org/jetbrains/kotlin/com/intellij/util/containers/IdentityHashingStrategy
instanceKlass org/jetbrains/kotlin/com/intellij/util/containers/HashingStrategy
instanceKlass org/jetbrains/kotlin/it/unimi/dsi/fastutil/Hash$Strategy
instanceKlass org/jetbrains/kotlin/com/intellij/util/containers/CollectionFactory
instanceKlass org/jetbrains/kotlin/it/unimi/dsi/fastutil/HashCommon
instanceKlass org/jetbrains/kotlin/it/unimi/dsi/fastutil/objects/Reference2ObjectMap$FastEntrySet
instanceKlass org/jetbrains/kotlin/it/unimi/dsi/fastutil/objects/ObjectSet
instanceKlass org/jetbrains/kotlin/it/unimi/dsi/fastutil/objects/ReferenceSet
instanceKlass org/jetbrains/kotlin/it/unimi/dsi/fastutil/objects/ReferenceCollection
instanceKlass org/jetbrains/kotlin/it/unimi/dsi/fastutil/objects/ObjectCollection
instanceKlass org/jetbrains/kotlin/it/unimi/dsi/fastutil/objects/ObjectIterable
instanceKlass org/jetbrains/kotlin/it/unimi/dsi/fastutil/objects/z
instanceKlass org/jetbrains/kotlin/it/unimi/dsi/fastutil/objects/Reference2ObjectMap
instanceKlass org/jetbrains/kotlin/it/unimi/dsi/fastutil/objects/Reference2ObjectFunction
instanceKlass org/jetbrains/kotlin/it/unimi/dsi/fastutil/e
instanceKlass org/jetbrains/kotlin/it/unimi/dsi/fastutil/Hash
instanceKlass org/jetbrains/kotlin/com/intellij/openapi/util/ObjectTree
instanceKlass org/jetbrains/kotlin/com/intellij/openapi/util/Disposer
instanceKlass  @bci org/jetbrains/kotlin/progress/ProgressIndicatorAndCompilationCanceledStatus <clinit> ()V 10 <appendix> argL0 ; # org/jetbrains/kotlin/progress/ProgressIndicatorAndCompilationCanceledStatus$$Lambda+0x00000008001ab988
instanceKlass org/jetbrains/kotlin/progress/ProgressIndicatorAndCompilationCanceledStatus
instanceKlass org/jetbrains/kotlin/progress/CompilationCanceledStatus
instanceKlass  @bci org/jetbrains/kotlin/util/PerformanceManager <init> (Lorg/jetbrains/kotlin/platform/TargetPlatform;Ljava/lang/String;)V 136 <appendix> argL0 ; # org/jetbrains/kotlin/util/PerformanceManager$$Lambda+0x00000008001ab2d0
instanceKlass java/text/Format
instanceKlass  @bci org/jetbrains/kotlin/util/PerformanceManager <init> (Lorg/jetbrains/kotlin/platform/TargetPlatform;Ljava/lang/String;)V 121 <appendix> member <vmtarget> ; # org/jetbrains/kotlin/util/PerformanceManager$$Lambda+0x00000008001ab078
instanceKlass org/jetbrains/kotlin/util/UnitStats
instanceKlass org/jetbrains/kotlin/util/Time$Companion
instanceKlass org/jetbrains/kotlin/util/Time
instanceKlass sun/management/Util
instanceKlass  @bci java/util/stream/Collectors toList ()Ljava/util/stream/Collector; 14 <appendix> argL0 ; # java/util/stream/Collectors$$Lambda+0x00000008001ca158
instanceKlass  @bci java/util/stream/Collectors toList ()Ljava/util/stream/Collector; 9 <appendix> argL0 ; # java/util/stream/Collectors$$Lambda+0x00000008001c9ef8
instanceKlass  @bci java/util/stream/Collectors toList ()Ljava/util/stream/Collector; 4 <appendix> argL0 ; # java/util/stream/Collectors$$Lambda+0x00000008001c9ca8
instanceKlass  @bci sun/management/spi/PlatformMBeanProvider$PlatformComponent getMBeans (Ljava/lang/Class;)Ljava/util/List; 63 <appendix> member <vmtarget> ; # sun/management/spi/PlatformMBeanProvider$PlatformComponent$$Lambda+0x00000008001c9508
instanceKlass  @bci sun/management/spi/PlatformMBeanProvider$PlatformComponent getMBeans (Ljava/lang/Class;)Ljava/util/List; 47 <appendix> member <vmtarget> ; # sun/management/spi/PlatformMBeanProvider$PlatformComponent$$Lambda+0x00000008001c9280
instanceKlass java/util/Collections$2
instanceKlass sun/management/ThreadImpl
instanceKlass com/sun/management/ThreadMXBean
instanceKlass java/util/stream/Sink$ChainedReference
instanceKlass java/util/stream/ReduceOps$2ReducingSink
instanceKlass  @bci java/lang/management/ManagementFactory$PlatformMBeanFinder findSingleton (Ljava/lang/Class;)Lsun/management/spi/PlatformMBeanProvider$PlatformComponent; 30 <appendix> member <vmtarget> ; # java/lang/management/ManagementFactory$PlatformMBeanFinder$$Lambda+0x00000008001c7100
instanceKlass  @bci java/lang/management/ManagementFactory$PlatformMBeanFinder findSingleton (Ljava/lang/Class;)Lsun/management/spi/PlatformMBeanProvider$PlatformComponent; 19 <appendix> member <vmtarget> ; # java/lang/management/ManagementFactory$PlatformMBeanFinder$$Lambda+0x00000008001c6430
instanceKlass java/util/function/Predicate
instanceKlass java/util/HashMap$HashMapSpliterator
instanceKlass jdk/management/jfr/internal/FlightRecorderMXBeanProvider$SingleMBeanComponent
instanceKlass jdk/management/jfr/FlightRecorderMXBean
instanceKlass java/lang/management/DefaultPlatformMBeanProvider$11
instanceKlass java/lang/management/DefaultPlatformMBeanProvider$10
instanceKlass java/lang/management/DefaultPlatformMBeanProvider$9
instanceKlass java/util/logging/LogManager
instanceKlass sun/management/ManagementFactoryHelper$LoggingMXBeanAccess$1
instanceKlass sun/management/ManagementFactoryHelper$LoggingMXBeanAccess
instanceKlass java/lang/management/DefaultPlatformMBeanProvider$8
instanceKlass java/lang/management/DefaultPlatformMBeanProvider$7
instanceKlass java/lang/management/DefaultPlatformMBeanProvider$6
instanceKlass java/lang/management/DefaultPlatformMBeanProvider$5
instanceKlass java/lang/management/DefaultPlatformMBeanProvider$4
instanceKlass java/lang/management/DefaultPlatformMBeanProvider$3
instanceKlass java/lang/management/DefaultPlatformMBeanProvider$2
instanceKlass java/lang/management/DefaultPlatformMBeanProvider$1
instanceKlass java/util/concurrent/Callable
instanceKlass com/sun/management/internal/PlatformMBeanProviderImpl$5
instanceKlass sun/management/VMManagementImpl
instanceKlass sun/management/VMManagement
instanceKlass sun/management/ManagementFactoryHelper
instanceKlass sun/management/NotificationEmitterSupport
instanceKlass javax/management/NotificationEmitter
instanceKlass javax/management/NotificationBroadcaster
instanceKlass com/sun/management/DiagnosticCommandMBean
instanceKlass javax/management/DynamicMBean
instanceKlass com/sun/management/internal/PlatformMBeanProviderImpl$4
instanceKlass com/sun/management/internal/PlatformMBeanProviderImpl$3
instanceKlass com/sun/management/internal/PlatformMBeanProviderImpl$2
instanceKlass java/util/stream/ReduceOps$Box
instanceKlass java/util/stream/ReduceOps$AccumulatingSink
instanceKlass java/util/stream/TerminalSink
instanceKlass java/util/stream/Sink
instanceKlass java/util/stream/ReduceOps$ReduceOp
instanceKlass java/util/stream/TerminalOp
instanceKlass java/util/stream/ReduceOps
instanceKlass  @bci java/util/stream/Collectors castingIdentity ()Ljava/util/function/Function; 0 <appendix> argL0 ; # java/util/stream/Collectors$$Lambda+0x000000080017e9f0
instanceKlass  @bci java/util/stream/Collectors toSet ()Ljava/util/stream/Collector; 14 <appendix> argL0 ; # java/util/stream/Collectors$$Lambda+0x000000080017e778
instanceKlass java/util/function/BinaryOperator
instanceKlass  @bci java/util/stream/Collectors toSet ()Ljava/util/stream/Collector; 9 <appendix> argL0 ; # java/util/stream/Collectors$$Lambda+0x000000080017e2e8
instanceKlass java/util/function/BiConsumer
instanceKlass  @bci java/util/stream/Collectors toSet ()Ljava/util/stream/Collector; 4 <appendix> argL0 ; # java/util/stream/Collectors$$Lambda+0x000000080017de68
instanceKlass java/util/stream/Collector
instanceKlass java/util/stream/Collectors
instanceKlass com/sun/management/internal/PlatformMBeanProviderImpl$1
instanceKlass sun/management/spi/PlatformMBeanProvider$PlatformComponent
instanceKlass  @bci com/sun/management/internal/PlatformMBeanProviderImpl <clinit> ()V 8 <appendix> argL0 ; # com/sun/management/internal/PlatformMBeanProviderImpl$$Lambda+0x000000080017cba8
instanceKlass java/util/concurrent/CopyOnWriteArrayList$COWIterator
instanceKlass sun/management/spi/PlatformMBeanProvider
instanceKlass java/security/Security$1
instanceKlass jdk/internal/access/JavaSecurityPropertiesAccess
instanceKlass java/util/concurrent/ConcurrentHashMap$MapEntry
instanceKlass java/util/Properties$LineReader
instanceKlass  @bci java/security/Security <clinit> ()V 9 <appendix> argL0 ; # java/security/Security$$Lambda+0x000000080017b238
instanceKlass java/security/Security
instanceKlass sun/security/util/SecurityProperties
instanceKlass sun/security/util/FilePermCompat
instanceKlass java/io/FilePermission$1
instanceKlass jdk/internal/access/JavaIOFilePermissionAccess
instanceKlass java/lang/management/ManagementFactory$PlatformMBeanFinder$1
instanceKlass java/lang/management/ManagementFactory$PlatformMBeanFinder
instanceKlass java/lang/management/ThreadMXBean
instanceKlass java/lang/management/PlatformManagedObject
instanceKlass  @bci java/lang/management/ManagementFactory loadNativeLib ()V 0 <appendix> argL0 ; # java/lang/management/ManagementFactory$$Lambda+0x00000008001794e0
instanceKlass java/lang/management/ManagementFactory
instanceKlass org/jetbrains/kotlin/platform/TargetPlatformKt
instanceKlass kotlin/collections/AbstractList$IteratorImpl
instanceKlass org/jetbrains/kotlin/platform/TargetPlatformVersion$NoVersion
instanceKlass org/jetbrains/kotlin/config/JvmTarget$Companion
instanceKlass org/jetbrains/kotlin/platform/TargetPlatformVersion
instanceKlass org/jetbrains/kotlin/platform/SimplePlatform
instanceKlass org/jetbrains/kotlin/platform/jvm/JvmPlatforms
instanceKlass org/jetbrains/kotlin/util/PerformanceManagerImpl$Companion
instanceKlass org/jetbrains/kotlin/cli/pipeline/AbstractCliPipeline
instanceKlass org/jetbrains/kotlin/utils/SmartList$EmptyIterator
instanceKlass kotlin/reflect/jvm/internal/impl/metadata/jvm/deserialization/JvmFlags
instanceKlass kotlin/reflect/jvm/internal/impl/load/java/DescriptorsJvmAbiUtil
instanceKlass kotlin/reflect/jvm/internal/impl/metadata/jvm/deserialization/JvmMemberSignature
instanceKlass kotlin/reflect/jvm/internal/JvmPropertySignature
instanceKlass kotlin/reflect/jvm/internal/impl/metadata/deserialization/ProtoBufUtilKt
instanceKlass kotlin/reflect/jvm/internal/impl/resolve/OverridingStrategy
instanceKlass kotlin/reflect/jvm/internal/impl/descriptors/impl/ValueParameterDescriptorImpl$Companion
instanceKlass kotlin/reflect/jvm/internal/impl/descriptors/ValueParameterDescriptor
instanceKlass kotlin/reflect/jvm/internal/impl/resolve/DescriptorFactory
instanceKlass kotlin/reflect/jvm/internal/impl/resolve/scopes/receivers/ImplicitClassReceiver
instanceKlass kotlin/reflect/jvm/internal/impl/resolve/scopes/receivers/ThisClassReceiver
instanceKlass kotlin/reflect/jvm/internal/impl/resolve/scopes/receivers/ImplicitReceiver
instanceKlass kotlin/reflect/jvm/internal/impl/resolve/calls/inference/CapturedTypeConstructorKt
instanceKlass kotlin/reflect/jvm/internal/impl/resolve/scopes/SubstitutingScope
instanceKlass kotlin/reflect/jvm/internal/impl/types/TypeSubstitutor
instanceKlass kotlin/reflect/jvm/internal/impl/descriptors/impl/ModuleAwareClassDescriptorKt
instanceKlass kotlin/reflect/jvm/internal/impl/types/TypeConstructorSubstitution$Companion
instanceKlass kotlin/reflect/jvm/internal/impl/types/TypeProjectionBase
instanceKlass kotlin/reflect/jvm/internal/impl/descriptors/impl/AbstractTypeParameterDescriptor$2
instanceKlass kotlin/reflect/jvm/internal/impl/descriptors/impl/AbstractTypeParameterDescriptor$1
instanceKlass kotlin/reflect/jvm/internal/impl/serialization/deserialization/descriptors/DeserializedCallableMemberDescriptor
instanceKlass kotlin/reflect/jvm/internal/impl/serialization/deserialization/descriptors/DeserializedMemberDescriptor
instanceKlass kotlin/reflect/jvm/internal/impl/serialization/deserialization/descriptors/DescriptorWithContainerSource
instanceKlass kotlin/reflect/jvm/internal/impl/load/java/typeEnhancement/SignatureEnhancement$PartEnhancementResult
instanceKlass kotlin/reflect/jvm/internal/impl/load/java/typeEnhancement/JavaTypeEnhancement$Result
instanceKlass kotlin/reflect/jvm/internal/impl/load/java/typeEnhancement/JavaTypeEnhancement$SimpleResult
instanceKlass kotlin/reflect/jvm/internal/impl/load/java/typeEnhancement/TypeComponentPositionKt
instanceKlass kotlin/reflect/jvm/internal/impl/types/KotlinTypeKt
instanceKlass kotlin/reflect/jvm/internal/impl/types/IntersectionTypeConstructor
instanceKlass kotlin/reflect/jvm/internal/impl/types/model/IntersectionTypeConstructorMarker
instanceKlass kotlin/reflect/jvm/internal/impl/types/model/DefinitelyNotNullTypeMarker
instanceKlass kotlin/reflect/jvm/internal/impl/types/CustomTypeVariable
instanceKlass kotlin/reflect/jvm/internal/impl/utils/SmartSet$Companion
instanceKlass kotlin/reflect/jvm/internal/impl/load/java/typeEnhancement/TypeEnhancementUtilsKt
instanceKlass kotlin/reflect/jvm/internal/impl/load/java/JvmAnnotationNamesKt
instanceKlass kotlin/reflect/jvm/internal/impl/load/java/typeEnhancement/JavaTypeQualifiers$Companion
instanceKlass kotlin/reflect/jvm/internal/impl/descriptors/TypeParameterDescriptor
instanceKlass kotlin/reflect/jvm/internal/impl/types/model/TypeParameterMarker
instanceKlass kotlin/reflect/jvm/internal/impl/load/java/typeEnhancement/JavaTypeQualifiers
instanceKlass kotlin/reflect/jvm/internal/impl/types/RawType
instanceKlass kotlin/reflect/jvm/internal/impl/types/model/RawTypeMarker
instanceKlass kotlin/reflect/jvm/internal/impl/types/model/FlexibleTypeMarker
instanceKlass kotlin/reflect/jvm/internal/impl/load/java/typeEnhancement/TypeAndDefaultQualifiers
instanceKlass kotlin/sequences/SequencesKt__SequencesKt$sequenceOf$1$1
instanceKlass kotlin/jvm/internal/ArrayIterator
instanceKlass kotlin/jvm/internal/ArrayIteratorKt
instanceKlass kotlin/sequences/FlatteningSequence$iterator$1
instanceKlass  @bci kotlin/sequences/SequencesKt___SequencesKt filterNotNull (Lkotlin/sequences/Sequence;)Lkotlin/sequences/Sequence; 7 <appendix> argL0 ; # kotlin/sequences/SequencesKt___SequencesKt$$Lambda+0x0000000800192950
instanceKlass  @bci kotlin/sequences/SequencesKt__SequencesKt flatten$SequencesKt__SequencesKt (Lkotlin/sequences/Sequence;Lkotlin/jvm/functions/Function1;)Lkotlin/sequences/Sequence; 21 <appendix> argL0 ; # kotlin/sequences/SequencesKt__SequencesKt$$Lambda+0x0000000800192700
instanceKlass kotlin/sequences/FlatteningSequence
instanceKlass  @bci kotlin/sequences/SequencesKt__SequencesKt flatten (Lkotlin/sequences/Sequence;)Lkotlin/sequences/Sequence; 7 <appendix> argL0 ; # kotlin/sequences/SequencesKt__SequencesKt$$Lambda+0x0000000800192258
instanceKlass kotlin/collections/ArraysKt___ArraysKt$asSequence$$inlined$Sequence$1
instanceKlass kotlin/sequences/SequencesKt__SequencesKt$sequenceOf$$inlined$Sequence$1
instanceKlass kotlin/reflect/jvm/internal/impl/load/java/typeEnhancement/SignatureEnhancement$SignatureParts
instanceKlass java/lang/reflect/ParameterizedType
instanceKlass kotlin/reflect/jvm/internal/impl/descriptors/DescriptorUtilKt
instanceKlass kotlin/reflect/jvm/internal/impl/load/java/structure/JavaPrimitiveType
instanceKlass kotlin/reflect/jvm/internal/impl/load/java/FakePureImplementationsProvider
instanceKlass kotlin/reflect/jvm/internal/impl/load/java/components/JavaAnnotationMapper
instanceKlass kotlin/reflect/jvm/internal/impl/descriptors/runtime/structure/ReflectJavaAnnotationOwnerKt
instanceKlass kotlin/reflect/jvm/internal/impl/descriptors/runtime/structure/ReflectJavaAnnotationOwner$DefaultImpls
instanceKlass kotlin/reflect/jvm/internal/impl/descriptors/runtime/structure/ReflectJavaType$Factory
instanceKlass kotlin/reflect/jvm/internal/impl/descriptors/runtime/structure/ReflectJavaType
instanceKlass kotlin/reflect/jvm/internal/impl/load/java/structure/JavaClassifierType
instanceKlass kotlin/reflect/jvm/internal/impl/load/java/structure/JavaType
instanceKlass kotlin/reflect/jvm/internal/impl/load/java/structure/ListBasedJavaAnnotationOwner
instanceKlass kotlin/jvm/internal/SpreadBuilder
instanceKlass  @bci jdk/internal/reflect/DirectMethodHandleAccessor invokeImpl (Ljava/lang/Object;[Ljava/lang/Object;Ljava/lang/Class;)Ljava/lang/Object; 136 <adapter> ; # java/lang/invoke/LambdaForm$MH+0x0000000800191000
# instanceKlass kotlin/reflect/jvm/internal/impl/descriptors/runtime/structure/Java16SealedRecordLoader$$InjectedInvoker+0x0000000800190c00
instanceKlass java/lang/invoke/MethodHandleImpl$BindCaller$InjectedInvokerHolder
instanceKlass java/lang/invoke/MethodHandleImpl$BindCaller
# instanceKlass java/lang/invoke/LambdaForm$MH+0x0000000800190800
# instanceKlass java/lang/invoke/LambdaForm$MH+0x0000000800190400
instanceKlass java/lang/invoke/MethodHandleImpl$ArrayAccessor
instanceKlass java/lang/invoke/MethodHandleImpl$LoopClauses
instanceKlass java/lang/invoke/MethodHandleImpl$CasesHolder
instanceKlass kotlin/collections/CollectionsKt___CollectionsKt$asSequence$$inlined$Sequence$1
instanceKlass kotlin/sequences/FilteringSequence$iterator$1
instanceKlass kotlin/sequences/TransformingSequence$iterator$1
instanceKlass kotlin/sequences/TransformingSequence
instanceKlass kotlin/sequences/FilteringSequence
instanceKlass kotlin/sequences/EmptySequence
instanceKlass kotlin/sequences/DropTakeSequence
instanceKlass kotlin/reflect/jvm/internal/impl/load/java/lazy/descriptors/ClassDeclaredMemberIndex
instanceKlass kotlin/reflect/jvm/internal/impl/load/java/lazy/descriptors/DeclaredMemberIndex
instanceKlass kotlin/reflect/jvm/internal/impl/resolve/scopes/DescriptorKindFilter$Companion$MaskToName
# instanceKlass java/lang/invoke/LambdaForm$MH+0x0000000800190000
instanceKlass kotlin/reflect/jvm/internal/impl/resolve/scopes/DescriptorKindFilter$Companion
instanceKlass kotlin/reflect/jvm/internal/impl/resolve/scopes/DescriptorKindFilter
instanceKlass kotlin/reflect/jvm/internal/impl/util/collectionUtils/ScopeUtilsKt
instanceKlass java/util/LinkedList$ListItr
instanceKlass kotlin/Triple
instanceKlass java/util/LinkedList$Node
instanceKlass kotlin/reflect/jvm/internal/impl/metadata/deserialization/NameResolverImpl$WhenMappings
instanceKlass kotlin/reflect/jvm/internal/impl/protobuf/Utf8
instanceKlass kotlin/reflect/jvm/internal/impl/serialization/deserialization/ProtoBasedClassDataFinder
instanceKlass kotlin/reflect/jvm/internal/impl/metadata/deserialization/NameResolverImpl
instanceKlass kotlin/reflect/jvm/internal/impl/metadata/ProtoBuf$Annotation$ArgumentOrBuilder
instanceKlass kotlin/reflect/jvm/internal/impl/metadata/ProtoBuf$QualifiedNameTable$QualifiedName$Kind$1
instanceKlass kotlin/reflect/jvm/internal/impl/metadata/ProtoBuf$QualifiedNameTable$QualifiedNameOrBuilder
instanceKlass kotlin/reflect/jvm/internal/impl/metadata/ProtoBuf$QualifiedNameTableOrBuilder
instanceKlass kotlin/reflect/jvm/internal/impl/protobuf/LazyStringList
instanceKlass kotlin/reflect/jvm/internal/impl/protobuf/ProtocolStringList
instanceKlass kotlin/reflect/jvm/internal/impl/metadata/ProtoBuf$StringTableOrBuilder
instanceKlass kotlin/reflect/jvm/internal/impl/metadata/ProtoBuf$PackageFragmentOrBuilder
instanceKlass kotlin/collections/IntIterator
instanceKlass jdk/internal/util/ByteArray
instanceKlass kotlin/internal/ProgressionUtilKt
instanceKlass kotlin/ranges/IntRange$Companion
instanceKlass kotlin/ranges/IntProgression$Companion
instanceKlass kotlin/ranges/IntProgression
instanceKlass kotlin/ranges/OpenEndRange
instanceKlass kotlin/ranges/ClosedRange
instanceKlass kotlin/reflect/jvm/internal/impl/metadata/builtins/BuiltInsBinaryVersion$Companion
instanceKlass kotlin/reflect/jvm/internal/impl/serialization/deserialization/builtins/BuiltInsPackageFragmentImpl$Companion
instanceKlass kotlin/reflect/jvm/internal/impl/builtins/BuiltInsPackageFragment
instanceKlass kotlin/reflect/jvm/internal/impl/descriptors/runtime/structure/ReflectJavaModifierListOwner$DefaultImpls
instanceKlass java/lang/reflect/AnnotatedType
instanceKlass kotlin/reflect/jvm/internal/impl/descriptors/runtime/structure/Java16SealedRecordLoader$Cache
instanceKlass kotlin/reflect/jvm/internal/impl/descriptors/runtime/structure/Java16SealedRecordLoader
instanceKlass sun/reflect/generics/tree/ClassSignature
instanceKlass sun/reflect/generics/tree/Signature
instanceKlass sun/reflect/generics/tree/FormalTypeParameter
instanceKlass java/lang/reflect/TypeVariable
instanceKlass sun/reflect/generics/repository/AbstractRepository
instanceKlass kotlin/reflect/jvm/internal/impl/load/java/lazy/LazyJavaTypeParameterResolver
instanceKlass kotlin/reflect/jvm/internal/impl/descriptors/runtime/components/RuntimeSourceElementFactory$RuntimeSourceElement
instanceKlass kotlin/reflect/jvm/internal/impl/load/java/sources/JavaSourceElement
instanceKlass kotlin/reflect/jvm/internal/impl/load/java/lazy/descriptors/LazyJavaClassDescriptor$Companion
instanceKlass kotlin/reflect/jvm/internal/impl/load/java/descriptors/JavaClassDescriptor
instanceKlass kotlin/reflect/jvm/internal/impl/load/java/structure/JavaClass
instanceKlass kotlin/reflect/jvm/internal/impl/load/java/structure/JavaTypeParameterListOwner
instanceKlass kotlin/reflect/jvm/internal/impl/load/java/structure/JavaClassifier
instanceKlass kotlin/reflect/jvm/internal/impl/load/java/structure/JavaNamedElement
instanceKlass kotlin/reflect/jvm/internal/impl/descriptors/runtime/structure/ReflectJavaModifierListOwner
instanceKlass kotlin/reflect/jvm/internal/impl/load/java/structure/JavaModifierListOwner
instanceKlass kotlin/reflect/jvm/internal/impl/descriptors/runtime/structure/ReflectJavaAnnotationOwner
instanceKlass kotlin/reflect/jvm/internal/impl/load/java/JavaClassFinder$Request
instanceKlass kotlin/reflect/jvm/internal/impl/storage/SingleThreadValue
instanceKlass kotlin/reflect/jvm/internal/impl/load/kotlin/SignatureBuildingComponents
instanceKlass kotlin/reflect/jvm/internal/impl/builtins/jvm/JvmBuiltInsSignatures
instanceKlass kotlin/reflect/jvm/internal/impl/descriptors/TypeAliasDescriptor
instanceKlass kotlin/reflect/jvm/internal/impl/serialization/deserialization/descriptors/DeserializedAnnotations
instanceKlass kotlin/reflect/jvm/internal/impl/metadata/deserialization/ProtoTypeTableUtilKt
instanceKlass kotlin/reflect/jvm/internal/impl/types/AbstractTypeConstructor$Supertypes
instanceKlass kotlin/reflect/jvm/internal/impl/descriptors/TypeParameterUtilsKt
instanceKlass kotlin/reflect/jvm/internal/impl/protobuf/SmallSortedMap$EntryIterator
instanceKlass kotlin/reflect/jvm/internal/impl/protobuf/GeneratedMessageLite$ExtendableMessage$ExtensionWriter
instanceKlass kotlin/reflect/jvm/internal/impl/serialization/deserialization/descriptors/DeserializedMemberScope$OptimizedImplementation
instanceKlass kotlin/reflect/jvm/internal/impl/serialization/deserialization/descriptors/DeserializedMemberScope$Implementation
instanceKlass java/util/ArrayList$SubList$1
instanceKlass kotlin/reflect/jvm/internal/impl/load/java/lazy/descriptors/LazyJavaPackageScope$KotlinClassLookupResult
instanceKlass kotlin/reflect/jvm/internal/impl/serialization/deserialization/ProtoContainer
instanceKlass kotlin/reflect/jvm/internal/impl/descriptors/ScopesHolderForClass$Companion
instanceKlass kotlin/reflect/jvm/internal/impl/descriptors/ScopesHolderForClass
instanceKlass kotlin/reflect/jvm/internal/impl/metadata/deserialization/VersionSpecificBehaviorKt
instanceKlass kotlin/reflect/jvm/internal/impl/serialization/deserialization/ProtoEnumFlagsUtilsKt$WhenMappings
instanceKlass kotlin/reflect/jvm/internal/impl/serialization/deserialization/ProtoEnumFlagsUtilsKt
instanceKlass kotlin/reflect/jvm/internal/impl/serialization/deserialization/ProtoEnumFlags$WhenMappings
instanceKlass kotlin/reflect/jvm/internal/impl/metadata/ProtoBuf$MemberKind$1
instanceKlass kotlin/reflect/jvm/internal/impl/metadata/ProtoBuf$Class$Kind$1
instanceKlass kotlin/reflect/jvm/internal/impl/metadata/ProtoBuf$Modality$1
instanceKlass kotlin/reflect/jvm/internal/impl/metadata/ProtoBuf$Visibility$1
instanceKlass kotlin/reflect/jvm/internal/impl/metadata/deserialization/Flags$FlagField
instanceKlass kotlin/reflect/jvm/internal/impl/metadata/deserialization/Flags
instanceKlass kotlin/reflect/jvm/internal/impl/serialization/deserialization/ProtoEnumFlags
instanceKlass kotlin/reflect/jvm/internal/impl/metadata/jvm/deserialization/JvmNameResolver$WhenMappings
instanceKlass kotlin/reflect/jvm/internal/impl/serialization/deserialization/NameResolverUtilKt
instanceKlass kotlin/reflect/jvm/internal/impl/descriptors/DeserializedDescriptor
instanceKlass kotlin/reflect/jvm/internal/impl/serialization/deserialization/MemberDeserializer
instanceKlass kotlin/reflect/jvm/internal/impl/serialization/deserialization/TypeDeserializer
instanceKlass kotlin/reflect/jvm/internal/impl/serialization/deserialization/DeserializationContext
instanceKlass kotlin/reflect/jvm/internal/impl/metadata/deserialization/VersionRequirementTable$Companion
instanceKlass kotlin/reflect/jvm/internal/impl/metadata/deserialization/VersionRequirementTable
instanceKlass kotlin/reflect/jvm/internal/impl/metadata/deserialization/TypeTable
instanceKlass kotlin/reflect/jvm/internal/impl/serialization/deserialization/ClassDeserializer$ClassKey
instanceKlass kotlin/reflect/jvm/internal/impl/serialization/deserialization/ClassData
instanceKlass kotlin/reflect/jvm/internal/impl/serialization/deserialization/IncompatibleVersionErrorData
instanceKlass kotlin/reflect/jvm/internal/impl/serialization/deserialization/DeserializationConfiguration$DefaultImpls
instanceKlass kotlin/reflect/jvm/internal/impl/load/kotlin/KotlinJvmBinarySourceElement
instanceKlass kotlin/reflect/jvm/internal/impl/serialization/deserialization/descriptors/DeserializedContainerSource
instanceKlass kotlin/reflect/jvm/internal/impl/metadata/ProtoBuf$Type$Argument$Projection$1
instanceKlass kotlin/reflect/jvm/internal/impl/metadata/ProtoBuf$Type$ArgumentOrBuilder
instanceKlass kotlin/reflect/jvm/internal/impl/protobuf/SmallSortedMap$Entry
instanceKlass kotlin/reflect/jvm/internal/impl/protobuf/FieldSet$1
instanceKlass kotlin/reflect/jvm/internal/impl/protobuf/AbstractMessageLite$Builder
instanceKlass kotlin/reflect/jvm/internal/impl/protobuf/GeneratedMessageLite$1
instanceKlass kotlin/reflect/jvm/internal/impl/metadata/jvm/JvmProtoBuf$StringTableTypes$Record$Operation$1
instanceKlass kotlin/reflect/jvm/internal/impl/metadata/jvm/JvmProtoBuf$StringTableTypes$RecordOrBuilder
instanceKlass kotlin/reflect/jvm/internal/impl/protobuf/WireFormat
instanceKlass kotlin/reflect/jvm/internal/impl/protobuf/CodedOutputStream
instanceKlass kotlin/reflect/jvm/internal/impl/protobuf/CodedInputStream
instanceKlass kotlin/reflect/jvm/internal/impl/metadata/jvm/JvmProtoBuf$StringTableTypesOrBuilder
instanceKlass kotlin/collections/IndexedValue
instanceKlass kotlin/collections/IndexingIterator
instanceKlass  @bci kotlin/collections/CollectionsKt___CollectionsKt withIndex (Ljava/lang/Iterable;)Ljava/lang/Iterable; 11 <appendix> member <vmtarget> ; # kotlin/collections/CollectionsKt___CollectionsKt$$Lambda+0x000000080015e718
instanceKlass kotlin/collections/IndexingIterable
instanceKlass kotlin/reflect/jvm/internal/impl/metadata/jvm/deserialization/JvmNameResolver$Companion
instanceKlass kotlin/reflect/jvm/internal/impl/metadata/jvm/deserialization/JvmNameResolver
instanceKlass kotlin/reflect/jvm/internal/impl/metadata/deserialization/NameResolver
instanceKlass kotlin/reflect/jvm/internal/impl/metadata/jvm/deserialization/UtfEncodingKt
instanceKlass kotlin/reflect/jvm/internal/impl/metadata/jvm/deserialization/BitEncoding
instanceKlass kotlin/reflect/jvm/internal/impl/load/kotlin/KotlinClassFinder$Result
instanceKlass kotlin/reflect/jvm/internal/impl/load/kotlin/header/KotlinClassHeader
instanceKlass kotlin/reflect/jvm/internal/impl/load/kotlin/header/ReadKotlinClassHeaderAnnotationVisitor$CollectStringArrayAnnotationVisitor
# instanceKlass java/lang/invoke/LambdaForm$MH+0x000000080015c800
# instanceKlass java/lang/invoke/LambdaForm$MH+0x000000080015c400
# instanceKlass java/lang/invoke/LambdaForm$DMH+0x000000080015c000
instanceKlass kotlin/reflect/jvm/internal/impl/descriptors/runtime/components/ReflectKotlinClassKt
instanceKlass kotlin/reflect/jvm/internal/impl/load/kotlin/KotlinJvmBinaryClass$AnnotationArrayArgumentVisitor
instanceKlass kotlin/reflect/jvm/internal/impl/load/kotlin/header/ReadKotlinClassHeaderAnnotationVisitor$KotlinMetadataArgumentVisitor
instanceKlass java/lang/annotation/Documented
instanceKlass java/lang/Deprecated
instanceKlass kotlin/reflect/jvm/internal/impl/resolve/jvm/JvmClassName
instanceKlass kotlin/reflect/jvm/internal/impl/load/java/JvmAnnotationNames
instanceKlass kotlin/reflect/jvm/internal/impl/descriptors/runtime/components/ReflectAnnotationSource
instanceKlass java/lang/Class$AnnotationData
instanceKlass kotlin/annotation/Retention
instanceKlass kotlin/reflect/jvm/internal/impl/descriptors/runtime/components/ReflectClassStructure
instanceKlass kotlin/reflect/jvm/internal/impl/load/kotlin/KotlinJvmBinaryClass$AnnotationArgumentVisitor
instanceKlass kotlin/reflect/jvm/internal/impl/load/kotlin/header/ReadKotlinClassHeaderAnnotationVisitor
instanceKlass kotlin/reflect/jvm/internal/impl/load/kotlin/KotlinJvmBinaryClass$AnnotationVisitor
instanceKlass kotlin/reflect/jvm/internal/impl/descriptors/runtime/components/ReflectKotlinClass$Factory
instanceKlass kotlin/reflect/jvm/internal/impl/descriptors/runtime/components/ReflectKotlinClass
instanceKlass kotlin/reflect/jvm/internal/impl/load/kotlin/KotlinJvmBinaryClass
instanceKlass kotlin/reflect/jvm/internal/impl/descriptors/runtime/components/ReflectJavaClassFinderKt
instanceKlass kotlin/reflect/jvm/internal/impl/descriptors/runtime/components/ReflectKotlinClassFinderKt
instanceKlass kotlin/reflect/jvm/internal/impl/load/java/lazy/descriptors/LazyJavaPackageScope$FindClassRequest
instanceKlass kotlin/reflect/jvm/internal/impl/incremental/UtilsKt
instanceKlass kotlin/reflect/jvm/internal/impl/resolve/scopes/ChainedMemberScope$Companion
instanceKlass kotlin/reflect/jvm/internal/impl/resolve/scopes/ChainedMemberScope
instanceKlass kotlin/reflect/jvm/internal/impl/load/java/lazy/LazyJavaAnnotations
instanceKlass kotlin/reflect/jvm/internal/impl/load/java/lazy/LazyJavaAnnotationsKt
instanceKlass kotlin/reflect/jvm/internal/impl/load/java/lazy/descriptors/JvmPackageScope
instanceKlass kotlin/UnsafeLazyImpl
instanceKlass kotlin/reflect/jvm/internal/impl/load/java/lazy/ContextKt
instanceKlass kotlin/reflect/jvm/internal/impl/storage/LockBasedStorageManager$KeyWithComputation
instanceKlass kotlin/reflect/jvm/internal/impl/descriptors/runtime/structure/ReflectJavaElement
instanceKlass kotlin/reflect/jvm/internal/impl/load/java/structure/JavaPackage
instanceKlass kotlin/reflect/jvm/internal/impl/load/java/structure/JavaAnnotationOwner
instanceKlass kotlin/reflect/jvm/internal/impl/load/java/structure/JavaElement
instanceKlass kotlin/reflect/jvm/internal/impl/descriptors/PackageFragmentProviderKt
instanceKlass kotlin/reflect/jvm/internal/impl/resolve/scopes/AbstractScopeAdapter
instanceKlass kotlin/reflect/jvm/internal/impl/resolve/ResolutionAnchorProviderKt
instanceKlass kotlin/reflect/jvm/internal/impl/descriptors/FindClassInModuleKt
instanceKlass kotlin/reflect/jvm/internal/impl/descriptors/runtime/components/PackagePartScopeCache
instanceKlass kotlin/reflect/jvm/internal/impl/load/kotlin/DeserializationComponentsForJava$Companion$ModuleData
instanceKlass kotlin/reflect/jvm/internal/impl/descriptors/impl/CompositePackageFragmentProvider
instanceKlass kotlin/reflect/jvm/internal/impl/descriptors/impl/ModuleDependenciesImpl
instanceKlass kotlin/reflect/jvm/internal/impl/descriptors/impl/ModuleDependencies
instanceKlass kotlin/reflect/jvm/internal/impl/builtins/jvm/JvmBuiltInClassDescriptorFactory$Companion
instanceKlass kotlin/reflect/jvm/internal/impl/builtins/jvm/JvmBuiltInClassDescriptorFactory
instanceKlass kotlin/reflect/jvm/internal/impl/builtins/functions/BuiltInFictitiousFunctionClassFactory
instanceKlass kotlin/reflect/jvm/internal/impl/descriptors/deserialization/ClassDescriptorFactory
instanceKlass kotlin/reflect/jvm/internal/impl/serialization/deserialization/FlexibleTypeDeserializer$ThrowException
instanceKlass kotlin/reflect/jvm/internal/impl/serialization/deserialization/ErrorReporter$1
instanceKlass kotlin/reflect/jvm/internal/impl/metadata/ProtoBuf$EnumEntryOrBuilder
instanceKlass kotlin/reflect/jvm/internal/impl/metadata/ProtoBuf$Annotation$Argument$Value$Type$1
instanceKlass kotlin/reflect/jvm/internal/impl/metadata/ProtoBuf$Annotation$Argument$ValueOrBuilder
instanceKlass kotlin/reflect/jvm/internal/impl/metadata/builtins/BuiltInsProtoBuf
instanceKlass kotlin/reflect/jvm/internal/impl/serialization/SerializerExtensionProtocol
instanceKlass kotlin/reflect/jvm/internal/impl/serialization/deserialization/AnnotationAndConstantLoaderImpl
instanceKlass kotlin/reflect/jvm/internal/impl/serialization/deserialization/DeserializedClassDataFinder
instanceKlass kotlin/reflect/jvm/internal/impl/builtins/jvm/JvmBuiltInsPackageFragmentProvider$Companion
instanceKlass kotlin/reflect/jvm/internal/impl/serialization/deserialization/AbstractDeserializedPackageFragmentProvider
instanceKlass kotlin/reflect/jvm/internal/impl/resolve/jvm/JavaDescriptorResolver
instanceKlass kotlin/reflect/jvm/internal/impl/serialization/deserialization/ClassDeserializer$Companion
instanceKlass kotlin/reflect/jvm/internal/impl/serialization/deserialization/ClassDeserializer
instanceKlass kotlin/reflect/jvm/internal/impl/descriptors/deserialization/PlatformDependentTypeTransformer$None
instanceKlass kotlin/reflect/jvm/internal/impl/descriptors/deserialization/PlatformDependentTypeTransformer
instanceKlass kotlin/reflect/jvm/internal/impl/protobuf/ExtensionRegistryLite$ObjectIntPair
instanceKlass kotlin/reflect/jvm/internal/impl/metadata/ProtoBuf$PackageOrBuilder
instanceKlass kotlin/reflect/jvm/internal/impl/metadata/ProtoBuf$VersionRequirementTableOrBuilder
instanceKlass kotlin/reflect/jvm/internal/impl/metadata/ProtoBuf$ClassOrBuilder
instanceKlass kotlin/reflect/jvm/internal/impl/metadata/ProtoBuf$TypeParameter$Variance$1
instanceKlass kotlin/reflect/jvm/internal/impl/protobuf/Internal$EnumLiteMap
instanceKlass kotlin/reflect/jvm/internal/impl/metadata/ProtoBuf$TypeParameterOrBuilder
instanceKlass kotlin/reflect/jvm/internal/impl/metadata/ProtoBuf$AnnotationOrBuilder
instanceKlass kotlin/reflect/jvm/internal/impl/metadata/jvm/JvmProtoBuf$JvmFieldSignatureOrBuilder
instanceKlass kotlin/reflect/jvm/internal/impl/metadata/jvm/JvmProtoBuf$JvmPropertySignatureOrBuilder
instanceKlass kotlin/reflect/jvm/internal/impl/metadata/ProtoBuf$ValueParameterOrBuilder
instanceKlass kotlin/reflect/jvm/internal/impl/metadata/ProtoBuf$PropertyOrBuilder
instanceKlass kotlin/reflect/jvm/internal/impl/metadata/ProtoBuf$ContractOrBuilder
instanceKlass kotlin/reflect/jvm/internal/impl/metadata/ProtoBuf$TypeTableOrBuilder
instanceKlass kotlin/reflect/jvm/internal/impl/metadata/ProtoBuf$TypeOrBuilder
instanceKlass kotlin/reflect/jvm/internal/impl/metadata/ProtoBuf$FunctionOrBuilder
instanceKlass kotlin/reflect/jvm/internal/impl/protobuf/Internal$EnumLite
instanceKlass kotlin/reflect/jvm/internal/impl/protobuf/GeneratedMessageLite$ExtensionDescriptor
instanceKlass kotlin/reflect/jvm/internal/impl/protobuf/GeneratedMessageLite$GeneratedExtension
instanceKlass java/lang/Long$LongCache
instanceKlass kotlin/reflect/jvm/internal/impl/metadata/jvm/JvmProtoBuf$JvmMethodSignatureOrBuilder
instanceKlass kotlin/reflect/jvm/internal/impl/protobuf/ByteString$ByteIterator
instanceKlass kotlin/reflect/jvm/internal/impl/protobuf/ByteString
instanceKlass kotlin/reflect/jvm/internal/impl/protobuf/SmallSortedMap$EmptySet$2
instanceKlass kotlin/reflect/jvm/internal/impl/protobuf/SmallSortedMap$EmptySet$1
instanceKlass kotlin/reflect/jvm/internal/impl/protobuf/SmallSortedMap$EmptySet
instanceKlass kotlin/reflect/jvm/internal/impl/protobuf/LazyFieldLite
instanceKlass kotlin/reflect/jvm/internal/impl/protobuf/FieldSet
instanceKlass kotlin/reflect/jvm/internal/impl/protobuf/AbstractParser
instanceKlass kotlin/reflect/jvm/internal/impl/protobuf/MessageLite$Builder
instanceKlass kotlin/reflect/jvm/internal/impl/protobuf/Parser
instanceKlass kotlin/reflect/jvm/internal/impl/protobuf/FieldSet$FieldDescriptorLite
instanceKlass kotlin/reflect/jvm/internal/impl/protobuf/AbstractMessageLite
instanceKlass kotlin/reflect/jvm/internal/impl/metadata/ProtoBuf$ConstructorOrBuilder
instanceKlass kotlin/reflect/jvm/internal/impl/protobuf/GeneratedMessageLite$ExtendableMessageOrBuilder
instanceKlass kotlin/reflect/jvm/internal/impl/protobuf/MessageLite
instanceKlass kotlin/reflect/jvm/internal/impl/protobuf/MessageLiteOrBuilder
instanceKlass kotlin/reflect/jvm/internal/impl/metadata/jvm/JvmProtoBuf
instanceKlass kotlin/reflect/jvm/internal/impl/protobuf/ExtensionRegistryLite
instanceKlass kotlin/reflect/jvm/internal/impl/metadata/jvm/deserialization/JvmProtoBufUtil
instanceKlass kotlin/reflect/jvm/internal/impl/utils/WrappedValues$ThrowableWrapper
instanceKlass kotlin/reflect/jvm/internal/impl/types/KotlinTypeFactory
instanceKlass java/util/Collections$UnmodifiableCollection$1
instanceKlass kotlin/reflect/jvm/internal/impl/descriptors/PropertyGetterDescriptor
instanceKlass kotlin/reflect/jvm/internal/impl/descriptors/FieldDescriptor
instanceKlass kotlin/reflect/jvm/internal/impl/descriptors/PropertySetterDescriptor
instanceKlass kotlin/reflect/jvm/internal/impl/types/ErrorUtils$2
instanceKlass kotlin/reflect/jvm/internal/impl/types/ErrorUtils$ErrorScope
instanceKlass kotlin/reflect/jvm/internal/impl/util/ModuleVisibilityHelper$EMPTY
instanceKlass kotlin/reflect/jvm/internal/impl/descriptors/DescriptorVisibilities$12
instanceKlass kotlin/reflect/jvm/internal/impl/descriptors/DescriptorVisibilities$11
instanceKlass kotlin/reflect/jvm/internal/impl/descriptors/DescriptorVisibilities$10
instanceKlass kotlin/reflect/jvm/internal/impl/util/ModuleVisibilityHelper
instanceKlass kotlin/reflect/jvm/internal/impl/descriptors/DescriptorVisibility
instanceKlass kotlin/reflect/jvm/internal/impl/descriptors/Visibility
instanceKlass kotlin/reflect/jvm/internal/impl/descriptors/DescriptorVisibilities
instanceKlass kotlin/reflect/jvm/internal/impl/resolve/scopes/receivers/ReceiverValue
instanceKlass kotlin/reflect/jvm/internal/impl/descriptors/FunctionDescriptor$CopyBuilder
instanceKlass kotlin/reflect/jvm/internal/impl/descriptors/ClassConstructorDescriptor
instanceKlass kotlin/reflect/jvm/internal/impl/descriptors/ConstructorDescriptor
instanceKlass kotlin/reflect/jvm/internal/impl/types/ErrorUtils$1
instanceKlass kotlin/reflect/jvm/internal/impl/descriptors/SimpleFunctionDescriptor
instanceKlass kotlin/reflect/jvm/internal/impl/descriptors/PropertyDescriptor
instanceKlass kotlin/reflect/jvm/internal/impl/descriptors/VariableDescriptorWithAccessors
instanceKlass kotlin/reflect/jvm/internal/impl/descriptors/VariableDescriptor
instanceKlass kotlin/reflect/jvm/internal/impl/types/ErrorUtils
instanceKlass kotlin/reflect/jvm/internal/impl/types/TypeProjection
instanceKlass kotlin/reflect/jvm/internal/impl/types/model/TypeArgumentMarker
instanceKlass kotlin/reflect/jvm/internal/impl/types/TypeUtils
instanceKlass kotlin/reflect/jvm/internal/impl/descriptors/impl/AbstractClassDescriptor$1$1
instanceKlass kotlin/reflect/jvm/internal/impl/types/checker/KotlinTypeRefinerKt
instanceKlass kotlin/reflect/jvm/internal/impl/resolve/descriptorUtil/DescriptorUtilsKt
instanceKlass kotlin/reflect/jvm/internal/impl/resolve/DescriptorUtils
instanceKlass kotlin/reflect/jvm/internal/impl/resolve/scopes/MemberScopeImpl
instanceKlass java/util/Collections$UnmodifiableCollection
instanceKlass kotlin/reflect/jvm/internal/impl/types/ClassifierBasedTypeConstructor
instanceKlass kotlin/reflect/jvm/internal/impl/descriptors/ReceiverParameterDescriptor
instanceKlass kotlin/reflect/jvm/internal/impl/descriptors/ParameterDescriptor
instanceKlass kotlin/reflect/jvm/internal/impl/descriptors/ValueDescriptor
instanceKlass kotlin/reflect/jvm/internal/impl/descriptors/impl/AbstractClassDescriptor$3
instanceKlass kotlin/reflect/jvm/internal/impl/descriptors/impl/AbstractClassDescriptor$2
instanceKlass kotlin/reflect/jvm/internal/impl/descriptors/impl/AbstractClassDescriptor$1
instanceKlass kotlin/reflect/jvm/internal/impl/descriptors/Modality$Companion
instanceKlass kotlin/reflect/jvm/internal/impl/descriptors/impl/ModuleAwareClassDescriptor$Companion
instanceKlass kotlin/reflect/jvm/internal/impl/types/TypeConstructor
instanceKlass kotlin/reflect/jvm/internal/impl/types/model/TypeConstructorMarker
instanceKlass kotlin/reflect/jvm/internal/impl/resolve/scopes/MemberScope
instanceKlass kotlin/reflect/jvm/internal/impl/resolve/scopes/ResolutionScope
instanceKlass kotlin/reflect/jvm/internal/impl/descriptors/impl/ModuleAwareClassDescriptor
instanceKlass kotlin/reflect/jvm/internal/impl/descriptors/ClassDescriptor
instanceKlass kotlin/reflect/jvm/internal/impl/descriptors/ClassifierDescriptorWithTypeParameters
instanceKlass kotlin/reflect/jvm/internal/impl/descriptors/PackageViewDescriptor
instanceKlass kotlin/reflect/jvm/internal/impl/renderer/RenderingUtilsKt
instanceKlass kotlin/reflect/jvm/internal/impl/descriptors/ModuleDescriptor$DefaultImpls
instanceKlass kotlin/reflect/jvm/internal/impl/renderer/DescriptorRendererImpl$RenderDeclarationDescriptorVisitor
instanceKlass kotlin/reflect/jvm/internal/impl/descriptors/DeclarationDescriptorVisitor
instanceKlass kotlin/reflect/jvm/internal/impl/renderer/ClassifierNamePolicy$FULLY_QUALIFIED
instanceKlass kotlin/reflect/jvm/internal/impl/renderer/ClassifierNamePolicy$SHORT
instanceKlass kotlin/reflect/jvm/internal/impl/renderer/ExcludedTypeAnnotations
instanceKlass kotlin/reflect/jvm/internal/impl/renderer/DescriptorRenderer$ValueParametersHandler$DEFAULT
instanceKlass kotlin/reflect/jvm/internal/impl/renderer/DescriptorRenderer$ValueParametersHandler
instanceKlass kotlin/reflect/jvm/internal/impl/renderer/DescriptorRendererModifier$Companion
instanceKlass kotlin/properties/ObservableProperty
instanceKlass kotlin/properties/ReadWriteProperty
instanceKlass kotlin/properties/ReadOnlyProperty
instanceKlass kotlin/properties/Delegates
instanceKlass kotlin/reflect/jvm/internal/impl/renderer/ClassifierNamePolicy$SOURCE_CODE_QUALIFIED
instanceKlass kotlin/reflect/jvm/internal/impl/renderer/ClassifierNamePolicy
instanceKlass kotlin/reflect/jvm/internal/impl/renderer/DescriptorRendererOptionsImpl
instanceKlass kotlin/reflect/jvm/internal/impl/renderer/DescriptorRendererOptions
instanceKlass kotlin/reflect/jvm/internal/impl/renderer/DescriptorRenderer$Companion
instanceKlass kotlin/reflect/jvm/internal/impl/renderer/DescriptorRenderer
instanceKlass kotlin/reflect/jvm/internal/impl/descriptors/SourceElement$1
instanceKlass kotlin/reflect/jvm/internal/impl/descriptors/SourceElement
instanceKlass kotlin/reflect/jvm/internal/impl/descriptors/PackageFragmentDescriptor
instanceKlass kotlin/reflect/jvm/internal/impl/descriptors/ClassOrPackageFragmentDescriptor
instanceKlass kotlin/reflect/jvm/internal/impl/builtins/jvm/JavaToKotlinClassMapper
instanceKlass kotlin/reflect/jvm/internal/impl/builtins/jvm/JvmBuiltInsCustomizer
instanceKlass kotlin/reflect/jvm/internal/impl/storage/StorageKt
instanceKlass kotlin/reflect/jvm/internal/impl/load/kotlin/JavaFlexibleTypeDeserializer
instanceKlass kotlin/reflect/jvm/internal/impl/serialization/deserialization/FlexibleTypeDeserializer
instanceKlass kotlin/reflect/jvm/internal/impl/serialization/deserialization/LocalClassifierTypeSettings$Default
instanceKlass kotlin/reflect/jvm/internal/impl/serialization/deserialization/LocalClassifierTypeSettings
instanceKlass kotlin/reflect/jvm/internal/impl/serialization/deserialization/DeserializationComponents
instanceKlass kotlin/reflect/jvm/internal/impl/serialization/deserialization/ContractDeserializer$Companion$DEFAULT$1
instanceKlass kotlin/reflect/jvm/internal/impl/serialization/deserialization/ContractDeserializer$Companion
instanceKlass kotlin/reflect/jvm/internal/impl/serialization/deserialization/ContractDeserializer
instanceKlass kotlin/reflect/jvm/internal/impl/serialization/deserialization/DeserializationConfiguration$Default
instanceKlass kotlin/reflect/jvm/internal/impl/serialization/deserialization/DeserializationConfiguration
instanceKlass kotlin/reflect/jvm/internal/impl/resolve/constants/ConstantValue
instanceKlass kotlin/reflect/jvm/internal/impl/serialization/deserialization/AnnotationDeserializer
instanceKlass kotlin/reflect/jvm/internal/impl/load/kotlin/AbstractBinaryClassAnnotationAndConstantLoader
instanceKlass kotlin/reflect/jvm/internal/impl/serialization/deserialization/AnnotationAndConstantLoader
instanceKlass kotlin/reflect/jvm/internal/impl/load/kotlin/JavaClassDataFinder
instanceKlass kotlin/reflect/jvm/internal/impl/serialization/deserialization/ClassDataFinder
instanceKlass kotlin/reflect/jvm/internal/impl/load/java/lazy/types/JavaTypeAttributes
instanceKlass kotlin/reflect/jvm/internal/impl/load/java/lazy/types/JavaTypeResolverKt
instanceKlass kotlin/reflect/jvm/internal/impl/load/java/lazy/types/RawSubstitution$Companion
instanceKlass kotlin/reflect/jvm/internal/impl/types/TypeSubstitution$Companion
instanceKlass kotlin/reflect/jvm/internal/impl/types/TypeSubstitution
instanceKlass kotlin/reflect/jvm/internal/impl/load/java/lazy/types/TypeParameterUpperBoundEraser
instanceKlass kotlin/reflect/jvm/internal/impl/load/java/lazy/types/JavaTypeResolver
instanceKlass kotlin/InitializedLazyImpl
instanceKlass kotlin/reflect/jvm/internal/impl/load/java/lazy/TypeParameterResolver$EMPTY
instanceKlass kotlin/reflect/jvm/internal/impl/load/java/lazy/TypeParameterResolver
instanceKlass kotlin/reflect/jvm/internal/impl/load/java/lazy/LazyJavaResolverContext
instanceKlass kotlin/reflect/jvm/internal/impl/load/java/lazy/LazyJavaPackageFragmentProvider
instanceKlass kotlin/reflect/jvm/internal/impl/descriptors/PackageFragmentProviderOptimized
instanceKlass kotlin/reflect/jvm/internal/impl/descriptors/PackageFragmentProvider
instanceKlass kotlin/reflect/jvm/internal/impl/resolve/jvm/CompositeSyntheticJavaPartsProvider
instanceKlass kotlin/reflect/jvm/internal/impl/resolve/jvm/SyntheticJavaPartsProvider$Companion
instanceKlass kotlin/reflect/jvm/internal/impl/resolve/jvm/SyntheticJavaPartsProvider
instanceKlass kotlin/reflect/jvm/internal/impl/load/kotlin/DeserializationComponentsForJavaKt$makeLazyJavaPackageFragmentProvider$javaResolverComponents$1
instanceKlass kotlin/reflect/jvm/internal/impl/load/java/lazy/JavaModuleAnnotationsProvider
instanceKlass kotlin/reflect/jvm/internal/impl/resolve/OverridingUtil$1
instanceKlass kotlin/reflect/jvm/internal/impl/load/java/JavaIncompatibilityRulesOverridabilityCondition$Companion
instanceKlass kotlin/reflect/jvm/internal/impl/load/java/JavaIncompatibilityRulesOverridabilityCondition
instanceKlass kotlin/reflect/jvm/internal/impl/load/java/ErasedOverridabilityCondition
instanceKlass java/util/ServiceLoader$ProviderImpl
instanceKlass java/util/ServiceLoader$Provider
instanceKlass java/util/ServiceLoader$1
instanceKlass kotlin/reflect/jvm/internal/impl/load/java/FieldOverridabilityCondition
instanceKlass sun/net/www/MessageHeader
instanceKlass sun/net/www/protocol/jar/JarFileFactory
instanceKlass sun/net/www/protocol/jar/URLJarFile$URLJarFileCloseController
instanceKlass jdk/internal/loader/URLClassPath$1
instanceKlass java/lang/CompoundEnumeration
instanceKlass jdk/internal/loader/BuiltinClassLoader$1
instanceKlass java/util/Collections$EmptyEnumeration
instanceKlass java/util/Collections$EmptyIterator
instanceKlass java/util/ServiceLoader$3
instanceKlass java/util/ServiceLoader$2
instanceKlass java/util/ServiceLoader$LazyClassPathLookupIterator
instanceKlass java/util/Spliterators$1Adapter
instanceKlass java/util/stream/StreamOpFlag$MaskBuilder
instanceKlass java/util/stream/PipelineHelper
instanceKlass java/util/stream/Stream
instanceKlass java/util/stream/BaseStream
instanceKlass java/util/stream/StreamSupport
instanceKlass java/util/Spliterators$ArraySpliterator
instanceKlass java/util/Spliterator$OfDouble
instanceKlass java/util/Spliterator$OfLong
instanceKlass java/util/Spliterator$OfInt
instanceKlass java/util/Spliterator$OfPrimitive
instanceKlass java/util/Spliterators$EmptySpliterator
instanceKlass java/util/Spliterator
instanceKlass java/util/Spliterators
instanceKlass java/util/ServiceLoader$ModuleServicesLookupIterator
instanceKlass java/util/ServiceLoader
instanceKlass kotlin/reflect/jvm/internal/impl/resolve/ExternalOverridabilityCondition
instanceKlass kotlin/reflect/jvm/internal/impl/descriptors/PropertyAccessorDescriptor
instanceKlass kotlin/reflect/jvm/internal/impl/descriptors/VariableAccessorDescriptor
instanceKlass kotlin/reflect/jvm/internal/impl/descriptors/FunctionDescriptor
instanceKlass kotlin/reflect/jvm/internal/impl/descriptors/CallableMemberDescriptor
instanceKlass kotlin/reflect/jvm/internal/impl/descriptors/MemberDescriptor
instanceKlass kotlin/reflect/jvm/internal/impl/descriptors/CallableDescriptor
instanceKlass kotlin/reflect/jvm/internal/impl/descriptors/Substitutable
instanceKlass kotlin/reflect/jvm/internal/impl/descriptors/DeclarationDescriptorWithVisibility
instanceKlass kotlin/reflect/jvm/internal/impl/types/checker/KotlinTypeChecker$TypeConstructorEquality
instanceKlass kotlin/reflect/jvm/internal/impl/resolve/OverridingUtil
instanceKlass kotlin/reflect/jvm/internal/impl/types/AbstractTypePreparator
instanceKlass kotlin/reflect/jvm/internal/impl/types/AbstractTypeRefiner
instanceKlass kotlin/reflect/jvm/internal/impl/types/checker/NewKotlinTypeCheckerImpl
instanceKlass kotlin/reflect/jvm/internal/impl/types/checker/NewKotlinTypeChecker$Companion
instanceKlass kotlin/reflect/jvm/internal/impl/types/checker/NewKotlinTypeChecker
instanceKlass kotlin/reflect/jvm/internal/impl/types/checker/KotlinTypeChecker
instanceKlass kotlin/reflect/jvm/internal/impl/load/java/JavaClassesTracker$Default
instanceKlass kotlin/reflect/jvm/internal/impl/load/java/JavaClassesTracker
instanceKlass kotlin/reflect/jvm/internal/impl/load/java/lazy/JavaResolverSettings$Default
instanceKlass kotlin/reflect/jvm/internal/impl/load/java/lazy/JavaResolverSettings
instanceKlass kotlin/reflect/jvm/internal/impl/load/java/typeEnhancement/JavaTypeEnhancement
instanceKlass kotlin/reflect/jvm/internal/impl/load/java/typeEnhancement/SignatureEnhancement
instanceKlass kotlin/reflect/jvm/internal/impl/builtins/ReflectionTypes$ClassLookup
instanceKlass kotlin/reflect/jvm/internal/impl/builtins/ReflectionTypes$Companion
instanceKlass kotlin/reflect/jvm/internal/impl/builtins/ReflectionTypes
instanceKlass kotlin/reflect/jvm/internal/impl/incremental/components/LookupTracker$DO_NOTHING
instanceKlass kotlin/reflect/jvm/internal/impl/incremental/components/LookupTracker
instanceKlass kotlin/reflect/jvm/internal/impl/descriptors/SupertypeLoopChecker$EMPTY
instanceKlass kotlin/reflect/jvm/internal/impl/descriptors/SupertypeLoopChecker
instanceKlass kotlin/reflect/jvm/internal/impl/storage/LockBasedStorageManager$CacheWithNullableValuesBasedOnMemoizedFunction$1
instanceKlass kotlin/reflect/jvm/internal/impl/resolve/sam/SamConversionResolverImpl
instanceKlass kotlin/reflect/jvm/internal/impl/resolve/sam/SamConversionResolver
instanceKlass kotlin/reflect/jvm/internal/impl/load/java/components/JavaPropertyInitializerEvaluator$DoNothing
instanceKlass kotlin/reflect/jvm/internal/impl/load/java/components/JavaPropertyInitializerEvaluator
instanceKlass kotlin/reflect/jvm/internal/impl/load/java/components/JavaResolverCache$1
instanceKlass kotlin/reflect/jvm/internal/impl/load/java/components/JavaResolverCache
instanceKlass kotlin/reflect/jvm/internal/impl/load/java/components/SignaturePropagator$1
instanceKlass kotlin/reflect/jvm/internal/impl/load/java/components/SignaturePropagator
instanceKlass kotlin/reflect/jvm/internal/impl/load/java/lazy/JavaResolverComponents
instanceKlass kotlin/reflect/jvm/internal/impl/utils/WrappedValues$1
instanceKlass kotlin/reflect/jvm/internal/impl/utils/WrappedValues
instanceKlass kotlin/collections/EmptyIterator
instanceKlass kotlin/reflect/jvm/internal/impl/load/java/NullabilityAnnotationStates$Companion
instanceKlass kotlin/reflect/jvm/internal/impl/load/java/Jsr305Settings
instanceKlass kotlin/KotlinVersionCurrentValue
instanceKlass kotlin/KotlinVersion$Companion
instanceKlass kotlin/KotlinVersion
instanceKlass kotlin/reflect/jvm/internal/impl/load/java/ReportLevel$Companion
instanceKlass kotlin/reflect/jvm/internal/impl/load/java/JavaNullabilityAnnotationsStatus$Companion
instanceKlass kotlin/reflect/jvm/internal/impl/load/java/JavaNullabilityAnnotationsStatus
instanceKlass kotlin/reflect/jvm/internal/impl/load/java/NullabilityAnnotationStatesImpl
instanceKlass kotlin/reflect/jvm/internal/impl/load/java/NullabilityAnnotationStates
instanceKlass kotlin/reflect/jvm/internal/impl/load/java/JavaNullabilityAnnotationSettingsKt
instanceKlass kotlin/reflect/jvm/internal/impl/load/java/JavaTypeEnhancementState$Companion
instanceKlass kotlin/reflect/jvm/internal/impl/load/java/JavaTypeEnhancementState
instanceKlass kotlin/reflect/jvm/internal/impl/load/java/AnnotationTypeQualifierResolver
instanceKlass kotlin/reflect/jvm/internal/impl/load/kotlin/PackagePartProvider$Empty
instanceKlass kotlin/reflect/jvm/internal/impl/load/kotlin/PackagePartProvider
instanceKlass kotlin/reflect/jvm/internal/impl/load/kotlin/DeserializationComponentsForJavaKt
instanceKlass kotlin/reflect/jvm/internal/impl/descriptors/NotFoundClasses
instanceKlass kotlin/reflect/jvm/internal/impl/load/java/lazy/SingleModuleClassResolver
instanceKlass kotlin/reflect/jvm/internal/impl/load/java/lazy/ModuleClassResolver
instanceKlass kotlin/reflect/jvm/internal/impl/metadata/jvm/deserialization/JvmMetadataVersion$Companion
instanceKlass kotlin/reflect/jvm/internal/impl/metadata/deserialization/BinaryVersion$Companion
instanceKlass kotlin/reflect/jvm/internal/impl/metadata/deserialization/BinaryVersion
instanceKlass kotlin/reflect/jvm/internal/impl/load/kotlin/header/KotlinClassHeader$Kind$Companion
instanceKlass kotlin/reflect/jvm/internal/impl/load/kotlin/DeserializedDescriptorResolver$Companion
instanceKlass kotlin/reflect/jvm/internal/impl/load/kotlin/DeserializedDescriptorResolver
instanceKlass kotlin/reflect/jvm/internal/impl/builtins/KotlinBuiltIns$4
instanceKlass kotlin/reflect/jvm/internal/impl/descriptors/impl/PackageViewDescriptorFactory$Default
instanceKlass kotlin/reflect/jvm/internal/impl/descriptors/ModuleCapability
instanceKlass kotlin/reflect/jvm/internal/impl/descriptors/impl/PackageViewDescriptorFactory$Companion
instanceKlass kotlin/reflect/jvm/internal/impl/descriptors/impl/PackageViewDescriptorFactory
instanceKlass kotlin/reflect/jvm/internal/impl/descriptors/annotations/Annotations$Companion$EMPTY$1
instanceKlass kotlin/reflect/jvm/internal/impl/descriptors/annotations/Annotations$Companion
instanceKlass kotlin/reflect/jvm/internal/impl/descriptors/annotations/Annotations
instanceKlass kotlin/reflect/jvm/internal/impl/descriptors/annotations/AnnotatedImpl
instanceKlass kotlin/reflect/jvm/internal/impl/builtins/jvm/JvmBuiltIns$WhenMappings
instanceKlass kotlin/reflect/jvm/internal/impl/storage/LockBasedStorageManager$MapBasedMemoizedFunction
instanceKlass kotlin/reflect/jvm/internal/impl/builtins/KotlinBuiltIns$3
instanceKlass kotlin/reflect/jvm/internal/impl/builtins/KotlinBuiltIns$2
instanceKlass kotlin/reflect/jvm/internal/impl/storage/LockBasedStorageManager$LockBasedLazyValue
instanceKlass kotlin/reflect/jvm/internal/impl/builtins/KotlinBuiltIns$1
instanceKlass kotlin/reflect/jvm/internal/impl/incremental/components/LookupLocation
instanceKlass kotlin/reflect/jvm/internal/impl/descriptors/ModuleDescriptor
instanceKlass kotlin/reflect/jvm/internal/impl/descriptors/deserialization/AdditionalClassPartsProvider
instanceKlass kotlin/reflect/jvm/internal/impl/types/model/TypeArgumentListMarker
instanceKlass kotlin/reflect/jvm/internal/impl/types/model/SimpleTypeMarker
instanceKlass kotlin/reflect/jvm/internal/impl/types/KotlinType
instanceKlass kotlin/reflect/jvm/internal/impl/types/model/KotlinTypeMarker
instanceKlass kotlin/reflect/jvm/internal/impl/descriptors/ClassifierDescriptor
instanceKlass kotlin/reflect/jvm/internal/impl/descriptors/DeclarationDescriptorNonRoot
instanceKlass kotlin/reflect/jvm/internal/impl/descriptors/DeclarationDescriptorWithSource
instanceKlass kotlin/reflect/jvm/internal/impl/descriptors/deserialization/PlatformDependentDeclarationFilter
instanceKlass kotlin/reflect/jvm/internal/impl/descriptors/DeclarationDescriptor
instanceKlass kotlin/reflect/jvm/internal/impl/descriptors/annotations/Annotated
instanceKlass kotlin/reflect/jvm/internal/impl/descriptors/Named
instanceKlass kotlin/reflect/jvm/internal/impl/builtins/KotlinBuiltIns
instanceKlass kotlin/reflect/jvm/internal/impl/storage/DefaultSimpleLock
instanceKlass kotlin/reflect/jvm/internal/impl/storage/SimpleLock$Companion
instanceKlass kotlin/reflect/jvm/internal/impl/storage/EmptySimpleLock
instanceKlass kotlin/reflect/jvm/internal/impl/storage/LockBasedStorageManager$ExceptionHandlingStrategy$1
instanceKlass kotlin/reflect/jvm/internal/impl/storage/LockBasedStorageManager$ExceptionHandlingStrategy
instanceKlass kotlin/reflect/jvm/internal/impl/storage/NullableLazyValue
instanceKlass kotlin/reflect/jvm/internal/impl/storage/MemoizedFunctionToNotNull
instanceKlass kotlin/reflect/jvm/internal/impl/storage/CacheWithNullableValues
instanceKlass kotlin/reflect/jvm/internal/impl/storage/CacheWithNotNullValues
instanceKlass kotlin/reflect/jvm/internal/impl/storage/NotNullLazyValue
instanceKlass kotlin/reflect/jvm/internal/impl/storage/MemoizedFunctionToNullable
instanceKlass kotlin/reflect/jvm/internal/impl/storage/SimpleLock
instanceKlass kotlin/reflect/jvm/internal/impl/storage/LockBasedStorageManager
instanceKlass kotlin/reflect/jvm/internal/impl/storage/StorageManager
instanceKlass kotlin/reflect/jvm/internal/impl/descriptors/runtime/components/RuntimeSourceElementFactory
instanceKlass kotlin/reflect/jvm/internal/impl/load/java/sources/JavaSourceElementFactory
instanceKlass kotlin/reflect/jvm/internal/impl/descriptors/runtime/components/RuntimeErrorReporter
instanceKlass kotlin/reflect/jvm/internal/impl/serialization/deserialization/ErrorReporter
instanceKlass kotlin/reflect/jvm/internal/impl/descriptors/runtime/components/ReflectJavaClassFinder
instanceKlass kotlin/reflect/jvm/internal/impl/load/java/JavaClassFinder
instanceKlass kotlin/Unit
instanceKlass kotlin/reflect/jvm/internal/impl/load/kotlin/DeserializationComponentsForJava$Companion
instanceKlass kotlin/reflect/jvm/internal/impl/load/kotlin/DeserializationComponentsForJava
instanceKlass kotlin/reflect/jvm/internal/impl/serialization/deserialization/builtins/BuiltInsResourceLoader
instanceKlass kotlin/reflect/jvm/internal/impl/descriptors/runtime/components/ReflectKotlinClassFinder
instanceKlass kotlin/reflect/jvm/internal/impl/load/kotlin/KotlinClassFinder
instanceKlass kotlin/reflect/jvm/internal/impl/serialization/deserialization/KotlinMetadataFinder
instanceKlass kotlin/reflect/jvm/internal/impl/descriptors/runtime/components/RuntimeModuleData$Companion
instanceKlass kotlin/reflect/jvm/internal/impl/descriptors/runtime/components/RuntimeModuleData
instanceKlass kotlin/reflect/jvm/internal/WeakClassLoaderBox
instanceKlass kotlin/reflect/jvm/internal/ModuleByClassLoaderKt
instanceKlass kotlin/reflect/jvm/internal/impl/name/SpecialNames
instanceKlass kotlin/reflect/jvm/internal/impl/builtins/CompanionObjectMapping
instanceKlass java/util/EnumMap$1
instanceKlass kotlin/reflect/jvm/internal/impl/name/FqNamesUtilKt
instanceKlass kotlin/reflect/jvm/internal/impl/utils/CollectionsKt
instanceKlass kotlin/reflect/jvm/internal/impl/builtins/PrimitiveType$Companion
instanceKlass kotlin/reflect/jvm/internal/impl/builtins/StandardNames$FqNames
instanceKlass kotlin/reflect/jvm/internal/impl/builtins/jvm/JavaToKotlinClassMap$PlatformMutabilityMapping
instanceKlass kotlin/reflect/jvm/internal/impl/builtins/functions/FunctionClassKind$Companion
instanceKlass kotlin/collections/SetsKt__SetsJVMKt
instanceKlass kotlin/reflect/jvm/internal/impl/builtins/StandardNames
instanceKlass kotlin/reflect/jvm/internal/impl/builtins/jvm/JavaToKotlinClassMap
instanceKlass kotlin/jvm/functions/Function22
instanceKlass kotlin/jvm/functions/Function21
instanceKlass kotlin/jvm/functions/Function20
instanceKlass kotlin/jvm/functions/Function19
instanceKlass kotlin/jvm/functions/Function18
instanceKlass kotlin/jvm/functions/Function17
instanceKlass kotlin/jvm/functions/Function16
instanceKlass kotlin/jvm/functions/Function15
instanceKlass kotlin/jvm/functions/Function14
instanceKlass kotlin/jvm/functions/Function13
instanceKlass kotlin/jvm/functions/Function12
instanceKlass kotlin/jvm/functions/Function11
instanceKlass kotlin/jvm/functions/Function10
instanceKlass kotlin/jvm/functions/Function9
instanceKlass kotlin/jvm/functions/Function8
instanceKlass kotlin/jvm/functions/Function7
instanceKlass kotlin/jvm/functions/Function6
instanceKlass kotlin/jvm/functions/Function5
instanceKlass kotlin/jvm/functions/Function4
instanceKlass kotlin/jvm/functions/Function3
instanceKlass kotlin/Pair
instanceKlass kotlin/TuplesKt
instanceKlass kotlin/reflect/jvm/internal/impl/descriptors/runtime/structure/ReflectClassUtilKt
instanceKlass kotlin/reflect/jvm/internal/KDeclarationContainerImpl$Data
instanceKlass kotlin/text/RegexKt
instanceKlass java/util/regex/IntHashSet
instanceKlass java/util/regex/Matcher
instanceKlass java/util/regex/MatchResult
instanceKlass kotlin/reflect/jvm/internal/impl/name/ClassId
instanceKlass kotlin/reflect/jvm/internal/RuntimeTypeMapper
instanceKlass sun/reflect/misc/ReflectUtil
instanceKlass java/util/concurrent/atomic/AtomicReferenceFieldUpdater$AtomicReferenceFieldUpdaterImpl$1
instanceKlass java/util/concurrent/atomic/AtomicReferenceFieldUpdater
instanceKlass kotlin/SafePublicationLazyImpl$Companion
instanceKlass kotlin/SafePublicationLazyImpl
instanceKlass kotlin/LazyKt__LazyJVMKt$WhenMappings
instanceKlass kotlin/reflect/jvm/internal/KPropertyImpl$Companion
instanceKlass kotlin/reflect/jvm/internal/KCallableImpl
instanceKlass kotlin/reflect/jvm/internal/impl/name/FqNameUnsafe$1
instanceKlass kotlin/reflect/jvm/internal/impl/name/Name
instanceKlass kotlin/reflect/jvm/internal/impl/name/FqNameUnsafe
instanceKlass kotlin/reflect/jvm/internal/impl/name/FqName
instanceKlass kotlin/reflect/jvm/internal/UtilKt
instanceKlass kotlin/reflect/jvm/ReflectJvmMapping
instanceKlass org/jetbrains/kotlin/cli/common/arguments/ArgumentUtilsKt
instanceKlass kotlin/reflect/KMutableProperty$Setter
instanceKlass kotlin/reflect/KProperty$Getter
instanceKlass kotlin/reflect/KProperty$Accessor
instanceKlass org/jetbrains/kotlin/cli/common/ArgumentsKt
instanceKlass java/net/URLConnection
instanceKlass org/jetbrains/kotlin/cli/common/messages/PrintingMessageCollector
instanceKlass kotlin/jvm/internal/CollectionToArray
# instanceKlass java/lang/invoke/LambdaForm$MH+0x00000008000aec00
# instanceKlass java/lang/invoke/LambdaForm$MH+0x00000008000ae800
# instanceKlass java/lang/invoke/LambdaForm$MH+0x00000008000ae400
# instanceKlass java/lang/invoke/LambdaForm$DMH+0x00000008000ae000
# instanceKlass java/lang/invoke/LambdaForm$MH+0x00000008000adc00
# instanceKlass java/lang/invoke/LambdaForm$MH+0x00000008000ad800
# instanceKlass java/lang/invoke/LambdaForm$MH+0x00000008000ad400
# instanceKlass java/lang/invoke/LambdaForm$BMH+0x00000008000ad000
# instanceKlass java/lang/invoke/LambdaForm$MH+0x00000008000acc00
instanceKlass  @cpi org/jetbrains/kotlin/fir/resolve/transformers/PublishedApiEffectiveVisibilityKt 285 form vmentry <vmtarget> ; # java/lang/invoke/LambdaForm$DMH+0x00000008000ac800
instanceKlass java/lang/invoke/ClassSpecializer$Factory$1Var
instanceKlass java/lang/invoke/MethodHandles$1
# instanceKlass java/lang/invoke/LambdaForm$DMH+0x00000008000ac400
instanceKlass sun/invoke/util/ValueConversions$1
instanceKlass sun/invoke/util/ValueConversions$WrapperCache
# instanceKlass java/lang/invoke/LambdaForm$DMH+0x00000008000ac000
instanceKlass kotlin/reflect/jvm/internal/pcollections/MapEntry
instanceKlass kotlin/reflect/jvm/internal/ReflectProperties$Val$1
instanceKlass kotlin/reflect/jvm/internal/ReflectProperties$Val
instanceKlass kotlin/reflect/jvm/internal/ReflectProperties
instanceKlass kotlin/jvm/internal/Lambda
instanceKlass  @bci java/util/regex/CharPredicates ASCII_DIGIT ()Ljava/util/regex/Pattern$BmpCharPredicate; 0 <appendix> argL0 ; # java/util/regex/CharPredicates$$Lambda+0x00000008000eef38
instanceKlass java/util/regex/CharPredicates
instanceKlass kotlin/text/Regex$Companion
instanceKlass kotlin/text/Regex
instanceKlass kotlin/jvm/internal/DefaultConstructorMarker
instanceKlass kotlin/reflect/jvm/internal/KDeclarationContainerImpl$Companion
instanceKlass kotlin/reflect/jvm/internal/KTypeParameterOwnerImpl
instanceKlass kotlin/reflect/jvm/internal/KClassifierImpl
instanceKlass kotlin/reflect/jvm/internal/pcollections/ConsPStack
instanceKlass kotlin/reflect/jvm/internal/pcollections/IntTree
instanceKlass kotlin/reflect/jvm/internal/pcollections/IntTreePMap
instanceKlass kotlin/reflect/jvm/internal/pcollections/HashPMap
instanceKlass kotlin/reflect/jvm/internal/KClassCacheKt
instanceKlass kotlin/reflect/jvm/internal/KDeclarationContainerImpl
instanceKlass kotlin/jvm/internal/ClassBasedDeclarationContainer
instanceKlass kotlin/reflect/KMutableProperty0
instanceKlass kotlin/reflect/KTypeParameter
instanceKlass kotlin/reflect/KMutableProperty1
instanceKlass kotlin/reflect/KMutableProperty2
instanceKlass kotlin/reflect/KMutableProperty
instanceKlass kotlin/reflect/KType
instanceKlass kotlin/reflect/KProperty0
instanceKlass kotlin/reflect/KProperty2
instanceKlass kotlin/reflect/KProperty1
instanceKlass kotlin/reflect/KProperty
instanceKlass kotlin/reflect/KClass
instanceKlass kotlin/jvm/internal/ReflectionFactory
instanceKlass kotlin/reflect/KClassifier
instanceKlass kotlin/jvm/internal/Reflection
instanceKlass kotlin/jvm/JvmClassMappingKt
# instanceKlass java/lang/invoke/LambdaForm$MH+0x00000008000a4000
instanceKlass java/lang/invoke/MethodHandle$1
instanceKlass org/jetbrains/kotlin/cli/common/arguments/Disables
instanceKlass  @bci sun/reflect/annotation/AnnotationParser parseAnnotationArray (ILjava/lang/Class;Ljava/nio/ByteBuffer;Ljdk/internal/reflect/ConstantPool;Ljava/lang/Class;)Ljava/lang/Object; 15 <appendix> member <vmtarget> ; # sun/reflect/annotation/AnnotationParser$$Lambda+0x00000008000edb58
instanceKlass kotlin/jvm/internal/RepeatableContainer
instanceKlass org/jetbrains/kotlin/cli/common/arguments/Enables$Container
instanceKlass org/jetbrains/kotlin/config/LanguageFeature$Companion
instanceKlass java/math/MutableBigInteger
instanceKlass org/jetbrains/kotlin/config/MavenComparableVersion$IntegerItem
instanceKlass org/jetbrains/kotlin/config/MavenComparableVersion$Item
instanceKlass org/jetbrains/kotlin/config/MavenComparableVersion
instanceKlass org/jetbrains/kotlin/config/ApiVersion$Companion
instanceKlass org/jetbrains/kotlin/config/LanguageVersion$Companion
instanceKlass org/jetbrains/kotlin/config/ApiVersion
instanceKlass org/jetbrains/kotlin/config/LanguageFeatureBehaviorAfterSinceVersion
instanceKlass org/jetbrains/kotlin/config/LanguageOrApiVersion
instanceKlass org/jetbrains/kotlin/utils/DescriptionAware
instanceKlass java/lang/annotation/Repeatable
instanceKlass kotlin/annotation/Repeatable
instanceKlass org/jetbrains/kotlin/cli/common/arguments/Enables
instanceKlass kotlin/collections/builders/MapBuilder$EntryRef
instanceKlass kotlin/jvm/internal/markers/KMutableMap$Entry
instanceKlass kotlin/collections/builders/MapBuilder$Itr
instanceKlass kotlin/jvm/internal/markers/KMutableIterator
instanceKlass org/jetbrains/kotlin/cli/common/arguments/ArgumentField
instanceKlass org/jetbrains/kotlin/util/capitalizeDecapitalize/CapitalizeDecapitalizeKt
instanceKlass kotlin/_Assertions
instanceKlass org/jetbrains/kotlin/name/ClassId$Companion
instanceKlass org/jetbrains/kotlin/name/ClassId
instanceKlass java/util/regex/Pattern$TreeInfo
instanceKlass  @bci java/util/regex/Pattern Single (I)Ljava/util/regex/Pattern$BmpCharPredicate; 1 <appendix> member <vmtarget> ; # java/util/regex/Pattern$$Lambda+0x00000008000ea110
instanceKlass java/util/regex/Pattern$BmpCharPredicate
instanceKlass java/util/regex/Pattern$CharPredicate
instanceKlass java/util/regex/Pattern$Node
instanceKlass java/util/regex/Pattern
instanceKlass org/jetbrains/kotlin/name/Name
instanceKlass org/jetbrains/kotlin/name/FqNameUnsafe$Companion
instanceKlass org/jetbrains/kotlin/name/FqNameUnsafe
instanceKlass org/jetbrains/kotlin/name/FqName$Companion
instanceKlass org/jetbrains/kotlin/name/FqName
instanceKlass org/jetbrains/kotlin/load/java/JvmAbi
instanceKlass kotlin/Metadata
instanceKlass java/lang/annotation/Target
# instanceKlass java/lang/invoke/LambdaForm$MH+0x000000080009c400
# instanceKlass java/lang/invoke/LambdaForm$MH+0x000000080009c000
instanceKlass java/lang/reflect/Proxy$ProxyBuilder$1
instanceKlass jdk/internal/org/objectweb/asm/Edge
instanceKlass  @bci java/lang/reflect/ProxyGenerator addProxyMethod (Ljava/lang/reflect/Method;Ljava/lang/Class;)V 23 <appendix> argL0 ; # java/lang/reflect/ProxyGenerator$$Lambda+0x00000008000e7050
instanceKlass  @bci java/lang/reflect/ProxyGenerator addProxyMethod (Ljava/lang/reflect/ProxyGenerator$ProxyMethod;)V 10 <appendix> argL0 ; # java/lang/reflect/ProxyGenerator$$Lambda+0x00000008000e6de0
instanceKlass java/util/StringJoiner
instanceKlass java/lang/reflect/ProxyGenerator$ProxyMethod
instanceKlass  @bci java/lang/reflect/Proxy getLoader (Ljava/lang/Module;)Ljava/lang/ClassLoader; 6 <appendix> member <vmtarget> ; # java/lang/reflect/Proxy$$Lambda+0x00000008000e6128
instanceKlass  @bci java/lang/WeakPairMap computeIfAbsent (Ljava/lang/Object;Ljava/lang/Object;Ljava/util/function/BiFunction;)Ljava/lang/Object; 18 <appendix> member <vmtarget> ; # java/lang/WeakPairMap$$Lambda+0x00000008000e5c70
instanceKlass  @bci java/lang/Module implAddExportsOrOpens (Ljava/lang/String;Ljava/lang/Module;ZZ)V 145 <appendix> argL0 ; # java/lang/Module$$Lambda+0x00000008000e5a10
instanceKlass  @bci java/lang/module/ModuleDescriptor$Builder packages (Ljava/util/Set;)Ljava/lang/module/ModuleDescriptor$Builder; 17 <appendix> argL0 ; # java/lang/module/ModuleDescriptor$Builder$$Lambda+0x00000008000e49d0
instanceKlass java/lang/WeakPairMap$Pair$Lookup
instanceKlass java/lang/WeakPairMap$Pair
instanceKlass java/lang/WeakPairMap
instanceKlass java/lang/Module$ReflectionData
instanceKlass java/util/function/Consumer
instanceKlass jdk/internal/module/Checks
instanceKlass java/lang/module/ModuleDescriptor$Builder
instanceKlass  @bci java/lang/reflect/Proxy$ProxyBuilder getDynamicModule (Ljava/lang/ClassLoader;)Ljava/lang/Module; 4 <appendix> argL0 ; # java/lang/reflect/Proxy$ProxyBuilder$$Lambda+0x00000008000e37c0
instanceKlass java/util/LinkedHashMap$LinkedHashIterator
instanceKlass java/lang/PublicMethods
instanceKlass java/util/Collections$1
instanceKlass java/lang/reflect/Proxy$ProxyBuilder
instanceKlass  @bci java/lang/reflect/Proxy getProxyConstructor (Ljava/lang/Class;Ljava/lang/ClassLoader;[Ljava/lang/Class;)Ljava/lang/reflect/Constructor; 35 <appendix> argL0 ; # java/lang/reflect/Proxy$$Lambda+0x00000008000e1f00
instanceKlass java/lang/ClassValue$Version
instanceKlass java/lang/ClassValue$Identity
instanceKlass java/lang/ClassValue
instanceKlass java/lang/reflect/Proxy
instanceKlass sun/reflect/annotation/AnnotationInvocationHandler
instanceKlass java/lang/reflect/InvocationHandler
instanceKlass sun/reflect/annotation/AnnotationParser$1
instanceKlass kotlin/annotation/Target
instanceKlass java/lang/annotation/Inherited
instanceKlass java/lang/annotation/Retention
instanceKlass sun/reflect/annotation/ExceptionProxy
instanceKlass sun/reflect/annotation/AnnotationType$1
instanceKlass sun/reflect/annotation/AnnotationType
instanceKlass java/lang/reflect/GenericArrayType
instanceKlass sun/reflect/generics/visitor/Reifier
instanceKlass sun/reflect/generics/visitor/TypeTreeVisitor
instanceKlass sun/reflect/generics/factory/CoreReflectionFactory
instanceKlass sun/reflect/generics/factory/GenericsFactory
instanceKlass sun/reflect/generics/scope/AbstractScope
instanceKlass sun/reflect/generics/scope/Scope
instanceKlass sun/reflect/generics/tree/ClassTypeSignature
instanceKlass sun/reflect/generics/tree/SimpleClassTypeSignature
instanceKlass sun/reflect/generics/tree/FieldTypeSignature
instanceKlass sun/reflect/generics/tree/BaseType
instanceKlass sun/reflect/generics/tree/TypeSignature
instanceKlass sun/reflect/generics/tree/ReturnType
instanceKlass sun/reflect/generics/tree/TypeArgument
instanceKlass sun/reflect/generics/tree/TypeTree
instanceKlass sun/reflect/generics/tree/Tree
instanceKlass sun/reflect/generics/parser/SignatureParser
instanceKlass kotlin/jvm/internal/markers/KMutableSet
instanceKlass kotlin/jvm/internal/markers/KMutableCollection
instanceKlass kotlin/jvm/internal/markers/KMutableIterable
instanceKlass sun/reflect/annotation/AnnotationParser
instanceKlass org/jetbrains/kotlin/cli/common/arguments/Argument
instanceKlass kotlin/collections/EmptySet
instanceKlass kotlin/collections/EmptyMap
instanceKlass kotlin/ranges/RangesKt__RangesKt
instanceKlass kotlin/collections/builders/ListBuilderKt
instanceKlass kotlin/collections/builders/MapBuilder$Companion
instanceKlass kotlin/collections/builders/MapBuilder
instanceKlass kotlin/jvm/internal/markers/KMutableMap
instanceKlass kotlin/collections/MapsKt__MapWithDefaultKt
instanceKlass java/io/FileInputStream$1
instanceKlass kotlin/io/CloseableKt
instanceKlass kotlin/text/CharsKt__CharJVMKt
instanceKlass kotlin/sequences/GeneratorSequence$iterator$1
instanceKlass java/lang/invoke/VarHandle$AccessDescriptor
instanceKlass kotlin/sequences/ConstrainedOnceSequence
instanceKlass  @bci kotlin/sequences/SequencesKt__SequencesKt generateSequence (Lkotlin/jvm/functions/Function0;)Lkotlin/sequences/Sequence; 12 <appendix> member <vmtarget> ; # kotlin/sequences/SequencesKt__SequencesKt$$Lambda+0x0000000800094188
instanceKlass kotlin/sequences/GeneratorSequence
instanceKlass kotlin/sequences/Sequence
instanceKlass kotlin/sequences/SequencesKt__SequenceBuilderKt
instanceKlass  @bci org/jetbrains/kotlin/cli/common/arguments/PreprocessCommandLineArgumentsKt expand (Ljava/io/File;Lorg/jetbrains/kotlin/cli/common/arguments/ArgumentParseErrors;)Ljava/util/List; 85 <appendix> member <vmtarget> ; # org/jetbrains/kotlin/cli/common/arguments/PreprocessCommandLineArgumentsKt$$Lambda+0x0000000800092d58
instanceKlass java/io/Reader
instanceKlass kotlin/text/Charsets
instanceKlass java/util/Arrays$ArrayItr
instanceKlass org/jetbrains/kotlin/cli/common/arguments/PreprocessCommandLineArgumentsKt
instanceKlass  @bci org/jetbrains/kotlin/cli/common/arguments/ParseCommandLineArgumentsKt parseCommandLineArguments (Ljava/util/List;Lorg/jetbrains/kotlin/cli/common/arguments/CommonToolArguments;Z)V 13 <appendix> member <vmtarget> ; # org/jetbrains/kotlin/cli/common/arguments/ParseCommandLineArgumentsKt$$Lambda+0x0000000800092048
instanceKlass org/jetbrains/kotlin/cli/common/arguments/ArgumentParseErrors
instanceKlass org/jetbrains/kotlin/cli/common/arguments/ParseCommandLineArgumentsKt
instanceKlass kotlin/collections/ArraysUtilJVM
instanceKlass kotlin/collections/ArraysKt__ArraysJVMKt
instanceKlass java/lang/ProcessEnvironment$CheckedEntry
instanceKlass java/lang/ProcessEnvironment$CheckedEntrySet$1
instanceKlass java/lang/ProcessEnvironment$EntryComparator
instanceKlass java/lang/ProcessEnvironment$NameComparator
instanceKlass org/jetbrains/kotlin/cli/common/arguments/CommonCompilerArgumentsConfigurator
instanceKlass kotlin/collections/EmptyList
instanceKlass kotlin/collections/CollectionsKt__CollectionsJVMKt
instanceKlass org/jetbrains/kotlin/config/Services$Builder
instanceKlass org/jetbrains/kotlin/config/Services$Companion
instanceKlass org/jetbrains/kotlin/cli/common/messages/XcodeStyleMessageRenderer
instanceKlass org/jetbrains/kotlin/cli/common/messages/GradleStyleMessageRenderer
# instanceKlass java/lang/invoke/LambdaForm$MH+0x000000080008c400
instanceKlass jdk/internal/reflect/MethodHandleAccessorFactory$LazyStaticHolder
instanceKlass java/lang/Class$3
instanceKlass org/jetbrains/kotlin/cli/common/messages/CompilerMessageSeverity$Companion
instanceKlass kotlin/text/StringsKt__AppendableKt
instanceKlass org/jetbrains/kotlin/cli/common/PropertiesKt
instanceKlass org/jetbrains/kotlin/cli/common/messages/PlainTextMessageRenderer$Companion
instanceKlass org/jetbrains/kotlin/cli/common/messages/PlainTextMessageRenderer
instanceKlass org/jetbrains/kotlin/cli/common/messages/XmlMessageRenderer
instanceKlass org/jetbrains/kotlin/cli/common/messages/MessageRenderer
instanceKlass org/jetbrains/kotlin/com/intellij/util/ArrayUtilRt
instanceKlass java/lang/invoke/VarForm
instanceKlass java/lang/invoke/VarHandleGuards
instanceKlass java/lang/invoke/VarHandles
instanceKlass java/util/concurrent/atomic/AtomicReference
instanceKlass org/jetbrains/kotlin/com/intellij/util/containers/ConcurrentList
instanceKlass org/jetbrains/kotlin/com/intellij/util/containers/ConcurrentIntObjectMap
instanceKlass org/jetbrains/kotlin/com/intellij/util/containers/IntObjectMap
instanceKlass org/jetbrains/kotlin/com/intellij/util/containers/ContainerUtil
instanceKlass org/jetbrains/kotlin/com/intellij/openapi/application/ApplicationManager
instanceKlass  @bci java/util/logging/Level$KnownLevel add (Ljava/util/logging/Level;)V 49 <appendix> argL0 ; # java/util/logging/Level$KnownLevel$$Lambda+0x00000008000d52a0
instanceKlass  @bci java/util/logging/Level$KnownLevel add (Ljava/util/logging/Level;)V 19 <appendix> argL0 ; # java/util/logging/Level$KnownLevel$$Lambda+0x00000008000d5030
instanceKlass java/util/logging/Level
instanceKlass  @bci org/jetbrains/kotlin/fir/resolve/transformers/DesignationState$Companion create (Lorg/jetbrains/kotlin/fir/symbols/impl/FirRegularClassSymbol;Ljava/util/Map;Z)Lorg/jetbrains/kotlin/fir/resolve/transformers/DesignationState; 177 <appendix> form vmentry <vmtarget> ; # java/lang/invoke/LambdaForm$MH+0x000000080008c000
instanceKlass java/util/ArrayList$Itr
instanceKlass java/lang/invoke/InvokerBytecodeGenerator$ClassData
instanceKlass jdk/internal/org/objectweb/asm/Frame
instanceKlass java/lang/invoke/LambdaFormBuffer
instanceKlass java/lang/invoke/LambdaFormEditor$TransformKey
instanceKlass java/lang/invoke/LambdaFormEditor
instanceKlass java/lang/invoke/DelegatingMethodHandle$Holder
instanceKlass java/lang/invoke/DirectMethodHandle$2
instanceKlass java/lang/invoke/ClassSpecializer$Factory
instanceKlass java/lang/invoke/ClassSpecializer$SpeciesData
instanceKlass java/lang/invoke/ClassSpecializer$1
instanceKlass java/lang/invoke/ClassSpecializer
instanceKlass  @bci org/jetbrains/kotlin/com/intellij/openapi/diagnostic/Logger <clinit> ()V 11 <appendix> argL0 ; # org/jetbrains/kotlin/com/intellij/openapi/diagnostic/Logger$$Lambda+0x0000000800088240
instanceKlass org/jetbrains/kotlin/com/intellij/openapi/diagnostic/Attachment
instanceKlass org/jetbrains/kotlin/com/intellij/openapi/diagnostic/Logger$DefaultFactory
instanceKlass org/jetbrains/kotlin/com/intellij/openapi/diagnostic/Logger$Factory
instanceKlass org/jetbrains/kotlin/com/intellij/openapi/diagnostic/Logger
instanceKlass org/jetbrains/kotlin/cli/jvm/compiler/IdeaStandaloneExecutionSetup
instanceKlass org/jetbrains/kotlin/cli/jvm/compiler/CompatKt
instanceKlass kotlin/jvm/functions/Function2
instanceKlass kotlin/jvm/internal/CallableReference$NoReceiver
instanceKlass kotlin/reflect/KDeclarationContainer
instanceKlass kotlin/jvm/internal/CallableReference
instanceKlass kotlin/reflect/KFunction
instanceKlass kotlin/reflect/KCallable
instanceKlass kotlin/reflect/KAnnotatedElement
instanceKlass kotlin/jvm/internal/FunctionBase
instanceKlass kotlin/jvm/functions/Function1
instanceKlass org/jetbrains/kotlin/cli/common/CompilerSystemProperties$Companion
instanceKlass kotlin/collections/AbstractList$Companion
instanceKlass kotlin/collections/AbstractCollection
instanceKlass kotlin/enums/EnumEntries
instanceKlass kotlin/enums/EnumEntriesKt
instanceKlass jdk/internal/jimage/ImageLocation
instanceKlass jdk/internal/jimage/decompressor/Decompressor
instanceKlass jdk/internal/jimage/ImageStringsReader
instanceKlass jdk/internal/jimage/ImageStrings
instanceKlass jdk/internal/jimage/ImageHeader
instanceKlass jdk/internal/jimage/NativeImageBuffer$1
instanceKlass jdk/internal/jimage/NativeImageBuffer
instanceKlass jdk/internal/jimage/BasicImageReader$1
instanceKlass jdk/internal/jimage/BasicImageReader
instanceKlass jdk/internal/jimage/ImageReader
instanceKlass jdk/internal/jimage/ImageReaderFactory$1
instanceKlass java/net/URI$Parser
instanceKlass java/nio/file/FileSystems$DefaultFileSystemHolder$1
instanceKlass java/nio/file/FileSystems$DefaultFileSystemHolder
instanceKlass java/nio/file/FileSystems
instanceKlass java/nio/file/Paths
instanceKlass jdk/internal/jimage/ImageReaderFactory
instanceKlass jdk/internal/module/SystemModuleFinders$SystemImage
instanceKlass jdk/internal/module/SystemModuleFinders$SystemModuleReader
instanceKlass java/lang/module/ModuleReader
instanceKlass jdk/internal/loader/BuiltinClassLoader$5
instanceKlass jdk/internal/loader/BuiltinClassLoader$2
instanceKlass jdk/internal/module/Resources
instanceKlass kotlin/UNINITIALIZED_VALUE
instanceKlass kotlin/SynchronizedLazyImpl
instanceKlass kotlin/Lazy
instanceKlass kotlin/LazyKt__LazyJVMKt
instanceKlass sun/invoke/empty/Empty
instanceKlass sun/invoke/util/VerifyType
instanceKlass  @bci org/jetbrains/kotlin/cli/common/CLICompiler <init> ()V 6 <appendix> member <vmtarget> ; # org/jetbrains/kotlin/cli/common/CLICompiler$$Lambda+0x0000000800081510
instanceKlass java/lang/invoke/MethodHandles$Lookup$ClassDefiner
instanceKlass java/lang/invoke/MethodHandles$Lookup$ClassFile
instanceKlass jdk/internal/org/objectweb/asm/Handler
instanceKlass jdk/internal/org/objectweb/asm/AnnotationVisitor
instanceKlass jdk/internal/org/objectweb/asm/Attribute
instanceKlass jdk/internal/org/objectweb/asm/Label
instanceKlass jdk/internal/org/objectweb/asm/MethodVisitor
instanceKlass jdk/internal/org/objectweb/asm/FieldVisitor
instanceKlass java/lang/invoke/LambdaProxyClassArchive
instanceKlass jdk/internal/org/objectweb/asm/ByteVector
instanceKlass jdk/internal/org/objectweb/asm/Symbol
instanceKlass jdk/internal/org/objectweb/asm/SymbolTable
instanceKlass jdk/internal/org/objectweb/asm/ClassVisitor
instanceKlass java/lang/invoke/InfoFromMemberName
instanceKlass java/lang/invoke/MethodHandleInfo
instanceKlass jdk/internal/org/objectweb/asm/ConstantDynamic
instanceKlass sun/invoke/util/BytecodeDescriptor
instanceKlass jdk/internal/org/objectweb/asm/Handle
instanceKlass sun/security/action/GetBooleanAction
instanceKlass jdk/internal/org/objectweb/asm/Type
instanceKlass java/lang/invoke/AbstractValidatingLambdaMetafactory
instanceKlass java/lang/invoke/MethodHandleImpl$1
instanceKlass jdk/internal/access/JavaLangInvokeAccess
instanceKlass java/lang/invoke/Invokers$Holder
instanceKlass java/lang/invoke/BootstrapMethodInvoker
instanceKlass kotlin/jvm/functions/Function0
instanceKlass kotlin/Function
instanceKlass java/lang/invoke/InvokerBytecodeGenerator$1
instanceKlass java/lang/invoke/InvokerBytecodeGenerator
instanceKlass java/lang/invoke/LambdaForm$Holder
instanceKlass java/lang/invoke/LambdaForm$Name
instanceKlass java/lang/invoke/Invokers
instanceKlass java/lang/invoke/MethodHandleImpl
instanceKlass sun/invoke/util/ValueConversions
instanceKlass java/lang/invoke/DirectMethodHandle$Holder
instanceKlass java/lang/invoke/LambdaForm$NamedFunction
instanceKlass sun/invoke/util/Wrapper$Format
instanceKlass java/lang/invoke/MethodTypeForm
instanceKlass jdk/internal/util/StrongReferenceKey
instanceKlass jdk/internal/util/ReferenceKey
instanceKlass jdk/internal/util/ReferencedKeyMap
instanceKlass java/lang/invoke/MethodType$1
instanceKlass java/lang/invoke/LambdaMetafactory
instanceKlass kotlin/jvm/internal/Intrinsics
instanceKlass org/jetbrains/kotlin/cli/jvm/K2JVMCompiler$Companion
instanceKlass org/jetbrains/kotlin/cli/common/CLICompiler$Companion
instanceKlass java/lang/Void
instanceKlass java/lang/PublicMethods$Key
instanceKlass java/lang/PublicMethods$MethodList
instanceKlass org/jetbrains/kotlin/utils/KotlinPaths
instanceKlass org/jetbrains/kotlin/com/intellij/openapi/Disposable
instanceKlass org/jetbrains/kotlin/config/CompilerConfiguration
instanceKlass org/jetbrains/kotlin/platform/TargetPlatform
instanceKlass kotlin/jvm/internal/markers/KMappedMarker
instanceKlass java/util/TreeMap$PrivateEntryIterator
instanceKlass java/util/TreeMap$Entry
instanceKlass java/util/NavigableMap
instanceKlass java/util/SortedMap
instanceKlass java/util/NavigableSet
instanceKlass java/util/SortedSet
instanceKlass java/util/SequencedSet
instanceKlass org/jetbrains/kotlin/cli/common/messages/MessageCollector
instanceKlass org/jetbrains/kotlin/util/PerformanceManager
instanceKlass org/jetbrains/kotlin/config/Services
instanceKlass org/jetbrains/kotlin/cli/common/arguments/Freezable
instanceKlass org/jetbrains/kotlin/utils/exceptions/KotlinExceptionWithAttachments
instanceKlass org/jetbrains/kotlin/com/intellij/openapi/diagnostic/ExceptionWithAttachments
instanceKlass org/jetbrains/kotlin/com/intellij/openapi/diagnostic/ControlFlowException
instanceKlass jdk/internal/misc/PreviewFeatures
instanceKlass jdk/internal/misc/MainMethodFinder
instanceKlass org/jetbrains/kotlin/cli/common/CLICompiler
instanceKlass java/security/SecureClassLoader$DebugHolder
instanceKlass java/security/Permission
instanceKlass java/security/Guard
instanceKlass java/security/PermissionCollection
instanceKlass java/security/SecureClassLoader$1
instanceKlass java/util/zip/Checksum$1
instanceKlass java/util/zip/CRC32
instanceKlass java/util/zip/Checksum
instanceKlass sun/nio/ByteBuffered
instanceKlass java/lang/Package$VersionInfo
instanceKlass java/lang/NamedPackage
instanceKlass java/lang/reflect/Array
instanceKlass java/util/jar/Attributes$Name
instanceKlass java/util/SequencedMap
instanceKlass java/util/jar/Attributes
instanceKlass jdk/internal/loader/Resource
instanceKlass sun/security/action/GetIntegerAction
instanceKlass sun/security/util/Debug
instanceKlass sun/security/util/SignatureFileVerifier
instanceKlass java/util/zip/ZipFile$InflaterCleanupAction
instanceKlass java/util/zip/Inflater$InflaterZStreamRef
instanceKlass java/util/zip/Inflater
instanceKlass java/util/zip/ZipEntry
instanceKlass java/util/zip/ZipFile$2
instanceKlass java/nio/Bits$1
instanceKlass jdk/internal/misc/VM$BufferPool
instanceKlass java/nio/Bits
instanceKlass sun/nio/ch/DirectBuffer
instanceKlass jdk/internal/perf/PerfCounter$CoreCounters
instanceKlass jdk/internal/perf/Perf
instanceKlass jdk/internal/perf/Perf$GetPerfAction
instanceKlass jdk/internal/perf/PerfCounter
instanceKlass sun/util/locale/LocaleUtils
instanceKlass sun/util/locale/BaseLocale
instanceKlass java/util/Locale
instanceKlass java/nio/file/attribute/FileTime
instanceKlass java/util/zip/ZipUtils
instanceKlass java/util/zip/ZipFile$Source$End
instanceKlass java/util/zip/ZipFile$Source$RandomAccessFileAccessor
instanceKlass java/util/zip/ZipFile$Source$FileAccessor
instanceKlass java/io/RandomAccessFile$2
instanceKlass jdk/internal/access/JavaIORandomAccessFileAccess
instanceKlass java/io/RandomAccessFile
instanceKlass java/io/DataInput
instanceKlass java/io/DataOutput
instanceKlass sun/nio/fs/WindowsNativeDispatcher$CompletionStatus
instanceKlass sun/nio/fs/WindowsNativeDispatcher$AclInformation
instanceKlass sun/nio/fs/WindowsNativeDispatcher$Account
instanceKlass sun/nio/fs/WindowsNativeDispatcher$DiskFreeSpace
instanceKlass sun/nio/fs/WindowsNativeDispatcher$VolumeInformation
instanceKlass sun/nio/fs/WindowsNativeDispatcher$FirstStream
instanceKlass sun/nio/fs/WindowsNativeDispatcher$FirstFile
instanceKlass java/util/concurrent/ConcurrentHashMap$Traverser
instanceKlass java/util/Enumeration
instanceKlass jdk/internal/loader/NativeLibraries$3
instanceKlass jdk/internal/loader/NativeLibrary
instanceKlass java/util/ArrayDeque$DeqIterator
instanceKlass jdk/internal/loader/NativeLibraries$NativeLibraryContext$1
instanceKlass jdk/internal/loader/NativeLibraries$NativeLibraryContext
instanceKlass jdk/internal/loader/NativeLibraries$2
instanceKlass jdk/internal/loader/NativeLibraries$1
instanceKlass jdk/internal/loader/NativeLibraries$LibraryPaths
instanceKlass sun/nio/fs/WindowsNativeDispatcher
instanceKlass sun/nio/fs/NativeBuffer$Deallocator
instanceKlass sun/nio/fs/NativeBuffer
instanceKlass sun/nio/fs/NativeBuffers
instanceKlass sun/nio/fs/WindowsFileAttributes
instanceKlass java/nio/file/attribute/DosFileAttributes
instanceKlass sun/nio/fs/AbstractBasicFileAttributeView
instanceKlass sun/nio/fs/DynamicFileAttributeView
instanceKlass sun/nio/fs/WindowsFileAttributeViews
instanceKlass sun/nio/fs/Util
instanceKlass java/nio/file/attribute/BasicFileAttributeView
instanceKlass java/nio/file/attribute/FileAttributeView
instanceKlass java/nio/file/attribute/AttributeView
instanceKlass java/nio/file/Files
instanceKlass java/nio/file/CopyOption
instanceKlass java/nio/file/attribute/BasicFileAttributes
instanceKlass sun/nio/fs/WindowsPath
instanceKlass java/nio/file/Path
instanceKlass java/nio/file/Watchable
instanceKlass java/util/zip/ZipFile$Source$Key
instanceKlass sun/nio/fs/WindowsPathParser$Result
instanceKlass sun/nio/fs/WindowsPathParser
instanceKlass java/nio/file/FileSystem
instanceKlass java/nio/file/OpenOption
instanceKlass java/nio/file/spi/FileSystemProvider
instanceKlass sun/nio/fs/DefaultFileSystemProvider
instanceKlass java/util/zip/ZipFile$Source
instanceKlass java/util/zip/ZipCoder
instanceKlass java/util/zip/ZipFile$CleanableResource
instanceKlass java/lang/Runtime$Version
instanceKlass java/util/jar/JavaUtilJarAccessImpl
instanceKlass jdk/internal/access/JavaUtilJarAccess
instanceKlass java/nio/charset/CoderResult
instanceKlass java/lang/Readable
instanceKlass jdk/internal/loader/FileURLMapper
instanceKlass jdk/internal/loader/URLClassPath$JarLoader$1
instanceKlass java/util/zip/ZipFile$1
instanceKlass jdk/internal/access/JavaUtilZipFileAccess
instanceKlass java/util/zip/ZipFile
instanceKlass java/util/zip/ZipConstants
instanceKlass jdk/internal/loader/URLClassPath$Loader
instanceKlass jdk/internal/loader/URLClassPath$3
instanceKlass java/security/PrivilegedExceptionAction
instanceKlass sun/net/util/URLUtil
instanceKlass com/jetbrains/internal/IoOverNio$ThreadLocalCloseable
instanceKlass java/lang/ThreadLocal$ThreadLocalMap
instanceKlass java/lang/StringCoding
instanceKlass java/nio/charset/CharsetDecoder
instanceKlass sun/nio/cs/ArrayDecoder
instanceKlass sun/launcher/LauncherHelper
instanceKlass java/lang/invoke/StringConcatFactory
instanceKlass java/lang/ModuleLayer$Controller
instanceKlass java/util/concurrent/CopyOnWriteArrayList
instanceKlass jdk/internal/module/ServicesCatalog$ServiceProvider
instanceKlass jdk/internal/loader/AbstractClassLoaderValue$Memoizer
instanceKlass java/util/ImmutableCollections$ListItr
instanceKlass java/util/ListIterator
instanceKlass java/lang/ModuleLayer
instanceKlass jdk/internal/module/ModuleLoaderMap$Modules
instanceKlass jdk/internal/module/ModuleLoaderMap$Mapper
instanceKlass jdk/internal/module/ModuleLoaderMap
instanceKlass java/util/AbstractMap$1$1
instanceKlass java/lang/module/ResolvedModule
instanceKlass java/lang/module/Configuration
instanceKlass jdk/internal/loader/BuiltinClassLoader$LoadedModule
instanceKlass jdk/internal/loader/AbstractClassLoaderValue
instanceKlass jdk/internal/module/ServicesCatalog
instanceKlass java/util/Deque
instanceKlass java/util/Queue
instanceKlass sun/net/util/IPAddressUtil$MASKS
instanceKlass sun/net/util/IPAddressUtil
instanceKlass java/net/URLStreamHandler
instanceKlass sun/net/www/ParseUtil
instanceKlass java/net/URL$3
instanceKlass jdk/internal/access/JavaNetURLAccess
instanceKlass java/net/URL$DefaultFactory
instanceKlass java/net/URLStreamHandlerFactory
instanceKlass jdk/internal/loader/URLClassPath
instanceKlass java/lang/ClassLoader$ParallelLoaders
instanceKlass java/security/cert/Certificate
instanceKlass jdk/internal/loader/ArchivedClassLoaders
instanceKlass java/util/concurrent/ConcurrentHashMap$CollectionView
instanceKlass jdk/internal/loader/ClassLoaderHelper
instanceKlass jdk/internal/loader/NativeLibraries
instanceKlass java/lang/Module$EnableNativeAccess
instanceKlass jdk/internal/loader/BootLoader
instanceKlass java/util/Optional
instanceKlass jdk/internal/module/SystemModuleFinders$SystemModuleFinder
instanceKlass java/lang/module/ModuleFinder
instanceKlass jdk/internal/module/SystemModuleFinders$3
instanceKlass jdk/internal/module/ModuleHashes$HashSupplier
instanceKlass jdk/internal/module/SystemModuleFinders$2
instanceKlass java/util/function/Supplier
instanceKlass java/lang/module/ModuleReference
instanceKlass jdk/internal/module/ModuleResolution
instanceKlass java/util/Collections$UnmodifiableMap
instanceKlass jdk/internal/module/ModuleHashes$Builder
instanceKlass jdk/internal/module/ModuleHashes
instanceKlass jdk/internal/module/ModuleTarget
instanceKlass java/util/ImmutableCollections$Set12$1
instanceKlass java/lang/reflect/AccessFlag$18
instanceKlass java/lang/reflect/AccessFlag$17
instanceKlass java/lang/reflect/AccessFlag$16
instanceKlass java/lang/reflect/AccessFlag$15
instanceKlass java/lang/reflect/AccessFlag$14
instanceKlass java/lang/reflect/AccessFlag$13
instanceKlass java/lang/reflect/AccessFlag$12
instanceKlass java/lang/reflect/AccessFlag$11
instanceKlass java/lang/reflect/AccessFlag$10
instanceKlass java/lang/reflect/AccessFlag$9
instanceKlass java/lang/reflect/AccessFlag$8
instanceKlass java/lang/reflect/AccessFlag$7
instanceKlass java/lang/reflect/AccessFlag$6
instanceKlass java/lang/reflect/AccessFlag$5
instanceKlass java/lang/reflect/AccessFlag$4
instanceKlass java/lang/reflect/AccessFlag$3
instanceKlass java/lang/reflect/AccessFlag$2
instanceKlass java/lang/reflect/AccessFlag$1
instanceKlass java/lang/module/ModuleDescriptor$Version
instanceKlass java/lang/module/ModuleDescriptor$Provides
instanceKlass java/lang/module/ModuleDescriptor$Opens
instanceKlass java/util/ImmutableCollections$SetN$SetNIterator
instanceKlass java/lang/module/ModuleDescriptor$Exports
instanceKlass java/lang/module/ModuleDescriptor$Requires
instanceKlass jdk/internal/module/Builder
instanceKlass jdk/internal/module/SystemModules$default
instanceKlass jdk/internal/module/SystemModules
instanceKlass jdk/internal/module/SystemModulesMap
instanceKlass java/net/URI$1
instanceKlass jdk/internal/access/JavaNetUriAccess
instanceKlass java/net/URI
instanceKlass jdk/internal/module/SystemModuleFinders
instanceKlass jdk/internal/module/ArchivedModuleGraph
instanceKlass jdk/internal/module/ArchivedBootLayer
instanceKlass jdk/internal/module/ModuleBootstrap$Counters
instanceKlass jdk/internal/module/ModulePatcher
instanceKlass java/io/FileSystem
instanceKlass java/io/DefaultFileSystem
instanceKlass java/lang/ThreadLocal
instanceKlass com/jetbrains/internal/IoOverNio
instanceKlass java/io/File
instanceKlass java/lang/module/ModuleDescriptor$1
instanceKlass jdk/internal/access/JavaLangModuleAccess
instanceKlass sun/invoke/util/VerifyAccess
instanceKlass java/util/KeyValueHolder
instanceKlass java/util/ImmutableCollections$MapN$MapNIterator
instanceKlass java/lang/StrictMath
instanceKlass java/lang/invoke/MethodHandles$Lookup
instanceKlass java/lang/invoke/MemberName$Factory
instanceKlass java/lang/invoke/MethodHandles
instanceKlass java/lang/module/ModuleDescriptor
instanceKlass jdk/internal/module/ModuleBootstrap
instanceKlass java/lang/Character$CharacterCache
instanceKlass java/util/HexFormat
instanceKlass jdk/internal/util/ClassFileDumper
instanceKlass java/lang/invoke/MethodHandleStatics
instanceKlass java/util/Collections
instanceKlass jdk/internal/misc/Blocker
instanceKlass sun/io/Win32ErrorMode
instanceKlass jdk/internal/misc/OSEnvironment
instanceKlass java/lang/Integer$IntegerCache
instanceKlass jdk/internal/misc/Signal$NativeHandler
instanceKlass java/util/Hashtable$Entry
instanceKlass jdk/internal/misc/Signal
instanceKlass java/lang/Terminator$1
instanceKlass jdk/internal/misc/Signal$Handler
instanceKlass java/lang/Terminator
instanceKlass java/nio/ByteOrder
instanceKlass java/nio/Buffer$2
instanceKlass jdk/internal/access/JavaNioAccess
instanceKlass java/nio/Buffer$1
instanceKlass jdk/internal/misc/ScopedMemoryAccess
instanceKlass java/nio/charset/CodingErrorAction
instanceKlass sun/nio/cs/SingleByte
instanceKlass java/lang/StringUTF16
instanceKlass sun/nio/cs/MS1252$Holder
instanceKlass java/nio/charset/CharsetEncoder
instanceKlass sun/nio/cs/ArrayEncoder
instanceKlass java/io/Writer
instanceKlass java/io/PrintStream$1
instanceKlass jdk/internal/access/JavaIOPrintStreamAccess
instanceKlass java/util/concurrent/ForkJoinPool$ManagedBlocker
instanceKlass jdk/internal/misc/InternalLock
instanceKlass java/util/concurrent/locks/AbstractQueuedSynchronizer$Node
instanceKlass java/io/OutputStream
instanceKlass java/io/Flushable
instanceKlass java/lang/Thread$ThreadIdentifiers
instanceKlass java/security/Principal
instanceKlass java/security/ProtectionDomain$Key
instanceKlass java/security/ProtectionDomain$JavaSecurityAccessImpl
instanceKlass jdk/internal/access/JavaSecurityAccess
instanceKlass sun/security/action/GetPropertyAction
instanceKlass java/util/concurrent/locks/AbstractQueuedSynchronizer$ConditionObject
instanceKlass java/util/concurrent/locks/Condition
instanceKlass jdk/internal/ref/CleanerImpl
instanceKlass java/lang/ref/Cleaner$1
instanceKlass java/lang/ref/Cleaner
instanceKlass jdk/internal/ref/CleanerFactory$1
instanceKlass java/util/concurrent/ThreadFactory
instanceKlass jdk/internal/ref/CleanerFactory
instanceKlass java/lang/ref/Cleaner$Cleanable
instanceKlass java/io/FileDescriptor$1
instanceKlass jdk/internal/access/JavaIOFileDescriptorAccess
instanceKlass java/io/FileDescriptor
instanceKlass jdk/internal/util/StaticProperty
instanceKlass jdk/internal/reflect/MethodHandleAccessorFactory
instanceKlass java/lang/reflect/Modifier
instanceKlass java/lang/Class$1
instanceKlass java/lang/Class$Atomic
instanceKlass java/lang/Class$ReflectionData
instanceKlass java/nio/charset/StandardCharsets
instanceKlass sun/nio/cs/HistoricallyNamedCharset
instanceKlass java/nio/charset/spi/CharsetProvider
instanceKlass java/nio/charset/Charset
instanceKlass java/util/HashMap$HashIterator
instanceKlass java/util/concurrent/locks/LockSupport
instanceKlass java/util/concurrent/ConcurrentHashMap$Node
instanceKlass java/util/concurrent/ConcurrentHashMap$CounterCell
instanceKlass java/util/concurrent/locks/ReentrantLock
instanceKlass java/util/concurrent/locks/Lock
instanceKlass java/lang/CharacterData
instanceKlass java/util/Arrays
instanceKlass jdk/internal/util/Preconditions$3
instanceKlass jdk/internal/util/Preconditions$2
instanceKlass jdk/internal/util/Preconditions$4
instanceKlass java/util/function/BiFunction
instanceKlass jdk/internal/util/Preconditions$1
instanceKlass java/util/function/Function
instanceKlass jdk/internal/util/Preconditions
instanceKlass java/lang/Runtime
instanceKlass java/lang/VersionProps
instanceKlass java/lang/StringConcatHelper
instanceKlass java/util/HashMap$Node
instanceKlass java/util/Map$Entry
instanceKlass jdk/internal/util/ArraysSupport
instanceKlass jdk/internal/util/SystemProps$Raw
instanceKlass jdk/internal/util/SystemProps
instanceKlass java/lang/System$2
instanceKlass jdk/internal/access/JavaLangAccess
instanceKlass java/lang/ref/NativeReferenceQueue$Lock
instanceKlass java/lang/ref/ReferenceQueue
instanceKlass java/lang/ref/Reference$1
instanceKlass jdk/internal/access/JavaLangRefAccess
instanceKlass jdk/internal/reflect/ReflectionFactory
instanceKlass java/lang/Math
instanceKlass java/lang/StringLatin1
instanceKlass jdk/internal/reflect/Reflection
instanceKlass jdk/internal/reflect/ReflectionFactory$GetReflectionFactoryAction
instanceKlass java/security/PrivilegedAction
instanceKlass jdk/internal/access/SharedSecrets
instanceKlass java/lang/reflect/ReflectAccess
instanceKlass jdk/internal/access/JavaLangReflectAccess
instanceKlass java/util/ImmutableCollections
instanceKlass java/util/Objects
instanceKlass java/util/Set
instanceKlass jdk/internal/misc/CDS
instanceKlass java/lang/Module$ArchivedData
instanceKlass jdk/internal/misc/VM
instanceKlass java/lang/String$CaseInsensitiveComparator
instanceKlass java/util/Comparator
instanceKlass java/io/ObjectStreamField
instanceKlass jdk/internal/vm/FillerObject
instanceKlass jdk/internal/vm/vector/VectorSupport$VectorPayload
instanceKlass jdk/internal/vm/vector/VectorSupport
instanceKlass java/lang/reflect/RecordComponent
instanceKlass java/util/Iterator
instanceKlass java/lang/Number
instanceKlass java/lang/Character
instanceKlass java/lang/Boolean
instanceKlass java/util/concurrent/locks/AbstractOwnableSynchronizer
instanceKlass java/lang/LiveStackFrame
instanceKlass java/lang/StackFrameInfo
instanceKlass java/lang/StackWalker$StackFrame
instanceKlass java/lang/StackStreamFactory$AbstractStackWalker
instanceKlass java/lang/StackWalker
instanceKlass java/nio/Buffer
instanceKlass java/lang/StackTraceElement
instanceKlass java/util/AbstractCollection
instanceKlass java/util/RandomAccess
instanceKlass java/util/List
instanceKlass java/util/SequencedCollection
instanceKlass java/util/Collection
instanceKlass java/lang/Iterable
instanceKlass java/util/AbstractMap
instanceKlass java/util/concurrent/ConcurrentMap
instanceKlass java/security/CodeSource
instanceKlass jdk/internal/loader/ClassLoaders
instanceKlass java/util/jar/Manifest
instanceKlass java/lang/Enum
instanceKlass java/net/URL
instanceKlass java/io/InputStream
instanceKlass java/io/Closeable
instanceKlass java/lang/AutoCloseable
instanceKlass jdk/internal/module/Modules
instanceKlass jdk/internal/misc/Unsafe
instanceKlass jdk/internal/misc/UnsafeConstants
instanceKlass java/lang/AbstractStringBuilder
instanceKlass java/lang/Appendable
instanceKlass java/lang/AssertionStatusDirectives
instanceKlass java/lang/invoke/MethodHandleNatives$CallSiteContext
instanceKlass jdk/internal/foreign/abi/ABIDescriptor
instanceKlass jdk/internal/foreign/abi/NativeEntryPoint
instanceKlass java/lang/invoke/CallSite
instanceKlass java/lang/invoke/MethodType
instanceKlass java/lang/invoke/TypeDescriptor$OfMethod
instanceKlass java/lang/invoke/LambdaForm
instanceKlass java/lang/invoke/MethodHandleNatives
instanceKlass java/lang/invoke/ResolvedMethodName
instanceKlass java/lang/invoke/MemberName
instanceKlass java/lang/invoke/VarHandle
instanceKlass java/lang/invoke/MethodHandle
instanceKlass jdk/internal/reflect/CallerSensitive
instanceKlass java/lang/annotation/Annotation
instanceKlass jdk/internal/reflect/FieldAccessor
instanceKlass jdk/internal/reflect/ConstantPool
instanceKlass jdk/internal/reflect/ConstructorAccessor
instanceKlass jdk/internal/reflect/MethodAccessor
instanceKlass jdk/internal/reflect/MagicAccessorImpl
instanceKlass jdk/internal/vm/StackChunk
instanceKlass jdk/internal/vm/Continuation
instanceKlass jdk/internal/vm/ContinuationScope
instanceKlass java/lang/reflect/Parameter
instanceKlass java/lang/reflect/Member
instanceKlass java/lang/reflect/AccessibleObject
instanceKlass java/lang/Module
instanceKlass java/util/Dictionary
instanceKlass java/util/Map
instanceKlass java/lang/ThreadGroup
instanceKlass java/lang/Thread$UncaughtExceptionHandler
instanceKlass java/lang/Thread$Constants
instanceKlass java/lang/Thread$FieldHolder
instanceKlass java/lang/Thread
instanceKlass java/lang/Runnable
instanceKlass java/lang/ref/Reference
instanceKlass java/lang/Record
instanceKlass java/security/AccessController
instanceKlass java/security/AccessControlContext
instanceKlass java/security/ProtectionDomain
instanceKlass java/lang/SecurityManager
instanceKlass java/lang/Throwable
instanceKlass java/lang/System
instanceKlass java/lang/ClassLoader
instanceKlass java/lang/Cloneable
instanceKlass java/lang/Class
instanceKlass java/lang/invoke/TypeDescriptor$OfField
instanceKlass java/lang/invoke/TypeDescriptor
instanceKlass java/lang/reflect/Type
instanceKlass java/lang/reflect/GenericDeclaration
instanceKlass java/lang/reflect/AnnotatedElement
instanceKlass java/lang/String
instanceKlass java/lang/constant/ConstantDesc
instanceKlass java/lang/constant/Constable
instanceKlass java/lang/CharSequence
instanceKlass java/lang/Comparable
instanceKlass java/io/Serializable
ciInstanceKlass java/lang/Object 1 1 124 7 1 10 12 1 1 10 7 12 1 1 1 10 7 12 1 1 1 10 12 1 1 8 1 10 12 1 1 10 7 12 1 1 1 10 12 1 10 12 1 1 10 7 12 1 1 1 10 12 1 10 12 1 7 1 10 100 12 1 1 1 10 12 1 1 10 12 1 100 1 8 1 10 12 1 3 8 1 100 1 5 0 1 1 1 1 1 1 1 1 1 1 1 1 1 1 1 1 100 1 1 1 1 1 1 1 1 1 1 100 1 1 1 1 1 1 1 1 1 1 3 1 1
ciInstanceKlass java/io/Serializable 1 0 7 100 1 100 1 1 1
ciInstanceKlass java/lang/Comparable 1 1 12 100 1 100 1 1 1 1 1 1 1 1
ciInstanceKlass java/lang/CharSequence 1 1 131 11 100 12 1 1 1 18 12 1 1 100 1 10 100 12 1 1 1 18 10 100 12 1 1 1 11 12 1 1 11 100 1 11 12 1 1 10 100 12 1 1 1 11 12 1 1 100 1 10 12 1 1 10 100 12 1 1 1 100 1 10 10 12 1 1 100 1 1 1 1 1 1 1 1 1 1 1 1 1 1 1 1 1 1 1 1 1 1 1 1 1 1 1 1 1 1 1 1 1 16 1 15 11 12 16 15 11 12 15 10 100 12 1 1 1 1 1 100 1 100 1 1 100 1 1 100 1 100 1 1
ciInstanceKlass java/lang/constant/Constable 1 0 11 100 1 100 1 1 1 1 1 1 1
ciInstanceKlass java/lang/constant/ConstantDesc 1 0 37 100 1 100 1 1 1 1 100 1 1 1 1 100 1 100 1 100 1 100 1 100 1 100 1 100 1 100 1 100 1 1 100 1 100 1 1
ciInstanceKlass java/lang/String 1 1 1443 10 7 12 1 1 1 8 1 9 7 12 1 1 1 9 12 1 1 9 12 1 1 9 12 1 1 10 12 1 10 12 1 1 10 12 1 1 9 12 1 10 7 12 1 1 1 10 7 1 10 7 12 1 1 1 10 12 1 1 10 12 1 1 10 12 1 10 12 1 1 10 12 1 10 7 12 1 1 1 7 1 9 7 12 1 1 1 10 7 12 1 1 1 10 7 12 1 1 1 10 12 1 1 10 12 1 1 10 12 1 1 10 12 1 1 9 7 12 1 1 10 12 9 7 12 1 1 10 12 1 1 3 10 12 1 1 7 1 11 12 1 1 11 12 1 11 12 1 1 10 100 12 1 1 1 10 12 1 1 9 100 12 1 1 1 10 12 1 1 10 12 1 11 12 1 1 10 12 1 1 10 12 10 12 1 1 10 100 12 1 1 1 10 12 1 1 10 12 1 1 100 1 100 1 10 12 1 10 12 1 10 12 1 1 100 1 10 12 1 1 100 1 10 12 1 1 10 12 1 1 10 12 1 10 10 12 1 100 1 100 1 100 1 10 12 1 10 12 1 1 10 12 1 1 10 12 1 10 12 1 1 10 12 1 1 10 100 12 1 1 100 1 11 10 7 12 1 1 11 12 1 11 12 1 10 12 1 1 10 12 1 10 12 10 12 1 1 10 10 100 12 1 1 1 10 100 12 1 1 10 12 1 1 10 100 12 1 1 10 12 1 10 12 1 1 10 12 1 1 10 12 1 10 12 1 10 12 1 1 100 1 10 12 1 1 10 12 10 12 1 10 12 1 1 10 12 1 1 10 100 12 1 1 1 10 12 1 10 12 1 1 10 12 1 10 12 1 3 3 10 12 1 1 10 12 1 10 12 1 1 10 12 1 1 10 12 1 1 10 12 1 10 12 1 1 10 12 1 1 10 12 1 10 12 1 10 12 1 10 12 1 1 10 12 1 10 12 1 10 12 1 10 12 1 10 12 1 10 12 1 10 100 1 10 8 1 10 12 1 1 10 12 1 8 1 10 12 1 1 10 12 10 12 1 8 1 10 10 12 1 1 10 12 1 1 10 12 1 1 10 100 1 10 10 12 1 10 12 1 10 12 1 10 10 12 1 10 12 1 10 12 1 10 12 1 10 12 1 10 12 1 10 12 1 1 10 12 1 1 10 12 1 1 10 10 12 1 1 10 10 12 1 100 1 10 10 12 1 1 10 12 1 1 10 7 1 10 12 1 10 12 1 10 7 12 1 1 1 10 12 1 10 12 1 1 10 12 1 11 7 1 11 12 10 12 1 10 12 1 1 10 12 1 1 10 10 12 1 10 12 1 9 12 1 1 11 7 12 1 1 1 10 12 10 10 12 1 10 12 1 1 10 10 12 1 10 12 1 10 12 1 1 10 12 1 1 10 10 12 1 1 10 12 1 10 10 12 1 10 12 10 10 12 10 10 12 1 10 12 1 10 10 12 10 7 12 1 1 1 10 12 10 10 12 10 12 1 10 12 10 12 10 10 12 1 10 12 1 1 10 12 1 1 10 10 12 1 10 7 12 1 1 1 10 12 1 1 10 10 7 12 1 1 1 11 10 12 1 10 12 1 1 10 12 1 1 10 100 12 1 1 1 10 12 1 10 12 1 10 12 1 10 12 1 10 12 1 10 12 1 100 1 100 1 8 1 10 10 10 12 1 10 12 1 1 8 1 10 12 1 3 3 10 12 1 10 12 1 1 10 12 7 1 10 10 12 1 1 10 12 1 10 12 1 10 12 1 1 10 12 1 1 11 7 12 1 1 1 7 1 10 12 1 10 12 1 1 8 1 10 12 1 1 10 12 1 11 100 12 1 1 1 11 100 12 1 1 11 12 1 10 12 1 10 12 1 1 10 10 7 12 1 1 1 10 12 1 10 12 1 10 10 12 10 12 1 1 10 10 12 1 10 10 12 1 10 10 12 1 10 10 12 1 10 12 1 1 10 10 12 1 8 1 10 12 1 1 18 12 1 1 11 100 12 1 1 1 7 1 3 18 12 1 18 12 1 8 1 10 100 12 1 1 1 11 12 1 1 10 12 10 10 12 1 10 11 12 1 1 10 12 1 1 11 12 1 18 3 11 10 12 1 11 11 10 12 1 10 12 1 1 8 1 10 12 1 10 12 1 10 12 1 1 10 10 12 1 11 100 12 1 100 1 100 1 10 12 100 1 10 10 100 12 1 1 1 100 1 10 100 1 10 10 12 1 10 10 12 1 8 1 10 10 12 1 8 1 8 1 10 12 1 10 12 1 10 10 12 10 100 12 1 1 10 100 12 1 1 10 100 12 1 1 8 1 10 12 1 10 12 1 10 9 12 1 10 12 9 7 12 1 1 1 10 12 1 10 12 1 10 12 1 10 12 1 10 12 1 8 1 10 100 12 1 1 1 10 12 10 12 1 1 10 12 10 10 12 10 12 7 1 9 12 1 1 7 1 10 100 1 100 1 100 1 100 1 1 1 1 1 1 5 0 1 1 1 1 1 3 1 3 1 1 1 1 1 1 1 1 1 1 1 1 1 1 1 100 1 1 1 1 1 1 1 1 1 1 1 1 1 1 1 1 1 1 1 1 1 1 1 1 1 1 1 1 1 1 1 100 1 1 1 1 1 1 1 1 1 1 100 1 1 1 1 1 1 1 1 1 1 1 1 1 1 1 1 1 1 1 1 1 1 1 1 1 1 1 1 1 1 1 1 1 1 1 1 1 1 1 1 1 1 1 1 1 1 1 1 1 1 1 1 1 1 1 1 1 1 1 1 1 1 1 1 1 1 1 1 1 1 1 1 1 1 1 1 1 1 1 1 1 1 1 1 1 1 1 1 1 1 1 1 1 1 1 1 1 1 1 1 1 1 1 1 1 1 1 1 1 1 1 1 1 1 1 1 1 1 1 1 1 1 1 1 1 1 1 1 1 1 1 1 1 1 1 1 1 1 1 1 1 1 1 1 1 1 1 1 1 1 1 1 1 1 1 1 1 1 1 1 1 1 1 1 1 1 1 1 1 1 1 1 1 1 1 100 1 1 1 1 1 1 1 1 1 1 1 1 1 1 1 1 1 1 1 1 1 1 1 100 1 1 1 1 1 1 1 1 1 1 1 1 1 1 1 100 1 1 1 1 1 1 1 1 1 1 1 1 1 1 1 16 15 10 12 16 15 10 12 15 10 12 15 10 12 15 10 100 12 1 1 1 1 1 1 1 100 1 100 1 1 1
staticfield java/lang/String COMPACT_STRINGS Z 1
staticfield java/lang/String serialPersistentFields [Ljava/io/ObjectStreamField; 0 [Ljava/io/ObjectStreamField;
staticfield java/lang/String CASE_INSENSITIVE_ORDER Ljava/util/Comparator; java/lang/String$CaseInsensitiveComparator
ciInstanceKlass java/lang/reflect/AnnotatedElement 1 1 164 11 7 12 1 1 1 11 12 1 1 100 1 10 100 12 1 1 1 10 12 1 1 10 12 1 1 10 12 1 10 100 12 1 1 1 11 12 1 1 11 100 12 1 1 10 100 12 1 1 1 10 12 1 10 100 12 1 1 1 18 12 1 1 11 100 12 1 1 18 12 1 18 12 1 1 10 100 12 1 1 1 11 100 12 1 1 1 100 1 10 100 12 1 1 1 1 1 1 1 1 1 1 1 1 1 1 1 1 1 1 1 1 1 1 1 1 1 100 1 1 1 1 1 1 1 1 1 1 1 16 15 16 1 16 1 15 11 12 16 16 1 15 10 100 12 1 1 1 16 1 15 10 100 12 1 1 1 1 100 1 100 1 1
ciInstanceKlass java/lang/reflect/GenericDeclaration 1 0 30 100 1 100 1 100 1 1 1 1 1 1 1 1 100 1 8 1 1 12 10 1 1 1 8 1 1 1 8 1
ciInstanceKlass java/lang/reflect/Type 1 1 17 11 100 12 1 1 1 100 1 1 1 1 1 1 1 1 1
ciInstanceKlass java/lang/invoke/TypeDescriptor 1 0 17 100 1 100 1 1 1 1 1 1 100 1 100 1 1 1 1
ciInstanceKlass java/lang/invoke/TypeDescriptor$OfField 1 0 21 100 1 100 1 100 1 1 1 1 1 1 1 1 1 1 1 1 1 1 1
ciInstanceKlass java/lang/Class 1 1 1698 10 7 12 1 1 1 9 7 12 1 1 1 9 12 1 1 10 12 1 1 8 1 10 12 1 8 1 8 1 10 12 1 1 10 7 12 1 1 1 10 12 1 7 1 10 10 12 1 10 12 1 1 10 12 1 1 10 12 1 1 10 7 12 1 1 10 12 1 10 12 1 10 12 1 8 1 10 12 1 8 1 10 12 1 8 1 8 1 10 12 1 1 10 100 12 1 1 1 18 12 1 1 11 100 12 1 1 1 8 1 8 1 8 1 10 100 12 1 1 1 11 12 1 1 8 1 10 12 1 10 11 7 12 1 1 1 11 100 12 1 1 1 11 8 1 18 8 1 10 12 1 10 7 12 1 1 10 12 1 1 10 7 12 1 1 1 10 12 1 1 10 12 1 1 10 7 12 1 1 1 10 12 9 100 12 1 1 1 10 100 12 1 1 1 10 12 1 10 7 12 1 1 1 10 12 1 1 18 12 1 1 10 7 12 1 1 1 10 7 12 1 10 12 1 1 10 7 1 100 1 10 12 1 1 9 12 1 1 7 1 8 1 10 12 1 10 12 1 1 10 12 1 1 10 7 12 1 1 1 7 1 10 12 1 7 1 7 1 10 10 12 1 1 10 12 1 1 100 1 10 100 12 1 1 1 10 12 1 1 10 12 1 1 9 12 1 1 10 12 1 10 12 1 1 9 12 1 1 9 12 1 1 10 12 1 1 10 7 1 10 12 1 10 12 1 10 12 1 1 10 9 12 1 10 12 1 8 1 10 12 1 1 10 12 1 1 10 12 1 10 12 1 1 10 12 1 1 10 12 1 1 9 7 12 1 1 1 10 7 12 1 1 10 12 10 12 1 10 12 1 10 12 1 10 12 1 9 100 12 1 1 1 9 12 1 10 12 1 10 100 12 1 1 1 10 12 1 1 10 100 12 1 1 10 12 1 10 12 1 1 10 100 12 1 1 1 10 12 1 10 12 1 1 10 12 1 10 12 1 10 12 1 1 10 7 1 10 10 10 12 1 1 10 12 1 1 10 12 10 10 12 1 1 100 1 8 1 10 10 12 1 1 10 12 1 100 1 11 12 1 10 100 12 1 1 10 12 1 10 12 1 10 100 12 1 1 10 10 12 1 1 8 1 10 12 1 10 12 1 1 8 1 10 12 1 9 12 1 10 12 1 10 12 1 10 12 1 10 12 100 1 9 12 1 10 12 1 9 12 1 10 12 1 10 12 1 10 12 1 10 10 12 1 10 12 1 10 7 12 1 1 10 12 1 10 12 1 10 12 1 1 10 12 1 10 12 1 10 12 1 100 1 10 12 1 10 12 1 1 10 12 1 1 10 12 1 1 10 12 1 1 10 12 1 1 10 12 1 1 7 1 10 10 12 1 1 10 12 1 1 10 12 1 1 10 10 12 1 10 12 1 1 10 12 1 1 10 12 1 1 10 12 1 1 7 1 10 10 12 11 100 12 1 1 10 12 1 10 12 1 10 100 12 1 1 1 10 12 1 1 10 10 12 1 1 100 1 10 10 12 1 1 10 100 12 1 1 1 100 1 7 1 10 12 1 1 10 12 1 10 10 12 1 1 10 12 1 10 12 1 10 12 1 10 100 12 1 1 1 11 7 12 1 1 10 12 1 10 12 1 9 12 1 10 12 1 1 10 12 1 9 12 1 1 100 1 10 9 12 1 1 10 12 100 1 10 12 1 9 12 1 10 100 12 1 1 1 10 12 1 10 12 1 10 100 12 1 1 1 10 12 1 10 12 10 12 1 1 100 1 10 8 1 10 12 1 11 11 12 1 1 11 7 12 1 1 11 12 1 8 1 10 12 1 10 12 1 1 9 12 1 9 12 1 1 10 7 12 1 1 9 12 1 10 12 1 1 10 10 12 1 10 7 12 1 1 1 10 7 12 1 1 10 7 12 1 1 9 12 1 1 10 12 1 9 12 1 10 12 1 10 12 1 1 9 12 1 1 9 12 1 10 12 1 10 12 1 1 9 12 1 7 1 10 10 12 1 1 7 1 10 12 1 1 7 11 7 1 9 12 1 1 9 12 1 100 1 10 12 1 9 12 1 1 9 12 1 10 12 1 10 12 1 1 9 12 1 7 1 10 10 12 1 1 10 10 12 1 10 12 10 10 12 1 9 12 1 10 12 1 1 10 7 12 1 1 1 10 12 1 1 10 12 1 8 10 7 8 1 18 8 1 8 1 10 12 1 9 12 1 9 12 1 1 10 12 1 7 1 7 1 10 12 1 9 12 1 1 7 1 10 10 12 1 10 7 1 9 12 1 8 1 10 12 1 7 1 10 12 1 10 12 1 1 100 1 100 1 9 12 1 100 1 8 1 10 10 7 12 1 1 1 10 12 11 7 12 1 1 1 10 12 1 10 12 1 1 10 8 1 8 1 10 12 1 1 9 7 12 1 1 11 12 7 1 11 7 12 1 1 9 12 1 10 100 12 1 1 1 10 7 12 1 1 10 12 1 1 9 12 1 9 10 12 1 1 10 12 1 1 10 12 1 1 10 12 1 1 10 12 1 1 11 12 1 7 1 11 12 1 10 7 12 1 1 1 10 12 1 11 12 1 10 100 12 1 1 1 10 12 1 10 100 12 1 1 1 11 12 1 11 12 1 1 10 12 1 10 12 1 1 9 12 1 1 9 100 12 1 1 10 12 1 10 100 12 1 1 1 10 12 1 1 10 12 1 10 12 1 10 12 1 10 7 12 1 1 1 10 12 1 8 1 10 12 1 10 12 1 10 12 1 100 1 10 12 10 100 12 1 1 1 11 100 12 1 1 1 10 12 1 1 10 12 1 18 12 1 1 11 12 1 1 18 11 12 1 18 12 1 11 12 1 10 12 1 1 10 12 1 10 12 1 10 12 1 10 12 1 10 12 10 12 1 8 1 10 12 1 7 1 9 12 1 1 100 1 100 1 100 1 100 1 1 1 3 1 3 1 3 1 1 1 1 1 1 1 5 0 1 1 1 1 1 1 1 1 1 1 1 1 1 1 1 1 1 1 1 1 1 1 1 1 100 1 1 1 1 1 1 1 100 1 1 1 1 1 7 1 1 1 1 1 1 1 1 1 1 1 1 1 1 1 1 1 1 1 1 1 1 1 1 1 1 1 1 1 1 1 1 1 1 1 1 1 1 1 1 1 1 100 1 1 1 1 1 1 1 1 1 1 1 1 1 1 1 1 1 1 1 1 1 1 1 1 1 1 1 1 1 1 1 100 1 1 1 1 1 1 1 1 1 1 1 1 1 1 1 1 1 1 1 1 3 1 1 1 1 1 1 1 1 1 1 1 1 1 1 1 1 1 1 1 1 1 1 1 1 1 1 1 1 1 1 1 1 1 1 1 100 1 100 1 1 1 1 1 1 1 1 1 1 1 1 1 1 1 1 1 1 1 1 1 1 1 1 1 1 1 1 1 1 1 1 1 1 1 1 1 1 1 1 1 1 1 1 1 1 1 1 1 1 1 1 1 1 1 1 1 1 1 1 1 1 1 1 1 1 1 1 1 1 1 1 1 1 1 1 1 1 1 1 1 1 1 1 1 1 1 1 1 1 1 1 1 1 1 1 1 1 1 1 1 1 1 1 1 1 1 1 1 1 1 1 1 1 1 1 1 1 1 1 1 1 1 1 1 1 1 1 1 1 1 1 16 15 10 12 16 15 11 12 16 1 16 15 16 15 10 12 16 16 15 10 12 16 15 16 1 15 10 12 16 15 10 100 12 1 1 1 1 1 1 1 1 1 1 1 1 100 1 1 100 1 100 1 1 100 1 100 1 1 100 1 100 1 1
staticfield java/lang/Class EMPTY_CLASS_ARRAY [Ljava/lang/Class; 0 [Ljava/lang/Class;
staticfield java/lang/Class serialPersistentFields [Ljava/io/ObjectStreamField; 0 [Ljava/io/ObjectStreamField;
ciInstanceKlass java/lang/Cloneable 1 1 7 100 1 100 1 1 1
instanceKlass jdk/internal/reflect/DelegatingClassLoader
instanceKlass java/security/SecureClassLoader
ciInstanceKlass java/lang/ClassLoader 1 1 1108 9 7 12 1 1 1 10 7 12 1 1 1 9 12 1 1 10 7 12 1 1 1 7 1 10 12 1 1 10 12 1 1 9 12 1 1 10 12 1 1 100 1 10 12 1 10 12 1 1 10 7 12 1 1 1 100 1 8 1 10 12 1 10 7 12 1 1 1 10 100 12 1 10 7 1 10 7 1 7 1 7 1 10 12 1 10 12 1 9 12 1 1 10 10 7 12 1 1 1 9 12 1 1 9 12 1 9 12 1 1 9 12 1 9 12 1 1 9 12 1 1 7 1 10 12 1 9 12 1 1 10 12 1 1 10 7 12 1 1 1 9 12 1 9 12 1 1 9 12 1 10 12 1 1 9 12 10 12 1 1 7 1 10 8 1 10 12 1 1 10 12 1 10 7 1 7 1 10 12 1 1 10 7 12 1 1 1 8 1 10 12 1 10 12 1 10 12 1 1 10 12 1 1 10 12 1 1 10 12 1 1 10 12 1 1 10 12 1 7 1 10 12 1 10 7 12 1 1 1 10 12 1 1 10 12 1 10 12 1 10 12 1 10 12 1 10 12 1 1 10 10 12 1 10 12 1 10 100 12 1 1 10 12 1 1 10 12 1 1 10 12 1 100 1 10 12 1 100 1 10 12 1 10 100 12 1 1 1 10 10 12 1 1 10 12 1 1 100 1 8 1 10 8 1 10 12 1 10 12 1 100 1 8 1 10 12 1 1 10 12 1 1 10 10 12 1 1 10 12 1 1 10 12 1 1 10 7 1 10 12 1 1 10 12 1 1 10 12 1 1 10 12 1 1 10 12 1 1 10 12 1 1 10 12 1 10 100 12 1 1 1 10 12 1 10 12 1 10 12 1 1 10 12 1 10 12 1 10 12 1 10 12 1 1 10 12 1 10 12 1 1 8 1 9 12 1 10 12 1 1 8 1 8 1 10 7 12 1 1 100 1 10 10 12 10 12 1 10 12 1 10 12 1 10 12 1 1 10 7 12 1 1 10 12 1 10 7 1 7 1 10 12 1 1 10 12 1 10 7 1 10 12 1 100 1 18 12 1 10 100 12 1 1 1 10 100 12 1 1 1 10 7 12 1 1 10 12 1 10 12 1 100 1 10 12 1 8 1 10 10 12 1 1 10 12 1 10 12 1 1 100 1 10 12 1 10 12 1 1 10 7 12 1 1 10 12 1 8 1 100 1 10 10 12 1 9 12 1 10 7 12 1 1 10 12 1 100 1 8 1 10 12 1 10 8 1 8 1 10 12 1 1 10 12 1 1 10 12 1 1 10 100 12 1 1 100 1 100 1 10 12 1 1 100 1 100 1 10 100 12 1 1 10 12 1 10 12 1 1 10 12 1 10 12 1 1 10 12 1 1 9 100 12 1 1 1 10 12 1 1 10 12 1 10 12 1 10 12 1 1 10 12 1 8 1 7 1 18 12 1 1 10 12 1 1 10 12 1 10 12 1 10 12 1 8 1 10 12 1 10 12 1 18 12 1 11 100 12 1 1 1 100 1 10 12 1 1 10 12 1 10 11 12 1 1 10 18 10 12 1 1 11 100 12 1 18 12 1 11 12 1 1 10 12 10 12 1 1 10 12 1 1 100 1 8 1 10 10 12 1 8 1 8 1 10 100 12 1 1 10 12 1 100 1 10 10 12 1 8 1 8 1 8 1 10 12 1 10 12 1 1 10 12 1 10 100 12 1 1 1 11 100 12 1 1 100 1 10 11 10 12 1 10 12 1 10 12 1 1 9 100 12 1 1 9 12 1 1 9 12 9 12 1 9 12 1 9 12 1 8 10 12 1 1 10 7 12 1 1 1 10 12 1 1 10 12 1 1 10 12 1 10 10 12 1 11 12 1 1 10 100 12 1 1 1 100 1 10 12 1 10 12 1 10 12 1 1 1 1 1 1 1 1 1 1 1 1 1 1 1 1 1 1 1 1 1 1 1 1 1 1 1 1 100 1 1 1 1 1 1 1 1 1 1 1 1 1 1 1 1 1 1 1 1 1 100 1 1 1 1 1 1 1 1 1 1 100 1 1 1 1 1 1 1 1 1 1 1 1 1 1 1 1 1 1 1 1 1 1 1 1 1 1 1 1 1 1 1 1 1 1 1 1 1 1 1 1 1 100 1 1 1 1 1 1 1 1 1 1 1 1 1 1 1 1 1 1 1 100 1 1 1 1 1 1 1 1 1 1 1 1 1 1 1 1 1 1 1 1 1 1 1 1 1 1 1 1 1 1 1 1 1 1 1 1 1 1 1 1 1 1 1 1 1 1 1 1 1 1 100 1 1 1 1 1 1 1 1 1 1 1 1 1 1 1 1 1 1 1 1 1 1 1 1 1 1 1 1 1 1 1 1 1 1 1 1 1 1 1 1 1 1 1 1 1 1 16 1 15 10 12 16 1 16 15 10 12 16 1 16 1 15 10 12 16 15 10 12 16 15 10 12 16 15 10 100 12 1 1 1 1 1 100 1 100 1 1
staticfield java/lang/ClassLoader nocerts [Ljava/security/cert/Certificate; 0 [Ljava/security/cert/Certificate;
staticfield java/lang/ClassLoader $assertionsDisabled Z 1
ciInstanceKlass java/lang/System 1 1 856 10 100 12 1 1 1 9 7 12 1 1 1 10 12 1 10 12 1 1 10 12 1 1 10 12 1 9 12 1 1 10 7 12 1 1 1 11 100 12 1 1 1 10 100 12 1 1 1 10 12 1 1 10 12 1 1 100 1 8 1 10 12 1 10 100 12 1 1 1 10 100 12 1 1 1 18 12 1 1 10 100 12 1 1 1 100 1 10 12 1 1 10 100 12 1 1 1 10 12 1 10 7 12 1 1 1 9 100 12 1 1 1 10 7 12 1 1 1 11 7 12 1 1 1 10 12 1 1 10 100 12 1 1 1 100 1 10 10 12 1 1 8 1 10 12 1 8 1 10 12 1 9 12 1 1 8 1 10 7 12 1 1 1 10 12 1 1 100 1 8 1 10 9 12 1 1 8 1 10 12 1 1 10 100 12 1 1 1 8 1 10 12 1 100 1 10 12 1 8 1 10 12 1 10 12 1 1 100 1 10 12 10 12 1 9 12 1 1 9 12 1 1 10 7 12 1 1 1 10 7 12 1 1 1 10 12 1 1 10 12 1 10 12 1 10 7 12 1 1 1 10 12 1 100 1 100 1 8 1 10 12 1 10 12 1 1 7 1 10 12 1 100 1 8 1 10 10 12 1 100 1 8 1 10 8 1 10 7 12 1 1 8 1 10 12 100 1 8 1 10 10 12 1 1 10 100 12 1 1 1 100 1 18 12 1 100 1 9 100 12 1 1 1 10 12 1 100 1 10 12 1 1 10 12 1 1 10 7 12 1 1 1 10 12 1 1 10 12 1 10 12 1 10 12 1 1 10 12 1 7 1 10 12 1 9 7 12 1 1 1 10 7 12 1 1 1 10 12 1 10 12 1 10 7 12 1 1 1 100 1 8 1 10 9 12 1 9 12 1 10 12 1 10 100 12 1 1 10 12 1 10 12 1 1 8 1 10 12 1 1 8 1 11 12 1 10 12 11 12 1 1 11 7 12 1 1 1 11 7 12 1 1 11 12 1 1 7 1 11 12 1 10 12 1 8 1 10 12 1 1 8 1 8 1 8 1 8 1 11 12 1 10 12 1 10 12 1 10 12 1 8 1 10 12 1 1 8 1 9 12 1 8 1 10 7 12 1 1 8 1 7 1 9 7 12 1 1 1 10 12 1 7 1 9 12 10 9 12 7 1 10 12 9 12 1 1 8 1 10 12 1 1 8 1 10 7 12 1 1 10 12 1 10 12 1 1 11 7 12 1 1 10 12 10 7 12 1 1 1 9 12 1 1 100 1 8 1 10 12 1 1 10 7 12 1 1 1 7 1 10 12 1 1 10 12 1 8 1 8 1 10 8 1 8 1 8 1 8 1 10 10 7 12 1 1 10 12 1 10 12 1 1 10 12 1 1 10 12 1 10 100 12 1 1 1 10 100 1 8 1 10 10 10 12 1 1 10 12 1 1 8 1 10 12 1 8 1 8 1 10 12 1 10 7 12 1 1 1 10 12 1 1 8 1 10 12 1 8 1 10 100 12 1 1 7 1 10 10 12 1 10 12 1 9 12 1 1 3 1 3 1 1 1 1 1 1 1 1 1 1 1 1 100 1 1 100 1 1 1 1 1 1 1 1 1 1 1 100 1 100 1 1 1 1 1 1 1 1 1 1 1 1 1 1 1 1 1 1 1 1 1 1 1 1 1 1 1 1 1 1 1 1 1 1 1 1 1 1 1 1 1 1 1 1 1 1 1 1 1 1 1 1 1 1 1 1 1 1 100 1 1 1 1 1 1 1 1 1 1 1 1 1 1 1 1 1 1 1 1 1 1 1 1 1 1 1 1 1 1 1 1 1 1 1 1 1 1 100 1 1 16 15 10 12 1 1 16 15 10 12 16 1 15 10 100 12 1 1 1 1 1 1 1 1 100 1 100 1 1 1 100 1 100 1 1
staticfield java/lang/System in Ljava/io/InputStream; java/io/BufferedInputStream
staticfield java/lang/System out Ljava/io/PrintStream; java/io/PrintStream
staticfield java/lang/System err Ljava/io/PrintStream; java/io/PrintStream
instanceKlass org/jetbrains/kotlin/load/java/structure/impl/classFiles/BinaryClassSignatureParser$ClsFormatException
instanceKlass java/lang/Exception
instanceKlass java/lang/Error
ciInstanceKlass java/lang/Throwable 1 1 428 10 7 12 1 1 1 9 7 12 1 1 1 9 12 1 1 9 12 1 9 12 1 1 9 12 1 10 12 1 1 9 12 1 1 10 12 1 1 10 12 1 100 1 7 1 10 8 1 10 12 1 1 8 1 10 100 12 1 1 10 10 12 1 100 1 8 1 10 10 12 1 1 10 7 12 1 1 10 12 1 8 1 9 100 12 1 1 1 10 12 1 1 100 1 10 12 10 12 1 10 100 12 1 1 1 100 1 10 12 10 12 1 10 12 1 100 1 10 10 7 12 1 1 1 11 100 12 1 1 1 10 12 1 1 10 12 1 1 8 1 10 12 1 10 12 1 1 8 1 8 1 10 12 1 1 10 12 1 8 1 8 1 9 12 1 1 10 12 1 1 100 1 10 11 12 1 8 1 8 1 10 7 12 1 1 8 1 10 12 1 8 1 100 1 10 12 1 9 12 1 1 10 12 1 10 100 12 1 9 12 1 1 10 12 1 1 100 1 8 1 10 12 1 10 100 12 1 1 10 12 1 1 100 1 10 100 12 1 1 1 10 12 1 11 100 12 1 1 1 11 100 12 1 1 11 12 1 8 1 10 12 1 1 8 1 10 10 9 100 12 1 1 1 8 1 10 12 1 1 11 10 100 1 8 1 10 11 12 1 1 8 1 9 12 1 10 100 12 1 1 11 9 12 1 1 11 12 1 1 100 9 12 1 1 11 100 12 1 1 100 1 10 12 1 10 12 1 1 100 1 1 1 1 5 0 1 1 1 1 1 1 1 1 1 1 1 1 1 1 1 1 1 1 1 1 1 1 1 1 1 1 1 1 1 1 1 1 1 1 1 1 1 1 1 1 1 1 1 1 1 1 1 1 1 1 1 1 1 1 1 1 1 100 1 100 1 1 1 1 1 1 1 1 1 1 1 1 1 1 1 1 1 1 1 1 1 1 1 1 1 1 1 100 1 100 1 1
staticfield java/lang/Throwable UNASSIGNED_STACK [Ljava/lang/StackTraceElement; 0 [Ljava/lang/StackTraceElement;
staticfield java/lang/Throwable SUPPRESSED_SENTINEL Ljava/util/List; java/util/Collections$EmptyList
staticfield java/lang/Throwable EMPTY_THROWABLE_ARRAY [Ljava/lang/Throwable; 0 [Ljava/lang/Throwable;
staticfield java/lang/Throwable $assertionsDisabled Z 1
instanceKlass java/io/IOError
instanceKlass kotlin/reflect/jvm/internal/KotlinReflectionInternalError
instanceKlass kotlin/jvm/KotlinReflectionNotSupportedError
instanceKlass kotlin/NotImplementedError
instanceKlass java/lang/AssertionError
instanceKlass java/lang/VirtualMachineError
instanceKlass java/lang/LinkageError
ciInstanceKlass java/lang/Error 1 1 40 10 7 12 1 1 1 10 12 1 10 12 1 10 12 1 10 12 1 100 1 1 1 1 5 0 1 1 1 1 1 1 1 1 1 1 1 1 1 1
instanceKlass org/jetbrains/kotlin/com/google/common/collect/RegularImmutableMap$BucketOverflowException
instanceKlass org/jetbrains/kotlin/container/InvalidCardinalityException
instanceKlass org/jetbrains/kotlin/container/ContainerConsistencyException
instanceKlass java/util/concurrent/TimeoutException
instanceKlass org/jetbrains/kotlin/com/intellij/psi/scope/MethodProcessorSetupFailedException
instanceKlass java/text/ParseException
instanceKlass javax/xml/stream/XMLStreamException
instanceKlass org/jetbrains/kotlin/com/intellij/util/cls/ClsFormatException
instanceKlass sun/nio/fs/WindowsException
instanceKlass java/net/URISyntaxException
instanceKlass java/lang/CloneNotSupportedException
instanceKlass kotlin/reflect/jvm/internal/impl/types/TypeSubstitutor$SubstitutionException
instanceKlass kotlin/reflect/full/IllegalPropertyDelegateAccessException
instanceKlass kotlin/reflect/full/IllegalCallableAccessException
instanceKlass java/lang/InterruptedException
instanceKlass java/io/IOException
instanceKlass java/lang/ReflectiveOperationException
instanceKlass java/lang/RuntimeException
ciInstanceKlass java/lang/Exception 1 1 54 10 7 12 1 1 1 10 12 1 10 12 1 10 12 1 10 12 1 100 1 1 1 1 5 0 1 1 1 1 1 1 1 1 1 1 1 1 1 1 1 100 1 100 1 100 1 100 1 1 1 1 1 1
instanceKlass org/jetbrains/kotlin/com/intellij/psi/text/BlockSupport$ReparsedSuccessfullyException
instanceKlass org/jetbrains/kotlin/lexer/KotlinLexerException
instanceKlass org/jetbrains/kotlin/protobuf/UninitializedMessageException
instanceKlass org/jetbrains/kotlin/com/intellij/openapi/util/RecursionManager$CachingPreventedException
instanceKlass org/jetbrains/kotlin/com/intellij/core/CoreJavaCodeStyleManager$1CancelException
instanceKlass org/jetbrains/kotlin/com/intellij/openapi/util/StackOverflowPreventedException
instanceKlass org/jetbrains/kotlin/com/intellij/openapi/vfs/InvalidVirtualFileAccessException
instanceKlass org/jetbrains/kotlin/com/intellij/psi/PsiInvalidElementAccessException
instanceKlass org/jetbrains/kotlin/com/fasterxml/aalto/UncheckedStreamException
instanceKlass java/util/concurrent/RejectedExecutionException
instanceKlass java/io/UncheckedIOException
instanceKlass org/jetbrains/kotlin/com/intellij/openapi/extensions/SortingException
instanceKlass org/jetbrains/kotlin/com/intellij/diagnostic/ImplementationConflictException
instanceKlass java/util/EmptyStackException
instanceKlass org/jetbrains/kotlin/com/intellij/openapi/diagnostic/RuntimeExceptionWithAttachments
instanceKlass org/jetbrains/kotlin/com/intellij/diagnostic/PluginException
instanceKlass org/jetbrains/kotlin/com/intellij/openapi/project/IndexNotReadyException
instanceKlass org/jetbrains/kotlin/com/intellij/openapi/editor/ReadOnlyModificationException
instanceKlass org/jetbrains/kotlin/com/intellij/openapi/editor/ReadOnlyFragmentModificationException
instanceKlass org/jetbrains/kotlin/com/intellij/util/lang/CompoundRuntimeException
instanceKlass org/jetbrains/kotlin/com/intellij/util/pico/PicoException
instanceKlass org/jetbrains/kotlin/com/intellij/openapi/extensions/ExtensionNotApplicableException
instanceKlass java/util/MissingResourceException
instanceKlass java/nio/file/FileSystemNotFoundException
instanceKlass org/jetbrains/kotlin/util/ServiceLoaderLite$ServiceLoadingException
instanceKlass org/jetbrains/kotlin/compiler/plugin/PluginProcessingException
instanceKlass org/jetbrains/kotlin/compiler/plugin/CliOptionProcessingException
instanceKlass org/jetbrains/kotlin/utils/WrappedValues$WrappedProcessCanceledException
instanceKlass kotlin/KotlinNothingValueException
instanceKlass org/jetbrains/kotlin/com/intellij/util/IncorrectOperationException
instanceKlass org/jetbrains/kotlin/cli/pipeline/SuccessfulPipelineExecutionException
instanceKlass org/jetbrains/kotlin/cli/pipeline/PipelineStepException
instanceKlass kotlin/reflect/jvm/internal/impl/protobuf/UninitializedMessageException
instanceKlass java/lang/SecurityException
instanceKlass kotlin/reflect/jvm/internal/impl/utils/WrappedValues$WrappedProcessCanceledException
instanceKlass java/util/ConcurrentModificationException
instanceKlass java/lang/reflect/UndeclaredThrowableException
instanceKlass java/util/NoSuchElementException
instanceKlass java/lang/IndexOutOfBoundsException
instanceKlass kotlin/NoWhenBranchMatchedException
instanceKlass kotlin/UninitializedPropertyAccessException
instanceKlass java/lang/UnsupportedOperationException
instanceKlass java/lang/IllegalStateException
instanceKlass org/jetbrains/kotlin/cli/jvm/compiler/CompileEnvironmentException
instanceKlass org/jetbrains/kotlin/utils/KotlinExceptionWithAttachments
instanceKlass org/jetbrains/kotlin/analyzer/CompilationErrorException
instanceKlass org/jetbrains/kotlin/com/intellij/openapi/progress/ProcessCanceledException
instanceKlass java/lang/IllegalArgumentException
instanceKlass java/lang/ArithmeticException
instanceKlass java/lang/NullPointerException
instanceKlass java/lang/IllegalMonitorStateException
instanceKlass java/lang/ArrayStoreException
instanceKlass java/lang/ClassCastException
ciInstanceKlass java/lang/RuntimeException 1 1 40 10 100 12 1 1 1 10 12 1 10 12 1 10 12 1 10 12 1 100 1 1 1 1 5 0 1 1 1 1 1 1 1 1 1 1 1 1 1 1
ciInstanceKlass java/lang/SecurityManager 0 0 576 10 100 12 1 1 1 9 100 12 1 1 1 10 100 12 1 1 1 100 1 8 1 10 12 1 10 12 1 1 10 100 12 1 1 1 10 100 1 10 100 1 10 9 100 12 1 1 1 10 100 12 1 1 1 10 12 1 1 10 100 12 1 1 100 1 8 1 10 9 12 1 1 9 12 1 8 1 9 12 1 100 1 10 8 1 10 12 1 1 10 12 1 10 12 1 1 100 1 10 10 12 1 1 100 1 8 1 10 12 1 8 1 8 1 8 1 8 1 8 1 8 1 10 12 1 8 1 8 1 8 1 8 1 8 1 10 100 12 1 1 1 10 12 1 1 8 1 100 1 8 1 10 8 1 8 1 8 1 8 1 8 1 10 100 12 1 1 8 1 100 1 8 1 8 1 10 8 1 10 12 1 100 1 8 1 10 10 12 1 1 10 12 1 10 12 1 10 12 1 10 100 12 1 1 1 10 12 1 10 100 12 1 1 11 100 12 1 1 1 18 12 1 1 11 100 12 1 1 1 18 12 1 1 11 12 1 1 18 18 11 12 1 18 12 1 11 12 1 1 9 12 1 1 9 12 1 9 12 1 9 12 1 100 1 10 100 12 1 1 10 12 1 10 12 1 18 12 1 18 10 100 12 1 1 1 18 12 1 10 12 1 18 18 8 1 10 12 1 9 12 1 1 11 100 12 1 1 1 8 1 100 1 10 12 1 10 12 1 1 10 12 1 1 9 12 1 1 10 12 1 10 12 1 1 8 1 100 1 10 9 12 1 8 1 10 12 1 8 1 100 1 10 10 100 12 1 1 10 100 1 9 100 12 1 1 1 11 12 1 1 10 12 1 11 12 1 10 12 1 100 1 10 10 12 1 1 10 12 1 1 1 1 1 1 1 1 1 1 1 100 1 1 1 1 1 1 1 1 1 1 1 1 1 1 1 1 1 1 1 1 1 1 1 1 1 1 1 1 1 1 1 1 1 1 1 1 1 1 1 1 1 1 1 1 1 1 1 1 1 1 1 1 1 1 1 1 3 1 1 1 1 1 1 1 1 1 1 100 1 1 1 1 1 1 1 1 1 1 1 1 1 1 1 1 1 1 1 1 1 1 1 1 1 1 1 1 1 1 1 1 1 1 1 1 1 1 16 15 10 100 12 1 1 1 16 1 16 15 10 12 16 1 15 10 12 16 15 11 100 1 16 1 16 1 15 10 12 16 15 10 12 16 15 10 12 1 16 1 15 11 12 1 15 10 12 16 15 10 16 1 15 10 100 12 1 1 1 1 1 1 100 1 100 1 1
ciInstanceKlass java/security/ProtectionDomain 1 1 348 10 7 12 1 1 1 9 7 12 1 1 1 7 1 10 9 12 1 1 9 12 1 1 9 12 1 1 10 7 12 1 1 7 1 9 12 1 9 12 1 1 7 1 9 12 1 1 9 12 1 10 100 12 1 1 10 100 12 1 1 1 10 12 1 1 10 12 1 9 12 1 9 100 12 1 1 10 12 1 1 10 100 1 10 12 1 1 8 1 100 1 8 1 10 12 1 10 11 10 100 12 1 1 1 10 12 1 1 8 1 11 8 1 10 12 1 8 1 8 1 10 12 1 1 10 12 1 10 12 1 1 10 12 1 8 1 10 12 1 8 1 8 1 10 100 12 1 1 1 9 100 12 1 1 1 10 12 1 1 9 100 12 1 1 1 10 100 12 1 1 1 100 1 18 12 1 1 10 100 12 1 1 1 10 100 1 10 12 1 10 12 1 1 11 100 12 1 1 11 12 1 100 1 11 100 12 1 1 1 10 12 1 10 11 12 1 1 11 12 1 1 10 12 1 10 7 12 1 1 10 100 12 1 1 11 12 1 10 12 10 12 1 8 1 8 1 10 7 12 1 1 1 7 1 10 10 7 12 1 1 1 1 1 1 1 1 1 1 100 1 1 100 1 1 1 1 1 1 1 1 1 1 1 1 1 1 1 1 1 1 1 1 1 1 1 1 1 1 1 1 1 1 1 1 1 1 1 1 1 1 1 1 1 1 1 1 100 1 1 1 1 1 1 100 1 1 16 15 10 12 16 15 10 100 12 1 1 1 1 1 1 1 100 1 100 1 1
staticfield java/security/ProtectionDomain filePermCompatInPD Z 0
ciInstanceKlass java/security/AccessControlContext 1 1 374 9 7 12 1 1 1 9 12 1 1 10 100 12 1 1 1 8 1 10 100 12 1 1 1 10 7 12 1 1 1 9 12 1 9 12 1 1 9 12 1 1 10 7 12 1 1 100 1 10 12 1 11 100 12 1 1 1 11 12 1 11 12 1 11 12 1 1 7 1 11 12 1 1 10 12 1 10 7 12 1 1 1 9 100 12 1 1 1 10 100 12 1 1 1 11 100 12 1 1 1 10 7 1 100 1 8 1 10 12 1 10 12 1 1 7 1 10 7 12 1 1 1 9 12 1 9 12 1 9 12 1 9 12 1 1 9 12 1 1 9 12 1 9 12 1 10 7 12 1 1 1 9 12 1 10 12 1 1 10 12 1 1 8 1 10 12 1 1 10 12 1 1 10 100 12 1 1 1 100 1 10 10 12 1 1 10 100 12 1 1 1 10 8 1 10 100 12 1 1 8 1 10 100 12 1 1 8 1 8 1 10 12 1 8 1 10 12 1 8 1 10 12 1 10 12 1 10 12 1 1 8 1 8 1 100 1 10 12 1 10 12 1 1 100 1 10 12 1 8 1 10 12 1 10 12 1 10 8 1 10 12 1 1 10 12 1 1 10 12 1 1 10 12 1 1 10 12 1 10 12 1 11 10 12 1 10 12 1 1 10 10 10 12 1 1 1 1 1 1 1 1 1 1 1 1 1 1 1 1 1 1 1 1 1 1 1 1 100 1 1 1 1 1 1 1 1 1 1 1 1 1 1 1 1 1 1 1 1 1 1 1 1 1 1 1 1 1 1 1 1 1 1 1 1 1 1 1 1 1 1 1 1 1 1 1 1 1 1 1 1 3 1 1
ciInstanceKlass java/security/AccessController 1 1 295 10 100 12 1 1 1 10 7 12 1 1 1 10 7 12 1 1 1 10 12 1 1 10 12 1 1 10 7 12 1 1 1 10 12 1 1 10 12 1 10 12 1 1 10 12 1 100 1 8 1 10 12 1 10 12 1 10 12 1 1 10 12 1 100 1 100 1 10 12 1 1 10 12 1 10 12 1 10 12 1 1 10 7 12 1 1 1 10 12 1 1 9 100 12 1 1 1 10 100 12 1 1 1 10 12 1 10 12 1 9 100 12 1 1 1 10 12 1 10 12 1 1 9 12 1 1 10 100 1 10 11 7 12 1 1 1 10 7 12 1 1 11 7 1 100 1 10 12 1 10 12 1 10 12 1 8 1 10 12 1 1 8 1 10 100 12 1 1 1 8 1 100 1 10 10 12 1 1 10 12 1 10 7 12 1 1 1 10 12 1 8 1 10 100 12 1 1 8 1 8 1 10 12 1 8 1 10 12 1 10 12 1 1 10 12 1 1 1 1 1 1 1 1 1 1 1 1 1 1 1 1 1 1 1 1 1 1 1 1 1 1 1 1 100 1 1 1 1 1 1 1 1 1 1 1 1 1 1 1 1 1 1 1 1 1 1 1 1 1 1 1 1 1 1 1 1 1 1 100 1 100 1 1 1 1 1 1 1 1 1 3 1 1 1
staticfield java/security/AccessController $assertionsDisabled Z 1
instanceKlass jdk/internal/loader/BuiltinClassLoader
instanceKlass java/net/URLClassLoader
ciInstanceKlass java/security/SecureClassLoader 1 1 102 10 7 12 1 1 1 7 1 10 12 1 9 7 12 1 1 1 10 12 1 10 12 1 10 12 1 1 10 12 1 1 10 12 1 7 1 10 7 1 10 12 1 7 1 10 12 1 11 7 12 1 1 1 7 1 11 12 1 10 12 1 1 1 1 1 1 1 1 1 1 1 1 1 1 1 1 1 1 1 1 1 1 1 1 1 1 1 1 1 1 1 1 1 1 1 1 100 1 1 1 1
instanceKlass java/lang/reflect/InvocationTargetException
instanceKlass java/lang/InstantiationException
instanceKlass java/lang/IllegalAccessException
instanceKlass java/lang/NoSuchFieldException
instanceKlass java/lang/NoSuchMethodException
instanceKlass java/lang/ClassNotFoundException
ciInstanceKlass java/lang/ReflectiveOperationException 1 1 34 10 7 12 1 1 1 10 12 1 10 12 1 10 12 1 100 1 1 1 1 5 0 1 1 1 1 1 1 1 1 1 1 1
ciInstanceKlass java/lang/ClassNotFoundException 1 1 96 7 1 10 7 12 1 1 1 10 12 1 10 12 1 1 10 100 12 1 1 1 8 1 10 100 12 1 1 1 10 7 12 1 1 10 100 12 1 1 1 10 100 12 1 1 1 10 12 1 1 7 1 10 12 1 9 12 1 1 1 1 1 5 0 1 1 1 1 1 1 1 1 1 1 1 1 1 1 1 1 1 1 100 1 1 1 1 1 1 1 1 1 1 1 1
staticfield java/lang/ClassNotFoundException serialPersistentFields [Ljava/io/ObjectStreamField; 1 [Ljava/io/ObjectStreamField;
instanceKlass java/util/stream/Collectors$CollectorImpl
instanceKlass java/lang/reflect/Proxy$ProxyBuilder$ProxyClassContext
instanceKlass java/security/SecureClassLoader$CodeSourceKey
instanceKlass jdk/internal/reflect/ReflectionFactory$Config
instanceKlass jdk/internal/foreign/abi/UpcallLinker$CallRegs
instanceKlass jdk/internal/foreign/abi/VMStorage
ciInstanceKlass java/lang/Record 1 1 22 10 7 12 1 1 1 100 1 1 1 1 1 1 1 1 1 1 1 1 1 1
instanceKlass java/lang/IncompatibleClassChangeError
instanceKlass java/lang/UnsatisfiedLinkError
instanceKlass java/lang/BootstrapMethodError
instanceKlass java/lang/NoClassDefFoundError
ciInstanceKlass java/lang/LinkageError 1 1 31 10 7 12 1 1 1 10 12 1 10 12 1 100 1 1 1 1 5 0 1 1 1 1 1 1 1 1 1 1 1
ciInstanceKlass java/lang/NoClassDefFoundError 0 0 26 10 100 12 1 1 1 10 12 1 100 1 1 1 1 5 0 1 1 1 1 1 1 1 1 1
ciInstanceKlass java/lang/ClassCastException 1 1 26 10 100 12 1 1 1 10 12 1 100 1 1 1 1 5 0 1 1 1 1 1 1 1 1 1
ciInstanceKlass java/lang/ArrayStoreException 1 1 26 10 100 12 1 1 1 10 12 1 100 1 1 1 1 5 0 1 1 1 1 1 1 1 1 1
instanceKlass java/lang/StackOverflowError
instanceKlass java/lang/OutOfMemoryError
instanceKlass java/lang/InternalError
ciInstanceKlass java/lang/VirtualMachineError 1 1 34 10 100 12 1 1 1 10 12 1 10 12 1 10 12 1 100 1 1 1 1 5 0 1 1 1 1 1 1 1 1 1 1 1
ciInstanceKlass java/lang/InternalError 0 0 34 10 100 12 1 1 1 10 12 1 10 12 1 10 12 1 100 1 1 1 1 5 0 1 1 1 1 1 1 1 1 1 1 1
ciInstanceKlass java/lang/OutOfMemoryError 1 1 26 10 100 12 1 1 1 10 12 1 100 1 1 1 1 5 0 1 1 1 1 1 1 1 1 1
ciInstanceKlass java/lang/StackOverflowError 1 1 26 10 100 12 1 1 1 10 12 1 100 1 1 1 1 5 0 1 1 1 1 1 1 1 1 1
ciInstanceKlass java/lang/IllegalMonitorStateException 1 1 26 10 100 12 1 1 1 10 12 1 100 1 1 1 1 5 0 1 1 1 1 1 1 1 1 1
instanceKlass java/lang/ref/PhantomReference
instanceKlass java/lang/ref/FinalReference
instanceKlass java/lang/ref/WeakReference
instanceKlass java/lang/ref/SoftReference
ciInstanceKlass java/lang/ref/Reference 1 1 190 9 7 12 1 1 1 9 7 12 1 1 10 12 1 1 10 12 1 1 9 12 1 1 10 12 1 1 9 12 1 1 9 12 1 1 7 1 10 12 1 10 7 12 1 1 10 12 1 10 12 1 1 10 12 1 7 1 8 1 10 12 1 1 7 1 10 12 1 1 10 12 1 1 10 12 1 9 12 1 10 12 1 1 10 12 1 10 12 1 9 12 1 100 1 100 1 10 12 9 12 1 9 12 1 100 1 10 10 12 1 10 10 7 12 1 1 7 1 10 10 7 12 1 1 1 1 1 1 1 1 1 1 1 1 1 1 1 1 1 1 1 100 1 1 1 100 1 1 1 1 1 1 1 1 1 1 1 1 1 1 1 1 1 1 1 1 1 1 1 1 1 1 1 1 1 1 1 1 1 1 1 100 1 100 1 100 1 1 1
staticfield java/lang/ref/Reference processPendingLock Ljava/lang/Object; java/lang/Object
staticfield java/lang/ref/Reference $assertionsDisabled Z 1
instanceKlass org/jetbrains/kotlin/com/intellij/util/containers/ConcurrentWeakKeySoftValueHashMap$SoftValue
instanceKlass org/jetbrains/kotlin/com/intellij/util/containers/SoftKeySoftValueHashMap$ValueReference
instanceKlass org/jetbrains/kotlin/com/intellij/reference/SoftReference
instanceKlass java/lang/invoke/LambdaFormEditor$Transform
ciInstanceKlass java/lang/ref/SoftReference 1 1 47 10 7 12 1 1 1 9 7 12 1 1 1 9 12 1 10 12 1 10 12 1 1 1 1 1 1 1 1 1 1 1 1 1 1 1 1 1 1 1 1 100 1 1 1 1 1
instanceKlass org/jetbrains/kotlin/com/intellij/util/containers/ConcurrentWeakKeySoftValueHashMap$WeakKey
instanceKlass org/jetbrains/kotlin/com/intellij/util/containers/UnsafeWeakList$MyReference
instanceKlass org/jetbrains/kotlin/com/intellij/util/containers/IntKeyWeakValueHashMap$MyReference
instanceKlass java/lang/WeakPairMap$WeakRefPeer
instanceKlass java/lang/ClassValue$Entry
instanceKlass java/util/logging/Level$KnownLevel
instanceKlass jdk/internal/util/WeakReferenceKey
instanceKlass java/lang/ThreadLocal$ThreadLocalMap$Entry
instanceKlass java/util/WeakHashMap$Entry
ciInstanceKlass java/lang/ref/WeakReference 1 1 31 10 7 12 1 1 1 10 12 1 100 1 1 1 1 1 1 1 1 1 1 1 1 1 1 1 1 1 1 1 1
instanceKlass java/lang/ref/Finalizer
ciInstanceKlass java/lang/ref/FinalReference 1 1 50 10 100 12 1 1 1 10 100 12 1 1 1 10 12 1 1 100 1 8 1 10 12 1 1 1 1 1 1 1 1 1 1 1 1 1 1 1 1 1 1 1 1 1 1 1 1 1 100 1
instanceKlass jdk/internal/ref/Cleaner
instanceKlass jdk/internal/ref/PhantomCleanable
ciInstanceKlass java/lang/ref/PhantomReference 1 1 39 10 100 12 1 1 1 10 7 12 1 1 1 1 1 1 1 1 1 1 1 1 1 1 1 1 1 1 1 1 1 1 1 1 1 1 1 1 1
ciInstanceKlass java/lang/ref/Finalizer 1 1 155 9 7 12 1 1 1 10 100 12 1 1 1 9 12 1 1 9 12 1 1 9 12 1 9 12 1 9 12 1 1 10 12 1 100 1 8 1 10 12 1 10 12 1 1 9 12 1 100 1 10 12 1 100 1 11 100 12 1 1 10 12 1 100 1 10 12 1 100 1 10 12 1 10 100 12 1 1 1 10 100 12 1 1 1 100 1 10 10 12 1 7 1 10 12 1 7 1 10 12 1 1 10 12 1 1 10 12 1 10 7 12 1 1 1 7 1 10 7 1 10 10 12 1 1 1 1 1 1 1 1 1 1 1 1 1 1 1 1 1 1 1 1 1 1 1 1 1 1 1 1 1 1 1 1
staticfield java/lang/ref/Finalizer lock Ljava/lang/Object; java/lang/Object
staticfield java/lang/ref/Finalizer ENABLED Z 1
staticfield java/lang/ref/Finalizer $assertionsDisabled Z 1
ciInstanceKlass java/lang/Runnable 1 0 11 100 1 100 1 1 1 1 1 1 1
instanceKlass java/util/concurrent/ForkJoinWorkerThread
instanceKlass java/lang/ref/Finalizer$FinalizerThread
instanceKlass java/lang/ref/Reference$ReferenceHandler
instanceKlass jdk/internal/misc/InnocuousThread
instanceKlass java/lang/BaseVirtualThread
ciInstanceKlass java/lang/Thread 1 1 870 10 7 12 1 1 1 9 12 1 1 10 100 12 1 1 10 12 1 10 100 12 1 1 100 1 8 1 10 12 1 1 9 12 1 9 12 1 1 9 12 1 1 100 1 10 12 1 1 10 12 1 10 100 12 1 1 1 10 12 9 12 1 1 10 12 1 100 1 10 12 1 100 1 8 1 10 9 100 12 1 1 1 10 12 1 1 10 12 1 1 10 12 1 1 10 12 1 10 12 1 1 3 8 1 100 1 5 0 10 7 12 1 1 1 9 12 1 10 12 1 1 10 7 12 1 1 1 10 7 12 1 1 1 10 12 1 1 10 12 1 1 9 12 1 1 10 100 1 8 1 10 7 1 10 12 1 9 12 1 1 10 100 12 1 1 1 10 10 12 1 1 9 100 12 1 1 1 10 12 1 1 10 12 1 1 10 7 12 1 1 10 12 1 10 12 1 10 7 12 1 1 9 12 1 10 7 12 1 1 1 10 12 1 1 9 12 1 1 9 12 1 1 10 7 12 1 1 1 9 12 1 1 10 100 12 1 1 10 100 12 1 1 1 10 12 1 10 12 1 10 100 12 1 1 9 12 1 8 1 9 100 12 1 1 9 12 1 1 5 0 100 1 10 100 1 10 100 1 10 100 1 10 8 1 10 12 1 1 10 100 12 1 10 12 1 10 12 1 100 1 8 1 10 10 12 1 10 12 1 1 10 100 12 1 1 1 10 100 12 1 1 1 10 12 1 7 1 9 12 1 1 100 1 10 10 12 1 9 12 1 1 10 12 1 1 10 12 1 1 10 12 1 10 12 1 9 12 1 1 10 10 12 1 1 10 12 1 1 11 7 12 1 1 10 100 12 1 1 9 12 1 9 12 1 1 9 12 1 1 10 100 12 1 1 10 12 1 1 9 100 12 1 1 1 10 100 12 1 1 10 12 1 10 12 1 100 1 10 10 12 9 12 1 1 10 12 1 11 100 12 1 1 10 12 1 10 12 1 10 12 1 9 12 1 10 10 12 1 10 12 1 1 9 12 1 9 12 10 12 1 8 1 10 12 1 10 12 1 10 12 1 10 12 1 10 12 1 1 10 12 1 10 12 1 1 10 12 1 10 12 1 10 12 1 10 12 1 10 12 1 1 9 7 12 1 1 1 8 1 10 9 12 1 10 12 1 100 1 8 1 10 10 12 1 8 1 10 12 1 1 9 12 10 12 8 1 10 10 12 1 10 12 1 8 1 10 12 1 10 8 1 10 100 12 1 1 10 12 1 1 100 1 8 1 10 9 12 1 9 12 1 1 10 12 1 1 10 10 12 1 10 12 1 100 10 7 12 1 1 1 9 12 1 10 12 1 1 10 12 1 1 10 100 12 1 1 1 11 100 12 1 1 1 9 100 12 1 1 1 10 100 12 1 1 1 100 1 10 12 1 100 1 10 12 1 10 12 1 1 10 12 1 1 8 1 9 12 1 10 12 1 10 12 1 1 11 100 12 1 1 1 10 12 1 1 1 1 3 1 3 1 3 1 3 1 1 1 1 1 1 1 1 1 1 1 1 1 1 1 1 1 1 1 1 1 100 1 1 1 1 1 1 1 1 1 1 1 1 1 1 1 1 1 1 1 1 1 1 100 1 1 1 1 1 1 1 1 1 1 1 1 1 1 1 1 100 1 100 1 1 1 1 1 1 1 1 1 1 1 1 1 1 1 1 1 1 1 1 1 1 1 1 1 1 1 1 1 1 1 1 1 1 1 1 1 1 1 1 1 1 1 1 1 1 1 1 1 1 1 1 1 1 1 1 1 1 1 1 1 1 1 1 1 1 1 1 1 1 1 1 1 1 1 1 100 100 1 1 1 1 1 1 1 1 1 1 1 1 1 1 1 1 1 1 1 1 1 1 1 1 1 1 100 1 100 1 100 1 100 1 100 1 1 100 1 1 1 1 1 1 1 1 1 1 1 1 1 1 1
staticfield java/lang/Thread NEW_THREAD_BINDINGS Ljava/lang/Object; java/lang/Class
staticfield java/lang/Thread EMPTY_STACK_TRACE [Ljava/lang/StackTraceElement; 0 [Ljava/lang/StackTraceElement;
ciInstanceKlass java/lang/Thread$FieldHolder 1 1 48 10 7 12 1 1 1 9 7 12 1 1 1 9 12 1 1 9 12 1 1 9 12 1 1 9 12 1 1 1 1 1 1 1 1 1 1 100 1 100 1 1 1 1 100 1 1 1
ciInstanceKlass java/lang/Thread$Constants 0 0 59 100 1 10 100 12 1 1 1 100 1 10 10 100 12 1 1 1 100 1 8 1 10 12 1 9 100 12 1 1 1 100 1 100 1 10 12 1 10 12 1 9 12 1 1 1 1 1 1 1 1 1 1 1 1 1 1 1 1
ciInstanceKlass java/lang/Thread$UncaughtExceptionHandler 1 0 16 100 1 100 1 1 1 1 1 1 1 1 100 1 1 1
ciInstanceKlass java/lang/ThreadGroup 1 1 411 10 7 12 1 1 1 9 7 12 1 1 1 8 1 9 12 1 1 100 1 9 12 1 1 9 12 1 1 10 7 12 1 1 1 10 12 1 1 10 12 1 10 12 1 10 12 1 10 12 1 1 10 12 1 1 10 12 1 10 12 1 1 10 12 1 10 12 1 10 100 12 1 1 1 10 12 1 1 18 12 1 1 11 100 12 1 1 1 10 7 12 1 1 1 10 100 12 1 10 12 1 1 10 12 1 1 10 12 1 1 10 100 12 1 1 1 10 12 1 11 12 1 1 11 100 12 1 1 11 12 1 1 10 12 1 1 10 12 1 10 12 1 11 12 1 11 12 1 1 100 1 10 10 12 1 100 1 10 18 12 1 1 11 100 12 1 1 1 11 12 1 1 9 12 1 1 10 12 1 1 8 1 10 100 12 1 1 1 10 100 12 1 1 1 10 12 1 1 11 12 10 12 1 1 10 12 1 1 11 100 1 9 12 1 100 1 10 8 1 10 12 1 1 10 12 1 1 8 1 10 12 1 10 100 12 1 1 1 10 12 1 1 10 7 1 8 1 10 8 1 10 12 1 10 12 1 8 1 9 12 1 1 9 12 1 10 100 12 1 1 1 100 9 12 1 1 100 1 9 12 1 10 12 10 12 1 1 100 10 12 9 12 1 10 12 1 100 1 10 11 12 1 1 100 1 10 10 12 1 10 12 1 1 1 1 1 1 1 1 1 1 1 1 1 1 1 1 1 1 3 1 1 1 1 1 1 1 1 1 1 1 1 100 1 1 1 1 1 1 1 1 1 1 1 1 1 1 1 1 1 1 1 1 1 1 1 1 1 1 1 1 1 1 1 1 1 1 1 1 1 1 1 1 1 1 1 16 15 10 12 16 16 15 10 12 16 15 10 100 12 1 1 1 1 1 100 1 100 1 1
staticfield java/lang/ThreadGroup $assertionsDisabled Z 1
instanceKlass java/lang/ThreadBuilders$BoundVirtualThread
instanceKlass java/lang/VirtualThread
ciInstanceKlass java/lang/BaseVirtualThread 0 0 36 10 100 12 1 1 1 100 1 1 1 1 1 1 1 1 1 1 1 1 1 1 1 1 1 1 1 1 100 1 100 1 1 100 1 1
ciInstanceKlass java/lang/VirtualThread 0 0 907 9 100 12 1 1 1 10 100 12 1 1 1 10 100 12 1 1 1 10 100 12 1 1 1 9 12 1 1 9 12 1 1 100 1 10 12 1 9 12 1 1 18 12 1 1 9 12 1 1 10 12 1 1 100 1 10 12 1 10 12 1 1 10 12 1 1 10 12 1 1 10 12 1 10 100 12 1 10 12 1 10 12 1 10 12 1 10 12 1 11 100 12 1 1 1 100 1 10 12 1 1 10 100 12 1 1 1 10 100 12 1 1 1 10 12 1 100 1 10 10 12 1 10 12 1 1 9 12 1 1 10 12 1 1 9 12 1 1 10 12 1 9 12 1 1 9 12 1 100 1 10 10 12 1 10 100 12 1 1 10 9 10 10 12 1 1 10 12 1 1 10 100 12 1 1 10 100 1 10 9 10 10 12 1 100 1 10 12 1 1 10 12 1 10 12 1 10 12 1 1 9 12 1 10 12 1 10 12 1 9 12 1 1 10 12 1 10 12 1 9 12 1 1 10 12 1 10 12 1 10 12 1 11 100 12 1 1 10 12 1 1 10 12 1 1 10 12 1 1 9 12 1 10 100 1 10 12 1 1 10 12 1 1 10 12 1 10 12 1 10 12 1 10 12 9 12 1 1 10 100 12 1 1 10 12 1 10 12 1 1 10 100 12 1 1 10 12 1 100 1 8 1 10 12 1 10 12 1 1 10 12 1 10 12 1 10 100 12 1 1 10 12 1 10 12 1 1 10 12 1 10 12 1 1 10 100 12 1 1 10 12 1 1 10 12 1 1 100 1 10 10 12 1 100 1 9 12 1 1 10 100 12 1 1 10 9 12 1 1 18 9 100 12 1 1 1 11 100 12 1 1 1 11 100 1 11 12 10 12 1 10 12 1 1 10 12 1 100 1 10 10 12 1 10 12 1 1 10 12 1 1 10 12 1 10 12 1 10 12 1 9 12 1 1 11 100 12 1 1 10 12 9 100 12 1 1 1 9 12 1 10 12 1 1 9 12 1 9 12 1 9 12 1 100 1 10 10 12 1 1 10 12 1 10 12 100 1 100 1 10 8 1 10 12 1 1 10 12 1 10 12 1 10 10 12 1 8 1 10 10 12 1 10 12 1 10 100 12 1 1 8 1 8 1 10 9 100 12 1 1 1 10 12 1 1 10 12 1 10 10 10 12 9 12 1 10 12 1 1 9 12 1 10 12 1 1 9 12 1 10 12 1 1 18 12 1 1 18 12 1 10 100 12 1 1 1 8 1 10 100 12 1 1 1 10 100 12 1 1 1 18 12 1 10 100 12 1 1 1 100 1 10 12 1 8 1 10 12 1 8 1 10 12 1 1 8 1 8 1 10 100 12 1 1 8 1 10 12 1 8 1 8 1 10 100 12 1 1 1 10 12 1 10 12 1 1 10 12 1 18 12 1 1 18 12 1 1 5 0 9 12 1 10 12 1 18 12 1 100 1 10 12 10 100 12 1 1 10 12 1 1 100 1 8 1 10 10 12 1 10 12 1 1 10 12 1 9 12 1 8 10 12 1 1 8 8 9 12 1 8 10 12 1 1 3 1 3 1 3 1 3 1 3 1 3 1 3 1 3 1 3 1 3 1 3 1 3 3 1 3 1 1 1 1 1 1 1 1 1 1 1 1 1 1 100 1 1 1 1 1 1 1 1 1 1 1 1 1 1 100 1 1 1 1 1 1 1 1 1 1 1 100 1 1 1 1 1 1 1 1 1 1 1 1 1 1 1 1 1 1 1 1 1 1 1 1 1 1 1 1 1 1 1 1 1 1 1 1 1 1 1 100 1 1 1 1 1 1 1 1 1 1 1 1 1 1 1 1 1 1 1 1 1 1 1 1 1 1 1 1 1 1 1 1 1 1 1 100 1 1 1 1 1 1 1 1 1 1 1 1 1 1 100 1 1 16 15 10 12 15 16 15 10 12 16 15 10 12 16 16 15 10 12 16 15 10 12 16 15 10 12 16 15 10 12 16 1 15 10 100 12 1 1 1 1 1 1 1 100 1 1 100 1 100 1 1
ciInstanceKlass java/lang/ThreadBuilders$BoundVirtualThread 0 0 132 10 100 12 1 1 1 9 100 12 1 1 1 10 100 12 1 1 1 9 12 1 1 10 12 1 1 10 12 1 1 9 12 1 1 10 100 12 1 1 1 10 12 1 1 100 1 8 1 10 12 1 10 12 1 1 10 12 1 1 10 12 1 1 10 100 12 1 1 1 8 1 10 12 1 8 1 10 12 1 1 10 100 12 1 1 9 100 12 1 1 1 10 12 1 1 10 10 12 1 1 1 1 1 1 1 1 1 1 1 1 1 1 1 1 1 1 1 1 1 1 1 1 1 1 1 1 100 1 1 1 1
ciInstanceKlass java/util/Map 1 1 263 11 7 12 1 1 1 11 12 1 1 10 100 12 1 1 11 12 1 1 11 7 12 1 1 1 11 100 12 1 1 1 11 12 1 1 7 1 11 12 1 11 12 1 100 1 100 1 10 12 1 1 11 100 12 1 1 1 11 100 12 1 1 1 11 12 1 11 12 1 10 12 1 1 11 12 1 11 100 12 1 9 7 12 1 1 1 100 1 10 12 7 1 7 1 10 12 1 7 1 10 7 1 11 12 1 11 12 1 1 11 12 1 1 7 1 11 12 1 1 1 1 1 1 1 1 1 1 1 1 1 1 1 1 1 1 1 1 1 1 1 1 1 1 1 1 1 1 1 1 1 1 1 1 1 1 1 1 1 1 1 1 1 1 1 1 1 1 1 1 1 1 1 1 1 1 1 1 1 1 1 1 1 1 1 1 1 1 1 1 1 1 1 1 1 1 1 1 1 1 1 1 1 1 1 1 1 1 1 1 1 1 1 1 1 1 1 1 1 1 1 1 1 1 1 1 1 1 1 1 1 1 1 1 1 1 1 1 1 1 1 1 1 1 100 1 1 1 1 1 1 1 1 1 1 1 1 1 1 1 1 1 1
instanceKlass java/util/Hashtable
ciInstanceKlass java/util/Dictionary 1 1 36 10 7 12 1 1 1 100 1 1 1 1 1 1 1 1 1 1 1 1 1 1 1 1 1 1 1 1 1 1 1 1 1 1 1 1
instanceKlass java/util/Properties
ciInstanceKlass java/util/Hashtable 1 1 516 100 1 10 7 12 1 1 1 9 7 12 1 1 1 100 1 100 1 10 8 1 10 12 1 1 10 12 1 10 12 1 1 10 12 1 10 7 12 1 1 1 8 1 10 12 1 9 12 1 1 7 1 9 12 1 1 4 10 7 12 1 1 1 9 12 1 4 10 12 1 11 100 12 1 1 1 10 12 1 1 10 12 1 1 9 12 1 10 12 1 1 100 1 10 9 12 1 1 10 7 12 1 1 1 9 12 1 1 10 12 1 10 12 1 3 9 12 1 9 12 1 3 10 12 1 10 12 1 10 12 1 1 11 12 1 1 11 100 12 1 1 1 11 100 12 1 1 1 11 12 1 100 1 11 12 1 11 12 1 10 12 1 1 10 12 1 1 10 12 1 9 12 1 1 9 12 9 12 1 1 10 100 1 100 1 10 12 1 10 8 1 10 10 12 1 8 1 10 8 1 10 100 12 1 1 1 100 1 10 12 1 10 12 1 100 1 10 12 1 10 12 1 1 100 1 10 100 1 10 10 12 1 1 11 12 1 1 11 12 1 100 1 10 10 10 100 12 1 1 11 100 12 1 1 1 100 1 10 11 100 12 1 1 11 100 12 1 10 12 1 10 12 1 1 10 100 12 1 1 10 12 1 1 10 12 1 1 10 12 1 1 10 100 12 1 1 1 8 10 100 12 1 1 100 1 8 1 10 4 4 10 12 1 1 10 12 1 8 1 4 10 12 10 100 12 1 1 1 100 1 11 100 12 1 1 1 10 100 12 1 1 1 10 12 1 10 12 1 1 10 100 1 100 1 1 1 1 1 1 5 0 1 1 1 1 1 3 1 3 1 3 1 1 1 1 1 1 1 1 1 1 1 1 1 1 1 1 1 1 1 1 1 1 1 1 1 100 1 1 1 1 1 1 1 1 1 1 1 1 1 1 1 1 1 1 1 1 1 1 1 1 1 1 1 1 1 100 1 1 1 1 1 1 1 1 1 1 1 1 1 1 100 1 1 1 1 1 1 1 1 1 1 1 1 1 1 1 1 1 1 1 1 1 1 1 1 1 1 1 1 1 1 1 1 1 1 1 1 1 1 1 1 1 1 1 1 100 1 1 1 100 1 1 1 1 1 100 1 1 1 1 1 1 1 1 1 1 1 1 1 1 1 1 1 1
ciInstanceKlass java/util/Properties 1 1 690 10 7 12 1 1 1 100 1 10 7 12 1 1 7 1 10 12 1 9 12 1 1 9 12 1 1 9 12 1 1 10 7 12 1 1 1 10 12 1 1 8 1 10 7 12 1 1 1 7 1 10 12 1 10 12 1 1 8 1 10 12 1 7 1 10 12 10 12 1 1 9 12 1 1 10 12 1 1 7 1 10 12 1 10 12 1 10 12 1 1 100 1 8 1 10 12 1 10 12 1 10 12 1 1 10 12 1 100 1 3 10 10 100 12 1 1 1 10 12 1 10 12 1 1 8 1 10 12 1 10 12 1 1 8 1 10 100 12 1 1 10 12 1 1 10 12 1 10 12 1 1 100 1 10 12 1 10 12 1 1 100 1 9 100 12 1 1 1 10 12 1 10 12 1 1 10 12 1 1 10 12 1 1 100 1 9 12 1 1 100 1 100 1 10 12 1 100 1 11 100 12 1 1 1 11 12 1 1 11 100 12 1 1 1 11 100 12 1 1 1 11 12 1 1 11 12 1 11 12 1 10 12 1 1 8 1 10 12 1 10 100 12 1 1 10 12 1 100 1 10 10 12 1 10 12 1 100 1 10 10 12 1 1 10 100 12 1 1 9 100 12 1 1 10 12 1 1 10 100 12 1 1 1 100 1 100 1 100 1 10 8 1 8 1 10 12 1 10 12 1 10 12 1 1 10 10 12 1 1 10 12 1 1 100 1 10 10 12 1 11 100 12 1 1 10 100 12 1 1 1 8 1 10 100 12 1 1 11 11 100 1 8 1 10 100 1 11 10 12 1 10 10 12 1 10 12 1 1 10 12 1 1 10 12 1 1 10 12 1 10 12 1 10 10 12 1 10 12 1 10 12 1 10 10 12 1 1 10 12 1 1 10 10 12 1 10 12 1 10 12 1 10 12 1 10 12 1 1 10 12 1 1 10 12 1 10 12 1 10 12 1 1 10 12 10 12 1 1 10 12 1 1 10 12 1 10 12 1 1 10 12 1 1 10 12 10 11 12 1 4 11 10 12 1 1 10 100 12 1 1 11 12 1 10 12 1 1 10 100 12 1 1 10 12 1 100 1 8 1 10 12 1 10 10 100 12 1 1 1 100 1 6 0 10 12 1 1 11 100 12 1 1 1 10 12 1 10 12 1 1 1 1 1 5 0 1 1 1 1 1 1 1 1 1 1 1 1 1 1 1 1 1 1 1 1 1 1 1 1 1 1 1 1 1 1 1 1 1 1 1 1 1 1 1 100 1 1 1 1 1 1 1 1 1 1 1 1 1 1 1 1 1 1 1 1 100 1 1 1 1 1 1 1 1 1 1 1 1 100 1 100 1 1 1 1 1 100 1 1 1 1 1 1 1 1 1 1 1 1 1 1 1 1 1 1 1 1 1 1 1 1 1 1 1 1 1 1 1 1 1 1 1 1 1 1 1 1 1 1 1 1 1 1 1 1 1 1 1 1 1 1 1 1 1 1 1 1 1 1 1 1 1 1 1 1 1 1 1 1 1 1 1 1 1 100 1 1 1 1 1 1 1 1 1 1 1 100 1 1
staticfield java/util/Properties UNSAFE Ljdk/internal/misc/Unsafe; jdk/internal/misc/Unsafe
ciInstanceKlass java/lang/Module 1 1 1070 10 7 12 1 1 1 9 7 12 1 1 1 10 7 12 1 1 1 9 12 1 9 12 1 1 9 12 1 1 10 12 1 1 10 12 1 10 12 1 1 10 7 12 1 1 1 7 1 10 7 12 1 1 1 10 12 1 1 11 7 12 1 1 1 10 12 1 1 10 7 12 1 1 1 10 12 1 1 10 7 12 1 1 1 9 100 12 1 1 1 10 100 12 1 1 1 10 12 1 8 1 10 7 12 1 1 1 10 7 12 1 1 1 10 7 12 1 1 1 10 12 1 10 12 1 9 12 1 1 10 100 12 1 1 100 1 100 1 10 8 1 10 12 1 1 10 12 1 10 12 10 12 1 10 7 12 1 1 8 1 8 1 10 8 1 8 1 9 12 1 1 8 1 10 100 12 1 1 1 10 12 1 9 12 1 1 11 12 1 9 7 12 1 1 10 7 12 1 1 1 10 100 12 1 1 1 10 12 1 1 8 1 10 12 1 1 10 12 1 10 12 1 1 9 7 12 1 1 1 10 12 1 1 10 12 1 1 9 12 1 10 12 1 10 12 1 9 12 1 1 11 7 12 1 1 10 12 1 1 9 12 1 9 12 1 10 12 1 10 12 1 100 1 8 1 10 10 12 1 1 10 12 1 8 1 10 12 1 1 8 1 8 1 10 12 1 1 10 12 1 10 12 1 1 18 12 1 1 10 12 1 1 11 12 1 9 12 1 11 12 10 100 12 1 1 100 1 8 1 10 11 12 1 1 10 7 12 1 1 1 10 12 1 10 12 1 1 11 12 1 1 11 7 12 1 1 11 12 1 1 9 12 1 11 12 1 10 12 1 1 10 12 1 1 9 12 1 10 12 10 7 12 1 1 10 7 1 18 12 1 1 11 100 12 1 1 1 18 12 1 11 12 1 1 10 100 12 1 1 1 11 12 1 1 10 7 12 1 1 7 1 11 12 1 7 1 7 1 10 12 1 10 7 12 1 1 1 10 11 7 12 1 8 1 10 10 12 1 1 10 7 12 1 1 10 12 1 10 12 1 7 1 10 12 1 10 11 12 1 1 10 12 10 12 1 1 9 12 1 1 100 1 10 10 12 1 1 11 7 1 10 12 1 1 11 12 1 10 10 12 1 11 10 12 1 1 10 12 1 1 10 12 1 1 10 7 12 1 1 10 12 1 10 12 1 1 10 10 12 1 1 10 12 1 18 12 1 11 12 1 18 12 1 10 12 1 10 12 1 10 12 7 1 10 12 1 10 12 1 10 12 1 9 12 1 7 1 10 10 10 10 12 1 10 12 1 10 12 1 10 12 1 1 10 12 1 1 10 12 1 9 12 1 18 12 1 1 10 100 12 1 1 1 100 1 8 1 10 12 1 1 10 12 1 1 10 100 12 1 1 100 1 10 12 1 1 100 1 8 1 10 12 1 1 100 1 11 12 1 1 10 100 12 1 1 1 18 12 1 1 11 100 12 1 1 1 100 1 10 12 1 10 12 1 1 100 1 100 1 10 12 8 1 10 12 1 1 10 12 1 1 10 100 12 1 1 10 12 1 1 10 12 1 10 12 10 12 1 1 7 1 10 10 12 1 1 10 100 12 1 1 1 100 1 10 12 1 1 10 100 12 1 1 8 1 18 12 1 1 100 1 100 1 9 12 1 1 9 12 1 9 12 1 11 100 12 1 1 1 100 1 11 12 1 1 100 1 10 12 1 8 1 10 12 1 10 12 10 12 1 8 1 10 10 100 12 1 1 7 1 10 10 12 1 10 7 12 1 1 9 12 1 9 12 1 9 12 1 9 12 1 10 12 11 12 1 10 12 1 100 1 1 1 1 1 1 1 1 1 1 1 1 1 1 1 1 1 1 1 100 1 1 1 1 1 1 1 1 1 1 1 1 1 1 1 1 1 1 1 1 1 1 1 1 1 1 1 1 1 1 1 1 1 1 1 1 1 1 1 1 1 1 1 1 1 1 1 1 1 1 1 1 1 1 1 1 1 1 1 1 1 1 1 1 1 1 1 1 1 1 1 1 1 1 1 1 1 1 1 1 1 1 1 1 1 1 1 1 1 1 1 1 1 1 1 100 100 1 1 1 1 1 1 1 1 1 1 1 1 1 1 1 1 1 1 1 1 1 1 1 1 1 1 1 100 1 100 1 1 1 1 1 1 1 1 1 1 1 1 1 1 1 1 1 1 1 1 100 1 1 1 1 1 1 1 1 1 1 1 1 1 1 1 1 1 1 1 1 1 1 1 16 15 10 12 16 16 15 10 12 16 16 15 10 16 1 15 10 12 16 1 15 10 12 16 1 16 15 10 12 16 16 1 15 10 12 16 15 10 7 12 1 1 1 15 10 100 12 1 1 1 1 1 1 1 1 1 1 1 100 1 100 1 1 100 1 100 1 1
staticfield java/lang/Module ALL_UNNAMED_MODULE Ljava/lang/Module; java/lang/Module
staticfield java/lang/Module ALL_UNNAMED_MODULE_SET Ljava/util/Set; java/util/ImmutableCollections$Set12
staticfield java/lang/Module EVERYONE_MODULE Ljava/lang/Module; java/lang/Module
staticfield java/lang/Module EVERYONE_SET Ljava/util/Set; java/util/ImmutableCollections$Set12
staticfield java/lang/Module $assertionsDisabled Z 1
instanceKlass java/lang/reflect/Executable
instanceKlass java/lang/reflect/Field
ciInstanceKlass java/lang/reflect/AccessibleObject 1 1 400 10 7 12 1 1 1 9 100 12 1 1 1 10 100 12 1 1 1 10 7 12 1 1 10 7 12 1 1 1 10 100 12 1 1 1 10 12 1 1 10 12 1 1 9 12 1 1 7 1 10 7 12 1 1 1 11 12 1 100 1 10 12 1 7 1 100 1 10 12 1 10 12 1 1 10 12 1 1 10 12 1 1 10 12 1 1 7 1 10 7 12 1 1 1 10 12 1 1 11 10 7 12 1 1 1 10 12 1 1 10 12 1 10 12 1 10 12 1 1 10 12 1 8 1 100 1 100 1 10 10 12 1 1 8 1 10 12 1 10 12 1 8 1 8 1 8 1 8 1 8 1 8 1 8 1 8 1 8 1 100 1 10 12 1 10 12 1 9 12 1 1 10 12 1 1 10 12 1 10 100 1 100 1 8 1 10 8 1 10 12 1 8 1 10 12 1 10 12 1 1 10 100 1 8 1 10 11 7 12 1 1 1 10 12 1 1 10 12 1 1 10 12 1 1 9 12 1 1 100 1 10 12 1 7 1 10 12 1 10 12 1 1 10 100 1 10 12 1 10 12 10 12 1 10 12 1 10 12 1 1 10 12 1 9 12 1 10 100 12 1 1 8 1 10 100 12 1 1 1 8 1 10 100 12 1 1 1 9 12 1 100 1 10 7 1 10 10 7 12 1 1 1 7 1 10 10 7 12 1 1 1 7 1 9 12 1 1 1 1 1 1 1 1 1 1 1 1 1 1 1 1 1 1 1 1 1 1 1 1 1 1 1 1 1 1 1 1 1 1 1 1 1 1 1 1 1 1 1 1 1 1 1 1 1 1 1 1 1 1 1 1 1 1 1 1 1 1 1 1 1 1 1 1 1 1 1 1 1 1 1 1 1 1 1 1 1 1 1 1
staticfield java/lang/reflect/AccessibleObject reflectionFactory Ljdk/internal/reflect/ReflectionFactory; jdk/internal/reflect/ReflectionFactory
ciInstanceKlass java/lang/reflect/Member 1 1 37 100 1 10 12 1 1 100 1 100 1 1 1 1 3 1 3 1 1 1 1 1 1 1 1 1 1 1 1 1 1 1 1 1 1 1 1
ciInstanceKlass java/lang/reflect/Field 1 1 457 9 7 12 1 1 1 10 12 1 1 10 100 12 1 1 1 10 100 12 1 1 9 12 1 1 10 12 1 1 10 12 1 1 10 100 12 1 1 10 7 12 1 1 1 9 12 1 1 9 12 1 9 12 1 9 12 1 1 9 12 1 1 9 12 1 9 12 1 1 9 12 1 1 100 1 8 1 10 12 1 10 12 1 9 12 1 1 9 12 1 10 12 1 10 7 12 1 1 10 12 1 1 10 12 1 1 10 12 1 10 12 1 1 9 100 12 1 1 1 10 100 12 1 1 1 7 1 10 12 1 1 10 12 1 1 10 12 1 1 10 12 1 10 12 1 10 7 1 10 7 12 1 1 100 1 10 8 1 10 12 1 1 10 12 1 1 8 1 10 12 10 12 1 8 1 8 1 10 11 100 1 9 12 1 10 12 1 1 10 12 1 1 11 7 12 1 1 1 10 12 1 11 12 1 1 11 12 1 1 11 12 1 1 11 12 1 1 11 12 1 1 11 12 1 1 11 12 1 1 11 12 1 1 11 12 1 1 11 12 1 1 11 12 1 1 11 12 1 1 11 12 1 1 11 12 1 1 11 12 1 1 11 12 1 1 11 12 1 1 10 12 1 10 100 12 1 1 10 12 1 10 12 1 10 12 1 9 12 1 1 10 7 12 1 1 1 10 12 1 1 10 12 1 10 7 12 1 1 10 12 1 1 11 7 1 10 12 1 7 1 10 100 12 1 1 1 10 7 12 1 1 1 9 12 1 10 7 12 1 1 1 11 7 12 1 1 1 10 12 1 1 10 12 1 1 9 100 12 1 1 10 100 12 1 1 1 10 12 1 1 100 1 1 1 1 1 1 1 1 1 1 1 1 1 1 1 1 1 1 1 1 1 1 1 1 1 1 1 1 1 1 1 1 1 1 1 1 1 1 1 100 1 1 1 1 1 1 1 1 1 1 1 1 1 1 1 1 1 1 1 1 1 1 1 1 1 1 1 1 1 1 1 1 100 1 1 1 1 1 1 1 1 1 100 1 1
ciInstanceKlass java/lang/reflect/Parameter 0 0 243 10 100 12 1 1 1 9 100 12 1 1 1 9 12 1 1 9 12 1 1 9 12 1 10 12 1 1 10 12 1 1 10 100 12 1 1 1 100 1 10 10 12 1 1 11 100 12 1 1 1 10 12 1 10 100 12 1 1 1 10 12 1 1 10 12 1 10 12 1 8 1 8 1 10 100 12 1 1 1 10 12 1 10 12 9 100 12 1 1 1 10 100 12 1 1 1 10 12 1 8 1 10 12 1 9 12 1 1 10 12 1 1 9 12 1 1 10 12 1 1 10 12 1 1 10 12 1 1 10 12 1 10 10 12 1 10 100 12 1 1 1 10 12 1 1 11 100 12 1 1 10 100 12 1 1 100 1 10 100 12 1 1 1 10 12 1 1 10 12 1 1 10 12 1 1 10 12 1 1 9 12 1 100 1 10 11 12 1 1 11 12 1 1 100 1 1 1 1 1 1 1 1 1 1 1 1 1 1 1 1 1 1 1 1 1 1 1 1 1 1 1 1 1 1 1 1 1 1 1 1 1 1 1 1 1 100 1 1 1 1 1 1
instanceKlass java/lang/reflect/Constructor
instanceKlass java/lang/reflect/Method
ciInstanceKlass java/lang/reflect/Executable 1 1 581 10 7 12 1 1 1 10 7 12 1 1 1 10 7 12 1 1 1 11 7 12 1 1 1 10 7 12 1 1 1 10 12 1 1 10 7 12 1 1 1 10 100 12 1 1 1 10 12 1 8 1 10 10 12 1 1 10 12 1 1 10 100 12 1 1 1 18 12 1 1 11 100 12 1 1 1 8 1 8 1 8 1 10 100 12 1 1 1 11 12 1 1 100 1 8 1 8 1 10 12 1 100 1 8 1 10 12 1 8 1 11 100 12 1 1 1 100 1 11 100 12 1 1 1 11 12 1 8 1 18 8 1 10 12 1 10 12 1 1 18 8 1 10 12 1 100 1 10 12 1 10 12 1 11 12 1 10 12 1 1 8 1 8 1 10 12 1 1 10 12 1 1 10 10 12 1 9 100 12 1 1 1 10 100 12 1 1 1 10 12 1 10 12 1 1 10 100 12 1 1 10 12 1 10 12 1 10 12 1 10 7 12 1 1 100 1 10 100 12 1 1 1 10 12 1 1 10 100 12 1 1 10 12 1 10 12 1 1 9 100 12 1 1 1 10 100 10 12 1 8 1 10 12 1 10 12 1 3 100 1 8 1 10 12 1 10 12 1 10 10 12 1 10 12 1 1 8 1 8 1 8 1 9 12 1 1 9 12 1 10 12 1 100 1 8 1 10 12 1 10 12 1 10 12 1 1 10 12 1 1 10 12 1 10 12 10 12 1 100 1 10 12 1 10 12 1 1 100 1 10 100 12 1 1 1 7 1 10 7 12 1 1 1 10 12 1 1 11 7 12 1 1 10 12 1 10 100 12 1 1 1 10 12 1 1 9 12 1 10 12 1 1 10 12 1 10 12 1 1 9 100 12 1 1 1 10 100 12 1 1 1 10 12 1 10 12 1 1 9 12 1 10 10 10 10 100 12 1 1 1 10 12 1 9 12 1 10 12 1 1 9 12 1 100 1 100 1 1 1 1 1 1 1 1 1 1 1 1 1 1 1 1 1 1 1 1 1 1 1 1 1 1 1 1 1 1 1 1 1 1 1 1 100 1 1 1 1 1 1 1 1 1 1 1 1 1 1 1 1 1 1 1 100 1 1 1 1 1 1 1 1 1 1 1 1 1 1 1 1 1 1 1 1 1 1 1 1 1 1 1 1 1 1 1 1 1 1 1 1 1 1 1 1 1 1 1 100 1 1 1 1 1 1 1 1 1 1 1 1 1 1 1 1 1 1 1 1 1 1 100 1 1 16 15 16 1 16 1 15 10 12 16 15 10 100 12 1 1 1 1 1 1 100 1 1 100 1 100 1 1
ciInstanceKlass java/lang/reflect/Method 1 1 472 9 7 12 1 1 1 10 100 12 1 1 1 10 100 12 1 1 9 12 1 1 10 12 1 1 10 12 1 1 10 100 12 1 1 10 7 12 1 1 1 9 12 1 1 9 12 1 9 12 1 1 9 12 1 9 12 1 9 12 1 1 9 12 1 9 12 1 1 9 12 1 9 12 1 9 12 1 1 100 1 8 1 10 12 1 10 12 1 9 12 1 1 8 1 10 7 12 1 1 10 7 12 1 1 1 10 12 1 1 10 12 1 1 10 12 1 10 12 1 1 10 12 1 1 9 100 12 1 1 1 10 12 1 1 10 12 10 7 12 1 1 10 12 1 1 10 12 1 10 12 1 10 12 1 10 7 12 1 1 1 10 12 1 1 10 7 1 10 100 12 1 1 1 10 7 12 1 1 10 12 1 1 10 12 1 1 10 12 1 10 7 12 1 1 1 10 12 1 10 8 1 10 12 1 10 12 1 7 1 8 1 8 1 8 1 10 12 1 10 12 1 1 10 12 1 1 10 10 12 1 1 10 12 1 11 100 1 10 12 1 9 12 1 1 10 12 1 1 10 12 1 10 12 1 1 10 12 1 1 11 7 12 1 1 1 11 12 1 9 12 1 1 10 12 1 10 12 1 10 12 1 10 12 1 10 12 1 10 12 1 9 12 1 1 10 7 12 1 1 1 10 7 12 1 1 10 12 1 1 10 7 12 1 1 1 10 7 12 1 1 1 10 7 12 1 1 1 11 7 12 1 1 1 10 7 12 1 1 1 7 1 100 1 100 1 10 12 1 10 12 1 1 10 12 1 100 1 8 1 10 12 1 10 10 12 1 1 10 12 1 1 10 12 1 1 10 12 1 1 8 1 10 12 1 1 1 1 1 1 1 1 1 1 1 1 1 1 1 1 1 1 1 1 1 1 1 1 1 1 1 1 1 1 1 1 1 1 1 1 1 1 1 1 1 1 1 1 1 1 1 1 1 1 1 1 1 100 1 100 1 100 1 1 1 1 1 1 1 1 1 1 1 1 1 1 1 1 1 1 1 1 1 1 1 1 1 1 1 1 1 1
ciInstanceKlass java/lang/reflect/Constructor 1 1 439 10 100 12 1 1 1 10 100 12 1 1 9 7 12 1 1 1 10 12 1 1 10 12 1 1 10 100 12 1 1 9 12 1 1 10 7 12 1 1 1 9 12 1 1 9 12 1 1 9 12 1 9 12 1 1 9 12 1 9 12 1 1 9 12 1 1 9 12 1 100 1 8 1 10 12 1 10 12 1 9 12 1 1 10 7 12 1 1 10 7 12 1 1 1 10 12 1 1 10 12 1 1 10 12 1 7 1 100 1 8 1 10 10 12 1 10 12 1 10 12 1 1 10 12 1 1 9 100 12 1 1 1 10 7 12 1 1 10 12 1 1 10 12 1 10 12 1 1 10 100 12 1 1 1 10 100 12 1 1 10 12 1 1 10 12 1 10 100 12 1 1 1 8 1 10 10 12 1 100 1 8 1 10 12 1 10 12 1 1 10 12 1 1 10 12 1 10 12 1 10 12 1 1 10 12 1 1 9 12 1 1 10 12 1 1 10 12 1 1 10 12 1 1 11 7 12 1 1 1 10 12 1 1 10 12 1 10 12 1 10 12 1 8 1 9 12 1 1 10 7 12 1 1 1 10 7 12 1 1 10 12 1 1 10 12 1 1 10 12 1 1 10 12 1 1 10 12 1 9 100 12 1 1 10 12 1 10 12 1 10 12 1 100 1 8 1 10 10 12 1 1 10 12 1 10 10 12 1 1 10 12 1 1 10 100 12 1 1 1 11 100 12 1 1 1 10 12 1 1 9 100 12 1 1 1 10 100 12 1 1 1 10 12 1 1 1 1 1 1 1 1 1 1 1 1 1 1 1 1 1 1 1 1 1 1 1 1 1 1 1 1 1 1 1 1 1 1 1 1 1 1 1 1 1 1 1 1 1 1 1 1 1 1 1 1 100 1 100 1 100 1 100 1 1 1 1 1 1 1 1 1 1 1 1 1 1 1 1 1 1 1 1 1 1 1 1 1 1 1 1 1 1 1 1 1 100 1 1
ciInstanceKlass jdk/internal/vm/ContinuationScope 0 0 50 10 100 12 1 1 1 10 100 12 1 1 1 100 1 9 100 12 1 1 1 10 12 1 1 10 100 12 1 1 1 10 12 1 1 10 12 1 1 1 1 1 1 1 1 1 1 1 1 1
ciInstanceKlass jdk/internal/vm/Continuation 0 0 549 9 100 12 1 1 1 9 12 1 9 12 1 100 1 100 1 10 12 1 1 8 1 10 12 1 1 10 12 1 10 12 1 1 10 12 1 9 100 12 1 1 1 11 100 12 1 1 1 10 100 1 9 12 1 1 9 12 1 1 10 8 1 10 12 1 9 12 1 1 10 11 12 1 1 100 1 10 100 12 1 1 1 10 12 1 1 10 12 1 10 12 1 1 11 12 1 1 9 12 1 1 10 12 1 1 18 12 1 1 10 100 12 1 1 1 100 1 10 12 1 11 100 12 1 1 1 10 12 1 9 12 1 10 12 1 1 100 1 8 1 10 12 1 10 12 1 1 9 12 1 1 11 12 1 1 9 12 1 1 8 1 10 11 12 1 1 11 12 1 1 10 12 1 1 10 12 1 1 9 12 1 10 12 1 10 10 12 1 8 1 10 12 1 8 1 8 1 10 100 12 1 1 1 10 100 12 1 1 1 10 12 1 9 12 1 11 12 1 100 1 10 12 1 10 12 1 1 9 12 1 1 100 1 10 12 1 1 9 12 1 1 10 12 1 10 12 1 11 100 12 1 1 10 100 1 10 12 1 8 1 9 12 1 10 12 1 1 9 12 1 1 10 100 12 1 1 8 1 8 1 8 1 8 1 10 12 1 1 10 12 1 10 12 1 10 12 1 10 12 1 1 10 12 1 1 8 1 10 12 1 1 9 12 1 1 10 12 1 1 9 12 1 8 1 10 100 12 1 1 1 10 12 1 8 1 100 1 8 1 10 9 12 1 1 8 1 10 100 12 1 1 10 100 12 1 1 8 1 8 1 10 12 10 100 12 1 1 1 10 100 1 10 100 12 1 1 1 18 11 100 12 1 1 1 18 12 1 11 12 1 1 100 1 10 100 12 1 1 10 12 1 1 8 10 12 1 1 10 100 12 1 1 1 10 100 12 1 1 10 12 1 8 1 10 12 1 100 1 100 1 10 12 1 1 1 1 1 1 1 1 1 1 1 1 1 1 1 1 1 1 1 1 1 1 1 1 1 1 1 1 1 1 1 1 1 1 1 1 1 1 1 1 1 1 1 1 1 1 1 1 1 1 1 1 1 1 1 1 1 1 1 1 1 1 1 1 1 1 1 1 1 1 1 1 1 1 1 100 1 1 16 1 15 10 12 16 15 11 100 12 1 1 1 16 1 16 1 15 10 12 16 15 10 100 12 1 1 1 1 1 1 1 1 100 1 100 1 1
ciInstanceKlass jdk/internal/vm/StackChunk 0 0 32 10 100 12 1 1 1 9 100 12 1 1 1 9 12 1 1 9 12 1 1 1 1 1 1 1 1 1 1 1 1 1
instanceKlass jdk/internal/reflect/FieldAccessorImpl
instanceKlass jdk/internal/reflect/ConstructorAccessorImpl
instanceKlass jdk/internal/reflect/MethodAccessorImpl
ciInstanceKlass jdk/internal/reflect/MagicAccessorImpl 1 1 16 10 7 12 1 1 1 100 1 1 1 1 1 1 1 1
ciInstanceKlass jdk/internal/reflect/MethodAccessor 1 0 17 100 1 100 1 1 1 1 100 1 100 1 1 1 1 1 1
instanceKlass jdk/internal/reflect/DirectMethodHandleAccessor
ciInstanceKlass jdk/internal/reflect/MethodAccessorImpl 1 1 38 10 7 12 1 1 1 10 100 12 1 1 1 100 1 1 1 1 1 1 1 100 1 100 1 1 1 1 1 1 1 1 1 1 1 1 1 1
ciInstanceKlass jdk/internal/reflect/ConstructorAccessor 1 0 16 100 1 100 1 1 1 1 100 1 100 1 100 1 1 1
instanceKlass jdk/internal/reflect/DirectConstructorHandleAccessor$NativeAccessor
instanceKlass jdk/internal/reflect/DirectConstructorHandleAccessor
instanceKlass jdk/internal/reflect/NativeConstructorAccessorImpl
ciInstanceKlass jdk/internal/reflect/ConstructorAccessorImpl 1 1 27 10 7 12 1 1 1 100 1 100 1 1 1 1 1 1 1 1 1 100 1 100 1 100 1 1 1
ciInstanceKlass jdk/internal/reflect/DelegatingClassLoader 0 0 18 10 100 12 1 1 1 100 1 1 1 1 1 1 1 1 1 1
ciInstanceKlass jdk/internal/reflect/ConstantPool 1 1 142 10 100 12 1 1 1 9 7 12 1 1 1 10 12 1 1 10 12 1 1 10 12 1 10 12 1 1 10 12 1 1 10 12 1 10 12 1 1 10 12 1 10 12 1 1 10 12 1 10 12 1 10 12 1 10 12 1 1 10 12 1 1 10 12 1 1 10 12 1 1 10 12 1 10 12 1 1 10 100 12 1 1 1 8 11 7 12 1 1 1 10 7 12 1 1 1 1 1 1 1 1 1 1 1 1 1 1 1 1 1 1 1 1 1 1 1 1 1 1 1 1 1 1 1 1 1 1 1 1 1 1 1 1 1 1 1 1 1 1 1 1
ciInstanceKlass jdk/internal/reflect/FieldAccessor 1 0 48 100 1 100 1 1 1 1 100 1 1 1 1 1 1 1 1 1 1 1 1 1 1 1 1 1 1 1 100 1 1 1 1 1 1 1 1 1 1 1 1 1 1 1 1 1 1 1
instanceKlass jdk/internal/reflect/MethodHandleFieldAccessorImpl
instanceKlass jdk/internal/reflect/UnsafeFieldAccessorImpl
ciInstanceKlass jdk/internal/reflect/FieldAccessorImpl 1 1 269 10 7 12 1 1 1 9 7 12 1 1 1 10 100 12 1 1 1 10 100 12 1 1 10 100 12 1 1 1 10 12 1 1 100 1 10 10 12 1 1 10 12 1 1 8 1 10 10 12 1 100 1 8 1 10 12 1 8 1 10 12 1 8 1 10 12 1 100 1 10 12 1 1 10 8 1 10 12 1 1 8 1 10 100 12 1 1 8 1 10 100 12 1 1 8 1 10 100 12 1 1 8 1 10 100 12 1 1 8 1 10 100 12 1 1 8 1 10 100 12 1 1 8 1 10 100 12 1 1 8 1 10 100 12 1 1 10 12 1 1 8 1 10 12 1 1 10 100 12 1 1 1 8 1 10 12 1 8 1 8 1 8 1 8 1 10 100 12 1 1 1 8 1 8 1 8 1 10 12 100 1 1 1 1 1 1 1 1 1 1 1 1 1 1 1 1 1 1 1 1 1 1 1 1 1 1 1 1 1 1 1 1 1 1 1 1 1 1 1 1 1 1 1 1 1 1 1 1 1 1 1 1 1 1 1 1 1 1 1 1 1 1 1 1 1 1 1 1 1 1 1 1 1 1 1 1 1 1 1 1 1 1 1 1 1 1 1 1
instanceKlass jdk/internal/reflect/UnsafeStaticFieldAccessorImpl
ciInstanceKlass jdk/internal/reflect/UnsafeFieldAccessorImpl 0 0 62 10 100 12 1 1 1 10 100 12 1 1 1 10 100 12 1 1 1 9 100 12 1 1 10 12 1 9 12 1 1 10 100 12 1 1 1 9 12 1 1 10 12 1 10 12 1 1 1 1 1 1 1 1 1 1 1 1 1 1 1 1
ciInstanceKlass jdk/internal/reflect/UnsafeStaticFieldAccessorImpl 0 0 47 10 100 12 1 1 1 9 100 12 1 1 1 10 100 12 1 1 1 9 12 1 1 8 11 100 12 1 1 1 10 100 12 1 1 1 1 1 1 1 1 1 1 1 1 1 1
ciInstanceKlass java/lang/annotation/Annotation 1 1 17 100 1 100 1 1 1 1 1 1 1 1 1 1 1 1 1
ciInstanceKlass jdk/internal/reflect/CallerSensitive 1 0 17 100 1 100 1 100 1 1 1 1 1 1 1 1 1 1 1
ciInstanceKlass jdk/internal/reflect/NativeConstructorAccessorImpl 0 0 125 10 100 12 1 1 1 9 100 12 1 1 1 100 1 10 12 1 9 12 1 1 9 12 1 1 10 100 12 1 1 1 10 100 12 1 1 1 10 100 12 1 1 1 9 12 1 9 12 1 1 9 12 1 1 10 100 12 1 1 1 100 1 10 10 12 1 1 10 12 1 10 12 1 1 10 12 1 100 1 10 12 1 1 10 12 1 1 8 10 12 1 1 1 1 1 1 1 1 1 1 1 1 1 1 1 1 1 1 1 1 1 1 100 1 100 1 100 1 1 1 1 1 1 1
instanceKlass java/lang/invoke/DelegatingMethodHandle
instanceKlass java/lang/invoke/BoundMethodHandle
instanceKlass java/lang/invoke/DirectMethodHandle
ciInstanceKlass java/lang/invoke/MethodHandle 1 1 733 100 1 9 7 12 1 1 1 10 7 12 1 1 1 10 7 12 1 1 1 7 1 7 1 10 12 1 1 9 12 1 1 10 12 1 10 12 1 1 10 12 1 1 10 100 12 1 1 1 10 12 1 1 10 12 1 1 11 100 12 1 1 1 10 12 1 1 10 12 1 10 12 1 10 12 1 1 9 12 1 1 9 12 1 1 10 100 12 1 1 1 10 12 1 1 10 12 1 10 12 1 100 1 100 1 10 8 1 10 12 1 1 10 12 1 8 1 10 12 1 1 10 12 1 10 7 12 1 1 1 10 12 1 1 10 12 1 1 10 12 1 1 10 7 12 1 1 1 10 12 1 1 10 12 1 1 10 12 1 10 12 1 1 10 100 12 1 1 10 7 12 1 1 10 12 1 10 12 1 10 12 1 1 10 12 1 1 10 12 1 1 10 12 1 1 10 7 12 1 1 1 10 7 12 1 1 1 10 12 1 1 10 12 1 1 10 12 1 1 8 1 10 7 12 1 1 1 8 1 10 12 1 10 12 1 1 10 12 1 1 10 12 1 8 1 10 12 1 1 8 1 10 12 1 8 1 10 100 12 1 1 1 9 12 1 1 100 1 10 9 100 12 1 1 1 9 100 1 8 1 10 12 1 1 10 12 1 10 12 1 1 10 12 1 10 12 1 1 10 12 1 10 12 1 1 10 12 1 10 12 1 1 10 12 1 1 8 1 10 12 1 1 8 1 10 12 1 10 12 1 1 10 12 1 10 12 1 10 12 1 1 9 100 12 1 1 1 10 12 1 1 11 12 1 10 12 1 10 12 1 1 10 100 12 1 1 100 1 11 12 1 10 100 1 11 12 1 100 1 10 12 1 11 12 1 9 100 12 1 1 1 11 12 1 1 11 100 12 1 1 1 10 12 1 1 9 12 1 11 12 1 9 12 1 9 12 1 9 12 1 11 12 1 1 9 12 1 9 12 1 9 12 1 9 12 1 9 12 1 9 12 1 9 12 1 8 1 10 12 1 10 12 1 8 1 10 12 1 10 12 1 10 12 1 1 10 10 10 7 12 1 1 10 12 1 1 100 1 100 1 8 1 8 1 10 10 12 1 1 10 12 1 10 12 1 100 1 10 100 12 1 1 1 10 9 7 12 1 1 1 10 12 1 1 10 12 1 1 8 1 8 1 10 100 12 1 1 9 12 1 9 12 1 1 9 12 1 1 10 12 1 7 1 10 12 1 10 12 1 1 9 12 1 1 9 12 1 1 10 7 12 1 1 1 11 7 12 1 1 9 12 1 10 12 1 1 9 12 1 10 12 1 8 10 12 1 1 8 1 1 1 1 1 1 1 1 100 1 1 1 1 1 1 1 1 1 1 1 1 1 1 1 1 1 1 1 1 1 1 1 1 1 1 1 1 1 1 100 1 1 1 1 1 1 1 1 1 1 1 1 1 1 1 1 1 1 1 1 1 1 1 1 1 1 1 1 1 1 1 1 1 1 1 1 1 1 1 1 1 1 1 1 1 1 1 1 1 1 1 1 1 1 1 1 1 1 1 1 1 1 1 1 1 1 1 1 1 1 1 1 1 1 1 1 1 1 1 1 1 1 1 1 1 1 100 1 1 100 1 100 1 100 1 1 100 1 1 100 1 1 1 1
staticfield java/lang/invoke/MethodHandle FORM_OFFSET J 20
staticfield java/lang/invoke/MethodHandle UPDATE_OFFSET J 13
staticfield java/lang/invoke/MethodHandle $assertionsDisabled Z 1
instanceKlass java/lang/invoke/DirectMethodHandle$Special
instanceKlass java/lang/invoke/DirectMethodHandle$Interface
instanceKlass java/lang/invoke/DirectMethodHandle$Constructor
instanceKlass java/lang/invoke/DirectMethodHandle$Accessor
instanceKlass java/lang/invoke/DirectMethodHandle$StaticAccessor
ciInstanceKlass java/lang/invoke/DirectMethodHandle 1 1 923 7 1 7 1 100 1 7 1 7 1 10 7 12 1 1 1 10 7 12 1 1 1 100 1 10 12 1 10 12 1 1 10 7 12 1 1 10 12 1 1 10 12 1 10 12 1 7 1 10 12 1 1 10 12 1 1 10 12 1 10 12 1 1 10 7 12 1 1 1 10 12 1 9 12 1 1 100 1 10 9 12 1 1 9 12 1 10 12 1 10 12 1 10 12 1 1 10 12 1 10 12 1 10 12 1 10 7 12 1 1 1 10 12 1 10 12 1 1 8 1 10 12 1 1 7 1 10 12 1 7 1 10 10 12 1 10 12 1 10 12 1 10 7 12 1 1 1 10 12 1 1 7 1 10 12 1 10 12 1 7 1 10 12 1 10 12 1 1 10 12 1 1 10 12 1 8 10 100 12 1 1 1 10 12 1 10 12 1 10 12 1 1 10 12 1 9 7 12 1 1 1 7 1 10 12 1 10 7 12 1 1 1 10 12 1 10 12 1 1 9 12 1 1 100 1 10 8 1 10 12 1 1 10 12 1 1 8 1 10 12 1 10 12 1 10 10 12 1 10 12 1 10 12 1 10 12 1 10 12 1 1 10 12 1 10 12 1 1 10 12 1 10 12 1 1 10 10 7 12 1 1 1 10 12 1 10 12 1 1 10 12 1 10 12 1 1 8 1 9 7 12 1 1 1 8 1 9 12 1 9 12 1 8 1 9 12 1 9 12 1 8 1 9 12 1 9 12 1 8 1 10 12 1 10 12 1 1 9 12 1 1 7 1 10 12 1 1 100 1 10 7 12 1 1 1 10 12 1 1 10 12 1 10 12 1 1 7 1 10 12 1 1 10 12 1 10 12 1 1 7 1 10 12 1 1 10 12 1 10 7 12 1 1 1 10 12 1 10 12 1 1 10 12 1 9 12 1 1 10 7 1 9 12 9 12 1 10 7 12 1 1 1 10 12 1 7 1 7 1 7 1 9 12 1 1 10 7 12 1 1 1 10 12 10 12 1 100 1 10 12 1 10 12 1 1 8 1 9 12 1 9 12 1 10 12 1 1 9 12 1 1 10 100 12 1 1 1 9 12 1 1 9 12 1 1 10 12 1 10 12 1 10 12 1 10 12 1 1 10 12 1 9 12 1 10 12 1 10 12 1 10 12 1 10 12 1 1 10 12 1 1 9 12 1 1 10 12 1 1 9 7 12 1 1 1 9 12 1 9 12 1 9 12 1 9 12 1 9 12 1 9 12 1 9 12 1 9 12 1 9 12 1 9 12 1 9 12 1 9 12 1 9 12 1 9 12 1 9 12 1 9 12 1 9 12 1 9 12 1 9 12 1 9 12 1 9 12 1 9 12 1 9 12 1 9 12 1 9 12 1 9 12 1 9 12 1 9 12 1 9 12 1 9 12 1 9 12 1 9 12 1 9 12 1 9 12 1 9 12 1 9 12 1 8 1 9 12 1 1 9 12 1 1 10 12 1 10 12 1 1 9 7 1 10 12 1 9 12 1 1 10 12 10 12 1 10 12 1 10 12 1 10 12 1 10 8 1 8 1 8 1 8 1 10 12 1 1 9 12 1 1 10 12 1 10 100 12 1 1 1 8 9 12 1 1 10 12 1 1 8 1 8 8 9 12 1 8 1 8 8 8 8 8 1 8 10 12 1 7 1 10 12 1 8 1 8 1 10 12 1 10 12 1 10 12 1 10 12 1 1 7 1 1 1 1 3 1 3 1 3 1 3 1 3 1 3 1 3 1 3 1 3 1 3 1 1 1 1 1 1 1 1 1 1 3 1 3 1 1 1 1 3 1 1 1 1 1 1 1 1 1 1 1 1 1 1 1 1 1 1 1 1 1 1 1 1 1 1 1 1 1 1 1 1 1 1 1 1 1 1 1 1 1 1 1 1 1 1 1 1 1 1 1 1 1 1 1 1 1 100 1 1 1 1 1 1 1 1 1 100 1 1 1 1 1 1 1 1 1 1 1 1 1 1 1 1 1 1 1 1 1 1 1 1 1 1 1 1 1 1 1 1 1 1 1 1 1 1 1 1 1 1 1 1 1 1 1 1 1 1 1 1
staticfield java/lang/invoke/DirectMethodHandle IMPL_NAMES Ljava/lang/invoke/MemberName$Factory; java/lang/invoke/MemberName$Factory
staticfield java/lang/invoke/DirectMethodHandle FT_UNCHECKED_REF I 8
staticfield java/lang/invoke/DirectMethodHandle ACCESSOR_FORMS [Ljava/lang/invoke/LambdaForm; 132 [Ljava/lang/invoke/LambdaForm;
staticfield java/lang/invoke/DirectMethodHandle ALL_WRAPPERS [Lsun/invoke/util/Wrapper; 10 [Lsun/invoke/util/Wrapper;
staticfield java/lang/invoke/DirectMethodHandle NFS [Ljava/lang/invoke/LambdaForm$NamedFunction; 12 [Ljava/lang/invoke/LambdaForm$NamedFunction;
staticfield java/lang/invoke/DirectMethodHandle OBJ_OBJ_TYPE Ljava/lang/invoke/MethodType; java/lang/invoke/MethodType
staticfield java/lang/invoke/DirectMethodHandle LONG_OBJ_TYPE Ljava/lang/invoke/MethodType; java/lang/invoke/MethodType
staticfield java/lang/invoke/DirectMethodHandle $assertionsDisabled Z 1
ciInstanceKlass java/lang/invoke/DirectMethodHandle$StaticAccessor 1 1 96 10 7 12 1 1 1 10 7 12 1 1 1 9 7 12 1 1 1 9 12 1 1 9 12 1 1 10 7 12 1 1 1 9 12 1 1 9 12 1 1 10 12 1 9 12 1 10 12 1 1 100 1 10 12 1 9 12 1 1 10 12 1 1 10 12 1 1 1 1 1 1 1 1 1 1 1 1 1 1 1 1 1 1 1 1 1 1 1 1 1 1 1 1 1 1
staticfield java/lang/invoke/DirectMethodHandle$StaticAccessor $assertionsDisabled Z 1
ciInstanceKlass java/lang/invoke/DirectMethodHandle$Accessor 1 1 93 10 7 12 1 1 1 10 7 12 1 1 1 9 7 12 1 1 1 9 12 1 1 10 7 12 1 1 1 9 12 1 1 9 12 1 1 10 12 1 9 12 1 10 12 1 1 100 1 10 12 1 9 12 1 1 10 12 1 1 10 12 1 1 1 1 1 1 1 1 1 1 1 1 1 1 1 1 1 1 1 1 1 1 1 1 1 1 1 1 1 1 1
staticfield java/lang/invoke/DirectMethodHandle$Accessor $assertionsDisabled Z 1
instanceKlass java/lang/invoke/VarHandleReferences$Array
instanceKlass java/lang/invoke/VarHandleInts$FieldInstanceReadOnly
instanceKlass java/lang/invoke/VarHandleByteArrayAsDoubles$ByteArrayViewVarHandle
instanceKlass java/lang/invoke/VarHandleByteArrayAsLongs$ByteArrayViewVarHandle
instanceKlass java/lang/invoke/VarHandleByteArrayAsFloats$ByteArrayViewVarHandle
instanceKlass java/lang/invoke/VarHandleByteArrayAsInts$ByteArrayViewVarHandle
instanceKlass java/lang/invoke/VarHandleByteArrayAsChars$ByteArrayViewVarHandle
instanceKlass java/lang/invoke/VarHandleByteArrayAsShorts$ByteArrayViewVarHandle
instanceKlass java/lang/invoke/VarHandleReferences$FieldInstanceReadOnly
ciInstanceKlass java/lang/invoke/VarHandle 1 1 473 10 7 12 1 1 1 10 7 12 1 1 9 12 1 1 9 12 1 1 100 1 10 8 1 10 12 1 1 10 7 12 1 1 1 10 12 1 1 10 100 12 1 1 1 9 100 12 1 1 1 10 12 1 1 10 100 12 1 1 1 10 12 1 1 9 12 1 10 12 1 9 12 1 1 10 100 12 1 1 10 12 1 9 100 12 1 1 1 9 12 1 1 10 12 1 1 100 1 100 1 10 8 1 10 12 1 1 10 12 1 8 1 10 12 1 10 12 1 9 12 1 1 9 12 1 10 12 1 10 12 1 1 10 12 1 10 10 100 12 1 1 1 10 12 1 1 10 12 1 1 10 100 12 1 1 1 10 100 12 1 1 1 10 100 12 1 1 1 9 12 1 1 9 10 12 1 10 12 1 10 12 1 1 10 12 1 10 100 12 1 1 1 9 12 1 1 10 12 1 1 9 12 1 10 12 1 10 12 1 10 100 12 1 1 100 1 10 9 7 12 1 1 1 9 12 1 1 10 7 12 1 1 1 10 12 1 10 12 1 10 12 1 10 12 1 10 12 1 10 12 1 1 8 10 12 1 1 7 1 10 12 1 1 100 1 1 1 1 1 1 1 1 1 1 1 1 1 1 1 1 1 1 1 1 1 1 1 1 1 1 1 1 1 1 1 1 1 1 1 1 1 1 1 1 1 1 1 1 1 1 1 1 1 1 1 1 1 1 1 1 1 1 1 1 1 1 1 1 1 1 1 1 100 1 1 1 1 1 1 1 1 100 1 1 1 1 1 1 1 1 1 1 1 1 100 1 100 1 1 100 1 100 1 100 1 100 1 100 1 100 1 100 1 100 1 100 1 100 1 100 1 100 1 100 1 100 1 100 1 100 1 100 1 100 1 100 1 100 1 100 1 100 1 100 1 100 1 100 1 100 1 100 1 100 1 100 1 100 1 100 1 100 1 100 1 100 1 100 1 1 1 1 1 1 100 1 1 1 100 1 1 100 1 100 1 100 1 100 1 100 1 100 1 1 1 1 100 1 100 1 100 1 100 1 100 1 100 1 100 1 100 1
staticfield java/lang/invoke/VarHandle VFORM_OFFSET J 16
staticfield java/lang/invoke/VarHandle $assertionsDisabled Z 1
ciInstanceKlass java/lang/invoke/MemberName 1 1 724 7 1 7 1 100 1 9 12 1 1 10 7 12 1 1 1 9 12 1 1 10 12 1 1 10 12 1 1 10 12 1 1 10 12 1 10 12 1 1 10 7 12 1 1 1 10 12 1 9 7 12 1 1 10 12 1 100 1 7 1 10 12 1 8 1 10 12 1 1 10 12 1 10 12 1 1 10 12 1 9 12 1 1 8 1 10 100 12 1 1 1 7 1 10 10 12 1 1 7 1 7 1 10 12 1 9 12 1 1 100 1 8 1 10 12 1 10 12 1 10 12 1 10 12 1 10 12 1 1 10 12 1 10 12 1 10 12 1 1 8 1 8 1 10 12 1 8 1 9 12 1 1 3 10 12 1 10 12 1 10 12 1 10 10 7 12 1 1 1 10 12 1 10 12 1 10 12 1 10 12 1 7 1 8 10 12 1 1 10 12 1 1 8 1 9 100 1 8 9 100 1 10 12 1 1 10 12 1 10 12 1 8 1 10 12 1 1 10 12 1 10 12 1 10 12 1 10 12 1 1 100 1 10 12 1 1 10 12 1 8 1 10 12 1 10 12 1 8 1 10 12 1 1 10 12 1 1 100 1 10 12 1 1 10 12 8 1 8 1 100 1 10 12 1 10 100 12 1 1 1 100 1 10 12 10 12 1 10 12 1 10 12 1 10 12 1 10 10 12 1 10 12 1 10 12 1 3 10 12 1 3 10 12 1 3 3 3 3 3 3 10 12 1 3 9 12 1 10 12 1 1 3 10 12 1 10 10 7 12 1 1 1 10 12 1 1 10 7 12 1 1 10 10 12 1 10 12 1 1 10 12 1 10 10 12 1 1 10 12 1 10 12 1 10 12 1 100 1 10 10 10 12 100 1 10 10 10 12 1 1 10 12 1 1 10 10 12 1 8 10 7 1 10 12 1 10 7 1 10 12 1 10 12 1 10 12 1 10 10 12 1 10 12 1 1 10 12 1 1 10 12 1 10 12 1 10 12 1 100 1 10 12 1 1 100 1 8 1 10 7 1 10 12 1 10 12 10 12 1 1 10 12 1 10 12 1 8 1 8 1 8 1 8 1 10 12 1 10 12 1 10 7 12 1 1 1 8 1 8 1 10 12 1 8 1 10 10 10 12 1 10 12 1 8 1 8 1 10 10 12 1 8 1 10 100 12 1 1 1 8 1 100 1 10 12 1 10 12 1 1 10 12 1 8 1 8 1 8 1 8 1 100 1 10 8 1 8 1 8 1 8 1 10 12 1 7 1 100 1 7 1 10 100 1 10 7 1 10 7 12 1 1 1 9 7 12 1 1 1 100 1 100 1 1 1 1 1 1 1 3 1 3 1 3 1 3 1 3 1 3 1 1 1 1 1 1 1 1 3 1 3 1 1 1 1 1 1 1 1 1 1 1 1 1 1 1 1 1 1 1 1 1 1 1 1 1 1 1 1 1 1 1 1 1 1 1 1 1 1 1 1 1 1 1 1 1 1 1 1 1 1 1 1 1 1 1 1 1 1 1 1 1 1 1 1 1 1 1 1 1 1 1 1 1 1 1 1 1 1 1 1 1 1 1 1 1 1 1 1 1 1 1 1 1 1 1 1 100 1 1 1 1 1 1 1 1 1 1 1 1 1 1 1
staticfield java/lang/invoke/MemberName $assertionsDisabled Z 1
ciInstanceKlass java/lang/invoke/ResolvedMethodName 1 1 16 10 100 12 1 1 1 100 1 1 1 1 1 1 1 1
ciInstanceKlass java/lang/invoke/MethodHandleNatives 1 1 690 100 1 10 7 12 1 1 1 9 7 12 1 1 1 10 12 1 1 100 1 10 10 12 1 1 10 12 1 10 12 1 8 1 8 1 8 1 8 1 8 1 8 1 8 1 8 1 8 1 8 1 10 12 1 1 7 1 10 7 12 1 1 1 10 100 12 1 1 1 7 1 10 10 12 1 1 8 1 10 12 1 8 1 10 12 1 1 8 1 10 12 1 1 9 100 12 1 1 1 8 1 10 100 12 1 1 1 100 1 10 12 100 1 100 1 8 1 7 1 10 10 12 1 7 1 9 7 12 1 1 10 12 1 1 10 12 1 10 7 12 1 1 1 10 12 1 1 9 12 1 8 1 10 12 1 1 10 12 1 8 1 10 12 1 1 7 1 10 12 1 10 7 12 1 1 1 10 12 1 10 12 1 1 10 12 1 1 8 1 10 12 1 1 8 1 10 12 1 8 1 8 1 8 1 100 1 10 12 1 8 1 10 100 12 1 1 1 10 12 1 1 10 100 12 1 1 10 10 12 1 1 10 12 1 10 100 12 1 1 1 100 1 8 1 10 100 12 1 1 1 7 1 8 1 10 12 1 8 1 8 1 8 1 8 1 8 1 10 12 1 1 10 12 1 1 10 12 1 10 12 1 1 10 12 1 1 7 1 10 12 1 100 1 100 1 10 12 1 10 12 1 8 1 8 1 10 10 12 1 1 10 12 1 1 8 1 10 100 12 1 1 8 1 8 1 10 12 1 1 10 7 12 1 1 1 100 1 10 12 1 1 7 1 9 12 1 1 10 7 12 1 1 1 10 10 12 1 9 12 1 10 12 1 9 12 1 9 12 1 10 12 1 1 10 12 1 10 12 1 1 7 1 7 1 10 12 1 1 10 12 1 10 12 1 1 10 7 12 1 1 1 10 12 1 8 1 10 12 1 10 12 1 10 12 1 1 10 12 1 10 7 12 1 1 1 10 12 1 1 100 1 8 1 10 9 7 12 1 1 1 10 12 1 1 10 12 1 1 100 1 10 12 1 1 10 12 1 1 100 1 100 1 10 10 100 1 100 1 10 100 1 10 10 12 1 1 10 100 1 10 12 1 10 12 1 1 10 12 1 1 10 12 1 1 10 12 1 10 12 1 1 10 8 1 10 12 1 10 12 1 10 12 1 10 12 1 10 12 1 1 10 12 1 10 12 1 10 12 1 10 10 7 12 1 1 10 12 1 1 1 1 1 1 1 1 1 1 1 1 1 100 1 1 1 1 1 1 1 1 1 1 1 1 1 1 1 1 1 1 1 1 1 1 1 1 1 1 1 1 1 1 1 1 1 1 1 1 1 1 1 1 1 1 1 1 1 1 1 1 1 1 1 1 1 1 1 1 1 1 1 1 1 1 1 1 1 100 1 1 1 1 1 1 1 1 1 1 1 1 1 1 1 1 1 1 1 1 1 1 1 1 1 1 1 1 1 1 1 1 1 100 1 1 1 1 1 1 1 1 1 1 1 1 1 1 1 1 1 1 1 1 1 1 1 1 1 1 100 1 1 1 1 1 1 1 100 1 1 1
staticfield java/lang/invoke/MethodHandleNatives $assertionsDisabled Z 1
ciInstanceKlass java/lang/invoke/LambdaForm 1 1 1059 7 1 100 1 10 7 12 1 1 1 9 12 1 1 9 12 1 9 12 1 9 12 1 1 9 12 1 1 9 12 1 1 9 12 1 1 9 12 1 1 9 12 1 10 7 12 1 1 9 12 1 10 12 1 1 100 1 10 10 12 1 1 10 12 1 10 12 1 10 12 1 1 10 12 1 9 12 1 9 12 1 10 12 1 1 10 7 12 1 1 1 10 12 1 1 9 100 12 1 1 1 10 12 1 1 9 7 12 1 1 10 12 1 10 12 1 1 10 12 1 1 10 12 1 1 7 1 10 7 12 1 1 1 10 12 1 1 10 12 1 10 12 1 1 9 12 1 1 9 12 1 9 12 1 1 10 12 1 9 12 1 10 100 12 1 1 1 10 12 1 1 100 1 10 12 1 9 12 1 1 10 100 12 1 1 1 10 12 1 10 12 1 7 1 10 12 1 10 12 1 10 12 1 1 10 12 1 1 10 12 1 10 12 1 10 12 1 10 12 1 1 8 1 10 12 1 10 12 1 10 10 12 1 8 1 8 1 9 12 1 9 12 1 1 10 12 1 1 10 12 1 9 12 1 10 12 1 1 10 7 12 1 1 1 10 12 1 1 10 12 1 10 12 1 10 100 12 1 1 1 9 12 1 10 12 1 8 1 8 1 8 1 8 1 8 1 8 1 8 1 8 1 10 12 1 9 12 1 7 1 10 12 1 1 9 12 1 10 12 1 10 12 1 1 10 12 10 12 1 10 12 1 1 10 12 1 1 10 10 12 1 1 10 12 1 1 7 1 8 1 10 12 1 1 10 12 1 10 12 1 1 10 8 1 10 12 1 1 8 1 8 1 8 1 10 12 1 10 12 1 10 12 1 1 100 1 10 12 1 1 10 12 1 1 10 7 12 1 1 1 10 12 1 1 9 12 1 1 8 1 10 100 12 1 1 1 10 7 12 1 1 10 12 10 12 1 1 10 12 1 1 9 12 1 8 10 12 1 1 100 1 10 12 1 1 10 12 1 9 7 12 1 1 9 100 12 1 1 1 8 1 10 100 12 1 1 10 12 1 1 100 1 100 1 10 10 12 1 1 10 12 1 1 8 1 8 1 100 1 8 1 10 12 10 12 1 10 12 1 10 12 1 1 8 1 8 1 10 12 1 10 12 1 1 8 1 8 1 8 1 100 1 8 1 100 1 8 1 100 1 8 1 10 12 1 8 1 9 10 7 12 1 1 1 10 12 1 9 12 1 1 10 12 1 10 10 12 1 10 12 1 10 12 1 10 12 1 1 10 12 1 10 12 1 1 10 12 1 1 10 12 1 1 10 12 1 1 8 1 100 10 12 1 10 12 1 9 12 1 1 10 7 12 1 1 8 1 8 1 100 1 8 1 8 1 8 1 8 1 8 1 8 1 8 1 8 1 10 12 1 1 10 12 1 1 10 12 1 10 12 1 10 12 1 10 12 1 8 1 8 1 8 1 10 12 1 8 1 10 12 1 8 1 8 1 8 1 8 1 8 1 10 12 1 10 12 1 10 12 1 1 10 7 12 1 1 1 10 12 1 10 12 1 10 12 1 10 12 1 10 12 1 10 12 1 10 12 1 9 12 1 1 8 1 10 12 1 1 9 12 1 1 10 12 1 1 9 12 1 9 12 1 1 9 12 1 9 12 1 1 7 1 10 7 12 1 1 1 9 12 1 10 12 1 10 12 1 8 1 10 12 1 9 12 1 1 7 1 10 7 12 1 1 1 8 1 100 1 10 12 1 9 12 1 9 12 1 10 12 1 10 12 1 10 7 12 1 1 1 10 12 1 9 7 12 1 1 10 12 1 1 10 12 1 10 12 1 10 12 1 9 12 10 12 1 10 10 12 1 9 12 1 9 9 12 1 7 9 12 1 1 10 12 1 1 9 12 1 10 12 1 10 7 1 9 1 1 1 1 3 1 3 1 1 3 1 3 1 1 1 1 1 1 1 1 1 1 1 1 1 1 1 1 1 1 1 1 1 1 1 1 1 1 1 1 1 1 1 1 1 1 1 1 1 1 1 1 1 1 1 1 1 1 1 1 1 1 1 100 1 1 1 1 1 1 1 1 1 1 1 1 1 1 1 1 1 1 1 1 1 1 1 1 1 1 1 1 1 1 1 1 1 1 1 1 1 1 1 1 1 1 1 1 1 1 1 1 1 1 1 1 1 1 1 1 1 1 1 1 1 1 100 1 1 1 1 1 1 1 1 1 1 1 1 1 1 1 1 1 1 1 1 1 1 1 1 1 1 1 1 1 1 1 1 1 1 100 1 1 1 1 1 1 1 1 1 1 1 1 1 1 1 1 1 1 1 1 1 1 100 1 1 1 100 1 1 100 1 1 1 1 1 1 1 1 1 1 1
staticfield java/lang/invoke/LambdaForm DEFAULT_CUSTOMIZED Ljava/lang/invoke/MethodHandle; 
staticfield java/lang/invoke/LambdaForm DEFAULT_KIND Ljava/lang/invoke/LambdaForm$Kind; java/lang/invoke/LambdaForm$Kind
staticfield java/lang/invoke/LambdaForm COMPILE_THRESHOLD I 0
staticfield java/lang/invoke/LambdaForm INTERNED_ARGUMENTS [[Ljava/lang/invoke/LambdaForm$Name; 5 [[Ljava/lang/invoke/LambdaForm$Name;
staticfield java/lang/invoke/LambdaForm IMPL_NAMES Ljava/lang/invoke/MemberName$Factory; java/lang/invoke/MemberName$Factory
staticfield java/lang/invoke/LambdaForm LF_identity [Ljava/lang/invoke/LambdaForm; 6 [Ljava/lang/invoke/LambdaForm;
staticfield java/lang/invoke/LambdaForm LF_zero [Ljava/lang/invoke/LambdaForm; 6 [Ljava/lang/invoke/LambdaForm;
staticfield java/lang/invoke/LambdaForm NF_identity [Ljava/lang/invoke/LambdaForm$NamedFunction; 6 [Ljava/lang/invoke/LambdaForm$NamedFunction;
staticfield java/lang/invoke/LambdaForm NF_zero [Ljava/lang/invoke/LambdaForm$NamedFunction; 6 [Ljava/lang/invoke/LambdaForm$NamedFunction;
staticfield java/lang/invoke/LambdaForm createFormsLock Ljava/lang/Object; java/lang/Object
staticfield java/lang/invoke/LambdaForm DEBUG_NAME_COUNTERS Ljava/util/HashMap; 
staticfield java/lang/invoke/LambdaForm DEBUG_NAMES Ljava/util/HashMap; 
staticfield java/lang/invoke/LambdaForm TRACE_INTERPRETER Z 0
staticfield java/lang/invoke/LambdaForm $assertionsDisabled Z 1
ciInstanceKlass java/lang/invoke/TypeDescriptor$OfMethod 1 0 43 100 1 100 1 100 1 1 1 1 1 1 1 1 1 1 1 1 1 1 1 1 1 1 1 1 1 1 1 1 1 1 1 1 1 1 1 1 1 1 100 1 1
ciInstanceKlass java/lang/invoke/MethodType 1 1 780 7 1 10 7 12 1 1 1 9 12 1 1 9 12 1 1 9 12 1 1 10 7 12 1 1 1 9 7 12 1 1 8 1 10 100 12 1 1 1 9 7 1 9 7 1 10 12 1 1 7 1 10 8 1 10 12 1 1 10 12 1 10 12 1 1 100 1 8 1 10 12 1 100 1 10 10 12 1 10 12 1 1 10 12 1 1 11 7 12 1 1 1 9 12 1 11 12 1 1 7 10 12 1 1 10 12 1 1 7 1 7 1 10 7 12 1 1 1 10 12 1 10 12 1 9 12 1 1 10 7 12 1 1 10 12 1 1 10 7 12 1 1 1 10 7 12 1 1 1 10 12 1 9 12 1 1 10 12 1 1 10 12 1 1 10 12 1 1 10 12 1 1 10 12 1 1 10 12 1 10 12 1 10 12 1 1 10 12 1 8 1 8 1 10 12 1 1 9 12 1 1 100 1 10 10 12 1 1 10 12 1 10 12 1 1 10 12 1 1 10 12 1 10 12 1 10 12 1 8 1 10 12 1 1 10 100 12 1 1 1 10 12 1 10 12 1 1 10 12 1 10 12 1 10 12 1 1 10 12 1 10 12 1 9 12 1 10 12 1 10 10 12 1 1 10 12 1 9 12 1 1 10 12 1 1 11 12 1 1 10 12 1 1 10 12 1 10 12 1 7 1 8 1 8 1 8 1 10 12 1 10 12 1 10 12 1 1 10 10 12 1 11 12 1 1 11 12 1 10 100 12 1 1 1 9 12 1 10 12 1 10 12 1 1 10 12 1 1 10 12 1 10 12 1 10 100 12 1 1 1 10 12 1 1 10 12 1 10 12 1 10 12 1 10 9 12 1 1 7 1 10 12 1 10 12 1 1 9 100 12 1 1 1 10 100 12 1 1 1 10 100 12 1 1 1 10 12 1 1 10 100 12 1 1 1 10 12 1 1 8 1 10 7 12 1 1 1 11 12 1 1 9 12 1 1 10 12 1 1 10 12 1 10 12 1 1 10 12 1 1 10 100 12 1 1 100 1 10 12 1 1 11 100 12 1 1 18 12 1 1 11 12 1 1 18 12 1 11 12 1 100 1 11 100 12 1 1 10 12 1 100 1 10 12 1 10 100 12 1 1 10 12 1 1 9 12 1 1 9 100 12 1 1 1 10 100 12 1 1 1 9 12 1 10 100 12 1 1 10 12 1 100 10 12 1 1 10 12 1 7 1 10 10 12 1 1 7 1 7 1 9 12 1 1 100 1 100 1 100 1 1 1 5 0 1 1 1 1 1 1 1 3 1 3 1 3 1 1 1 1 1 1 1 1 1 1 1 1 1 1 1 1 1 1 1 1 1 1 1 1 1 1 1 1 1 1 1 1 1 1 1 1 1 1 1 1 1 1 1 1 1 1 1 1 1 1 1 1 1 1 1 1 1 1 1 1 1 1 1 1 1 1 1 1 1 1 1 1 1 1 1 1 1 1 1 1 1 1 1 1 1 1 1 1 1 1 1 1 1 1 1 1 1 1 1 1 1 1 1 1 1 1 1 1 1 1 1 1 1 1 1 1 1 1 1 1 1 1 1 1 1 1 1 1 1 1 100 1 100 1 1 1 1 1 1 1 1 1 1 1 1 1 100 1 1 1 100 1 1 1 1 1 1 1 1 1 1 1 1 1 1 1 1 1 1 1 1 1 1 16 15 10 12 16 16 15 10 12 16 15 10 100 12 1 1 1 1 1 100 1 1 100 1 1 100 1 100 1 1
staticfield java/lang/invoke/MethodType internTable Ljdk/internal/util/ReferencedKeySet; jdk/internal/util/ReferencedKeySet
staticfield java/lang/invoke/MethodType NO_PTYPES [Ljava/lang/Class; 0 [Ljava/lang/Class;
staticfield java/lang/invoke/MethodType objectOnlyTypes [Ljava/lang/invoke/MethodType; 20 [Ljava/lang/invoke/MethodType;
staticfield java/lang/invoke/MethodType METHOD_HANDLE_ARRAY [Ljava/lang/Class; 1 [Ljava/lang/Class;
staticfield java/lang/invoke/MethodType serialPersistentFields [Ljava/io/ObjectStreamField; 0 [Ljava/io/ObjectStreamField;
staticfield java/lang/invoke/MethodType $assertionsDisabled Z 1
ciInstanceKlass java/lang/BootstrapMethodError 0 0 45 10 100 12 1 1 1 10 12 1 10 12 1 10 100 12 1 1 1 10 100 12 1 1 1 1 1 1 5 0 1 1 1 1 1 1 1 1 1 1 1 100 1 1 1
instanceKlass java/lang/invoke/VolatileCallSite
instanceKlass java/lang/invoke/MutableCallSite
instanceKlass java/lang/invoke/ConstantCallSite
ciInstanceKlass java/lang/invoke/CallSite 1 1 307 10 7 12 1 1 1 10 7 12 1 1 1 9 7 12 1 1 1 10 12 1 1 9 12 1 1 10 7 12 1 1 1 10 12 1 100 1 10 12 1 1 10 12 1 1 9 100 12 1 1 1 10 100 12 1 1 10 12 1 1 100 1 100 1 10 10 100 12 1 1 1 10 12 1 1 8 1 10 12 1 10 12 1 1 10 12 1 10 12 1 1 10 12 1 1 10 10 100 12 1 1 10 12 1 1 9 12 1 9 100 12 1 1 1 8 1 10 7 12 1 1 1 10 12 1 1 100 1 10 12 1 1 9 12 1 8 1 100 1 10 12 1 10 12 1 100 1 8 1 10 10 12 1 10 12 1 1 100 1 10 12 1 1 10 12 1 10 12 1 10 12 1 1 10 12 1 1 9 12 1 1 8 10 12 1 1 9 12 1 1 100 1 10 10 12 1 10 100 12 1 1 1 10 12 1 1 10 12 1 1 10 12 1 10 7 12 1 1 1 100 1 8 1 10 10 12 10 12 1 1 100 1 100 1 100 1 8 1 10 12 1 10 7 12 1 1 1 1 1 1 1 1 1 1 1 1 1 1 1 1 1 1 1 1 1 1 1 1 1 1 1 1 1 1 1 1 1 1 1 1 1 1 1 1 1 1 1 1 1 1 1 1 1 1 1 1 1 1 1 100 1 100 1 1 1 1
staticfield java/lang/invoke/CallSite $assertionsDisabled Z 1
ciInstanceKlass jdk/internal/foreign/abi/NativeEntryPoint 0 0 194 10 100 12 1 1 1 9 100 12 1 1 1 9 12 1 1 100 1 8 1 10 12 1 10 12 1 1 100 1 10 100 12 1 1 1 10 12 1 9 12 1 1 18 12 1 1 10 100 12 1 1 1 10 100 12 1 1 1 9 100 12 1 1 1 100 1 10 8 1 10 12 1 1 10 12 1 10 12 1 1 8 1 10 12 1 1 100 1 8 1 10 12 1 10 12 1 1 10 12 1 9 12 1 1 18 12 1 1 10 100 12 1 1 1 10 12 1 1 10 12 1 10 100 12 1 1 1 10 1 1 1 1 1 1 1 1 1 1 1 1 1 1 1 1 1 1 1 1 1 1 1 1 1 1 1 1 1 1 1 1 1 1 1 1 1 16 1 15 10 12 16 1 16 15 10 12 15 10 100 12 1 1 1 1 1 100 1 1 100 1 100 1 1
ciInstanceKlass jdk/internal/foreign/abi/ABIDescriptor 0 0 55 10 100 12 1 1 1 9 100 12 1 1 1 9 12 1 1 9 12 1 9 12 1 9 12 1 1 9 12 1 9 12 1 1 9 12 1 9 12 1 9 12 1 9 12 1 1 1 1 1 1 1 1 1 1
ciInstanceKlass jdk/internal/foreign/abi/VMStorage 0 0 91 10 100 12 1 1 1 9 100 12 1 1 1 9 12 1 1 9 12 1 1 9 12 1 1 100 1 10 8 1 10 12 1 1 10 12 1 10 12 1 1 10 12 1 18 12 1 18 12 1 1 18 12 1 1 1 1 1 1 1 1 1 1 1 1 1 1 1 1 1 1 1 8 1 15 15 15 15 15 10 100 12 1 1 1 1 100 1 100 1 1
ciInstanceKlass jdk/internal/foreign/abi/UpcallLinker$CallRegs 0 0 66 10 100 12 1 1 1 9 100 12 1 1 1 9 12 1 18 12 1 1 18 12 1 1 18 12 1 1 1 1 1 1 1 1 1 1 1 1 1 1 1 1 1 1 100 1 1 1 8 1 15 15 15 10 100 12 1 1 1 1 1 100 1 100 1 1
ciInstanceKlass java/lang/invoke/MethodHandleNatives$CallSiteContext 1 1 49 10 7 12 1 1 1 7 1 10 10 7 12 1 1 1 10 7 12 1 1 1 10 7 12 1 1 1 100 1 1 1 1 1 1 1 1 1 1 1 1 1 1 1 1 1 100 1 1
ciInstanceKlass java/lang/invoke/ConstantCallSite 1 1 65 10 7 12 1 1 1 9 7 12 1 1 1 9 12 1 1 10 7 12 1 1 1 10 12 1 100 1 10 12 9 12 1 1 100 1 10 10 12 1 1 10 12 1 1 1 1 1 1 1 1 1 1 1 1 1 100 1 1 1 1 1 1 1 1
staticfield java/lang/invoke/ConstantCallSite UNSAFE Ljdk/internal/misc/Unsafe; jdk/internal/misc/Unsafe
ciInstanceKlass java/lang/invoke/MutableCallSite 0 0 63 10 100 12 1 1 1 10 12 1 9 100 12 1 1 1 10 12 1 10 12 1 1 9 12 1 1 10 100 12 1 1 1 10 100 12 1 1 1 10 12 1 1 1 1 1 1 1 1 1 1 1 1 1 1 1 1 1 1 100 1 1 1
ciInstanceKlass java/lang/invoke/VolatileCallSite 0 0 37 10 100 12 1 1 1 10 12 1 10 100 12 1 1 1 10 12 1 10 12 1 1 1 1 1 1 1 1 1 1 1 1 1 1 1 1
ciInstanceKlass java/lang/AssertionStatusDirectives 0 0 24 10 100 12 1 1 1 100 1 1 1 1 1 1 1 1 1 1 1 1 1 1 1 1
ciInstanceKlass java/lang/Appendable 1 0 14 100 1 100 1 1 1 1 100 1 1 1 1 1
instanceKlass java/lang/StringBuilder
instanceKlass java/lang/StringBuffer
ciInstanceKlass java/lang/AbstractStringBuilder 1 1 605 7 1 10 7 12 1 1 1 9 7 12 1 1 1 9 12 1 9 12 1 1 9 12 1 1 10 7 12 1 1 1 10 12 1 1 7 1 3 3 10 12 1 10 12 1 1 11 7 1 100 1 100 1 10 8 1 10 12 1 10 12 1 10 12 1 1 10 12 1 10 12 1 9 12 1 10 12 1 9 12 1 1 10 12 1 1 10 7 12 1 1 1 10 10 12 1 10 12 1 10 12 1 1 10 12 1 1 10 7 12 1 1 1 10 7 12 1 1 1 100 1 8 1 10 10 12 1 1 100 1 10 12 10 12 1 1 10 10 12 1 1 10 12 1 1 10 12 1 1 10 12 1 1 10 10 7 12 1 1 1 10 12 1 100 1 10 10 100 12 1 1 1 9 12 1 1 9 12 1 10 12 1 1 10 10 12 1 1 10 12 10 12 1 10 12 1 1 10 12 1 1 10 12 1 1 10 12 1 10 12 1 1 10 12 1 1 10 12 1 10 12 1 1 8 1 10 12 1 1 10 12 1 10 12 1 10 12 1 10 12 1 10 12 1 10 12 1 10 7 12 1 1 10 12 1 10 12 1 10 100 12 1 1 1 100 1 100 1 10 12 1 10 100 12 1 1 10 12 1 10 12 1 10 12 1 10 12 1 1 10 12 1 10 12 1 1 10 12 1 1 10 10 7 12 1 1 1 10 12 1 10 12 1 10 12 1 1 10 12 1 10 12 1 10 12 1 10 12 1 10 12 1 10 12 1 10 12 1 10 12 1 10 12 1 1 10 12 1 10 12 1 10 12 10 12 1 1 18 12 1 1 100 1 10 100 12 1 1 1 18 10 12 1 1 10 12 1 10 12 1 1 11 12 1 1 10 12 1 10 12 10 12 1 10 10 10 12 1 10 5 0 10 10 12 1 1 100 1 8 1 10 10 12 1 1 10 100 12 1 1 1 10 12 1 10 12 1 1 100 1 10 12 100 1 10 100 1 10 100 1 1 1 1 1 1 1 1 1 1 1 100 1 1 1 1 1 1 1 1 1 1 1 1 1 1 1 1 1 1 1 1 1 1 1 1 1 1 1 1 1 1 1 1 1 1 1 1 1 1 1 1 1 1 1 1 1 1 1 1 1 1 1 1 1 1 1 1 1 1 1 1 1 1 1 1 1 1 1 1 1 1 1 1 1 1 1 1 1 1 1 1 1 1 1 1 1 1 1 1 1 1 1 1 1 1 1 1 1 1 1 1 100 1 1 1 1 1 1 1 1 1 1 1 1 1 1 1 1 1 100 1 1 1 1 1 1 100 1 1 16 1 15 10 12 16 15 10 12 15 10 100 12 1 1 1 1 1 1 1 100 1 100 1 1
staticfield java/lang/AbstractStringBuilder EMPTYVALUE [B 0
ciInstanceKlass java/lang/StringBuffer 0 0 483 10 100 12 1 1 1 10 12 1 10 12 1 10 12 1 1 9 100 12 1 1 1 10 12 1 1 10 12 1 10 12 1 1 9 12 1 1 10 12 1 10 12 1 1 10 12 1 1 10 12 1 10 12 1 1 10 12 1 10 12 1 1 10 12 1 1 10 100 12 1 1 1 10 12 1 1 10 12 1 10 12 1 10 12 1 10 12 1 10 12 1 10 12 1 10 12 1 10 12 1 10 12 1 10 12 1 10 12 1 10 12 1 10 12 1 10 12 1 1 10 12 1 10 12 1 1 10 12 1 1 10 10 12 1 1 10 12 1 10 12 1 10 12 1 10 12 1 10 12 1 10 12 1 10 12 10 12 1 10 12 1 10 12 1 10 12 1 1 10 12 1 10 12 1 10 10 12 1 1 10 12 1 10 12 1 10 12 1 10 10 100 12 1 1 1 10 10 12 1 1 9 12 1 1 10 100 12 1 1 10 100 1 8 10 100 12 1 1 1 8 10 12 1 8 1 10 12 1 10 12 1 10 100 12 1 1 1 10 100 12 1 1 1 100 1 10 12 100 1 8 1 10 10 12 1 1 10 12 1 1 10 12 1 10 12 1 10 12 1 1 10 12 1 10 12 1 10 12 1 10 12 1 10 12 1 10 12 10 12 1 10 12 1 10 12 1 10 12 1 10 12 1 10 12 1 10 12 1 10 12 1 10 12 1 10 12 1 10 12 10 12 10 12 1 10 12 1 10 12 1 10 12 10 12 1 10 12 1 10 12 1 10 12 1 10 12 1 10 12 1 10 12 1 10 12 1 10 12 1 10 12 1 10 12 1 100 1 10 12 1 9 100 12 1 1 1 9 100 1 9 12 1 1 100 1 100 1 100 1 100 1 1 1 1 5 0 1 1 1 1 1 1 1 1 1 1 1 1 1 1 1 1 1 1 1 1 1 1 1 1 1 1 1 1 1 1 1 1 1 1 1 1 1 1 1 1 1 1 1 1 1 1 1 1 1 1 1 1 1 1 1 1 1 1 1 1 1 100 1 1 1 1 1 100 1 1 1 1 1 1 1 1 1 1 1 1 1 1 1 1 1 1
ciInstanceKlass java/lang/StringBuilder 1 1 422 10 7 12 1 1 1 10 12 1 10 12 1 10 12 1 1 10 7 12 1 1 1 10 7 12 1 1 1 10 12 1 10 12 1 10 12 1 10 12 1 10 12 1 10 12 1 10 12 1 10 12 1 10 12 1 10 12 1 10 12 1 10 12 1 10 12 1 10 12 1 1 10 12 1 10 12 1 1 10 12 1 1 10 12 1 10 12 1 10 12 1 10 12 1 10 12 1 10 12 1 10 12 1 10 12 10 12 1 10 12 1 10 12 1 10 12 1 1 10 12 1 10 12 1 10 12 10 12 1 1 10 12 1 10 12 1 10 12 1 10 100 12 1 1 1 9 12 1 1 10 12 1 10 12 1 1 10 12 1 1 9 12 1 1 10 100 12 1 1 1 10 100 1 10 12 1 1 10 100 12 1 1 10 12 1 10 12 1 1 100 1 100 1 8 1 10 10 12 1 1 10 12 1 10 12 1 10 12 1 1 10 12 1 10 12 1 10 12 1 10 12 1 10 12 1 10 12 10 12 1 10 12 1 10 12 1 10 12 1 10 12 1 10 12 1 10 12 1 10 12 1 10 12 1 1 10 12 1 1 10 12 1 10 12 1 10 12 1 10 12 10 12 10 12 1 10 12 1 10 12 1 10 12 10 12 1 10 12 1 10 12 1 10 12 1 10 12 1 10 12 1 10 12 1 10 12 1 10 12 1 1 10 12 1 10 12 1 1 10 12 1 10 12 1 1 10 12 1 10 12 1 1 10 12 1 10 12 1 10 12 1 10 10 12 1 10 12 1 100 1 100 1 100 1 100 1 1 1 1 5 0 1 1 1 1 1 1 1 1 1 1 1 1 1 1 1 1 1 1 1 1 1 1 1 1 1 1 1 1 1 1 1 1 1 1 1 1 1 1 1 1 1 1 1 1 100 1 1 1 100 1 1 1 1 1 1 1 1 1 1 1
ciInstanceKlass jdk/internal/misc/UnsafeConstants 1 1 34 10 100 12 1 1 1 9 7 12 1 1 1 9 12 1 9 12 1 1 9 12 1 9 12 1 1 1 1 1 1 1 1 1
staticfield jdk/internal/misc/UnsafeConstants ADDRESS_SIZE0 I 8
staticfield jdk/internal/misc/UnsafeConstants PAGE_SIZE I 4096
staticfield jdk/internal/misc/UnsafeConstants BIG_ENDIAN Z 0
staticfield jdk/internal/misc/UnsafeConstants UNALIGNED_ACCESS Z 1
staticfield jdk/internal/misc/UnsafeConstants DATA_CACHE_LINE_FLUSH_SIZE I 0
ciInstanceKlass jdk/internal/misc/Unsafe 1 1 1287 10 7 12 1 1 1 9 7 12 1 1 1 9 12 1 1 10 12 1 1 10 7 12 1 1 1 10 12 1 1 10 12 1 1 10 12 1 1 10 12 1 1 10 12 1 1 10 12 1 1 10 12 1 1 10 12 1 1 10 12 1 1 10 12 1 1 10 12 1 1 10 12 1 1 10 12 1 1 10 12 1 10 12 1 100 1 10 10 12 1 1 10 12 1 1 5 0 10 12 1 1 10 12 1 1 10 7 12 1 1 1 10 12 1 1 10 12 1 10 12 1 10 12 1 1 10 12 1 1 10 12 1 10 12 1 100 1 100 1 10 8 1 10 12 1 1 10 12 1 8 1 10 12 1 1 10 12 1 10 12 1 10 12 1 1 10 12 1 10 12 1 1 10 12 1 1 10 12 1 10 12 1 10 12 1 10 12 1 1 10 12 1 10 12 1 10 12 1 1 10 12 1 5 0 5 0 5 0 10 12 1 10 12 1 10 12 1 10 12 1 10 12 1 10 12 1 10 12 1 10 12 1 10 12 1 1 10 12 1 10 12 1 100 1 8 1 10 100 1 10 10 12 1 1 10 12 1 1 10 12 1 10 12 1 1 10 12 1 1 10 12 1 10 12 1 1 10 12 1 9 7 12 1 1 9 12 1 100 1 10 10 12 1 1 8 1 10 8 1 8 1 10 12 1 1 9 7 12 1 1 1 9 100 1 9 7 1 9 100 1 9 9 100 1 9 100 1 9 100 1 10 12 1 1 10 12 1 1 10 12 1 1 10 12 1 1 5 0 5 0 9 12 1 1 10 12 1 10 12 1 10 12 1 1 10 12 1 1 10 12 1 8 1 3 10 12 1 1 10 12 1 1 10 12 1 10 12 1 1 10 12 1 1 10 12 1 10 12 1 10 12 1 10 12 1 10 12 1 10 12 1 1 10 12 1 1 10 12 1 10 12 1 10 12 1 10 12 1 10 12 1 10 12 1 1 10 12 1 1 10 12 1 10 12 1 10 12 1 10 12 1 10 12 1 10 12 1 1 10 12 1 1 10 12 1 1 10 12 1 1 10 12 1 10 12 1 10 12 1 10 12 1 10 12 1 10 12 1 10 12 1 1 10 12 1 1 10 12 1 10 12 1 10 12 1 10 12 1 10 12 1 10 12 1 10 12 1 1 10 12 1 1 10 12 1 10 12 1 10 12 1 10 12 1 10 12 1 10 12 1 10 12 1 10 12 1 1 10 12 1 10 12 1 10 12 1 10 12 1 10 12 1 1 10 12 1 10 12 1 10 12 1 10 12 1 10 12 1 10 12 1 10 12 1 10 12 1 1 10 12 1 10 12 1 10 12 1 10 12 1 10 12 1 10 12 1 1 10 12 1 10 12 1 10 12 1 1 10 12 1 10 12 1 10 12 1 10 12 1 10 12 1 10 12 1 10 12 1 10 12 1 10 12 1 10 12 1 10 12 1 10 12 1 10 12 1 10 12 1 10 12 1 10 12 1 10 12 1 10 12 1 10 12 1 10 12 1 10 12 1 10 12 1 10 12 1 100 1 10 100 1 10 9 12 1 5 0 10 12 1 1 5 0 10 12 1 5 0 10 12 1 10 12 1 10 12 1 1 10 12 1 1 10 12 1 10 12 1 10 12 1 10 12 1 1 10 12 1 10 12 1 10 12 1 10 12 1 10 12 1 1 10 12 1 10 12 1 10 12 1 10 12 1 1 10 12 1 10 12 1 10 12 1 1 10 12 1 10 12 1 10 12 1 10 12 1 1 10 12 1 10 10 12 1 1 10 12 1 10 12 1 1 10 12 1 10 12 5 0 5 0 5 0 10 12 1 1 10 12 1 10 12 1 10 12 10 7 12 1 1 8 1 7 1 11 12 1 1 8 1 11 12 1 1 10 7 12 1 1 10 12 1 10 12 1 10 12 1 10 12 1 10 12 1 1 10 12 1 10 12 1 10 12 1 10 12 1 10 12 1 10 12 1 10 7 1 10 12 1 9 12 1 7 1 9 12 1 7 1 9 12 1 7 1 9 12 1 7 1 9 12 1 7 1 9 12 1 7 1 9 12 1 7 1 9 12 1 7 1 9 12 1 10 12 1 9 12 1 9 12 1 9 12 1 9 12 1 9 12 1 9 12 1 9 12 1 9 12 1 9 12 1 9 12 1 1 1 3 1 1 1 1 1 1 1 1 1 1 1 1 1 1 1 1 1 1 1 1 1 1 1 1 1 1 1 1 1 1 1 1 1 1 1 1 1 1 1 1 1 1 1 1 1 1 1 1 1 1 1 1 1 1 1 1 1 1 1 1 1 1 1 1 1 1 1 1 1 1 1 1 1 1 1 1 1 1 1 1 1 1 1 1 1 1 1 1 1 100 1 1 1 1 1 1 1 1 1 1 1 1 1 1 1 1 1 1 1 1 1 1 1 1 1 1 1 1 1 1 1 1 1 1 1 1 1 1 1 1 1 1 1 1 1 1 1 1 1 1 1 1 1 1 1 1 1 1 1 1 1 1 1 1 1 1 1 1 1 1 1 1 1 1 1 1 1 1 1 1 1 1 1 1 1 1 1 1 1 1 1 1 1 1 1 1 1 1 1 1 1 1 1 1 1 1 1 1 1 1 1 1 1 1 1 1 1 1 1 1 1 1 1 1 1 1 1 1 1 1 1 1 1 1 1 1 1 1 1 1 1 1 1 1 1 1 1 1 1 1 1 1 1 1 1 1 1 1 1 1 1 1 1 1 1 1 1 1 1 1 1 1 1 1 1 1 1 1 1 1 1 1 1 1 1 1 1 1 1 1 1 1 1 1 1 1 1 1 1 1 1 1 1 1 1 1 3 1 1 1 1 1 1 1 1 1 1 1 1 1 1 1 1 1 1 1 1 1
staticfield jdk/internal/misc/Unsafe theUnsafe Ljdk/internal/misc/Unsafe; jdk/internal/misc/Unsafe
staticfield jdk/internal/misc/Unsafe ARRAY_BOOLEAN_BASE_OFFSET I 16
staticfield jdk/internal/misc/Unsafe ARRAY_BYTE_BASE_OFFSET I 16
staticfield jdk/internal/misc/Unsafe ARRAY_SHORT_BASE_OFFSET I 16
staticfield jdk/internal/misc/Unsafe ARRAY_CHAR_BASE_OFFSET I 16
staticfield jdk/internal/misc/Unsafe ARRAY_INT_BASE_OFFSET I 16
staticfield jdk/internal/misc/Unsafe ARRAY_LONG_BASE_OFFSET I 16
staticfield jdk/internal/misc/Unsafe ARRAY_FLOAT_BASE_OFFSET I 16
staticfield jdk/internal/misc/Unsafe ARRAY_DOUBLE_BASE_OFFSET I 16
staticfield jdk/internal/misc/Unsafe ARRAY_OBJECT_BASE_OFFSET I 16
staticfield jdk/internal/misc/Unsafe ARRAY_BOOLEAN_INDEX_SCALE I 1
staticfield jdk/internal/misc/Unsafe ARRAY_BYTE_INDEX_SCALE I 1
staticfield jdk/internal/misc/Unsafe ARRAY_SHORT_INDEX_SCALE I 2
staticfield jdk/internal/misc/Unsafe ARRAY_CHAR_INDEX_SCALE I 2
staticfield jdk/internal/misc/Unsafe ARRAY_INT_INDEX_SCALE I 4
staticfield jdk/internal/misc/Unsafe ARRAY_LONG_INDEX_SCALE I 8
staticfield jdk/internal/misc/Unsafe ARRAY_FLOAT_INDEX_SCALE I 4
staticfield jdk/internal/misc/Unsafe ARRAY_DOUBLE_INDEX_SCALE I 8
staticfield jdk/internal/misc/Unsafe ARRAY_OBJECT_INDEX_SCALE I 4
staticfield jdk/internal/misc/Unsafe ADDRESS_SIZE I 8
ciInstanceKlass jdk/internal/module/Modules 1 1 504 10 100 12 1 1 1 9 7 12 1 1 1 11 7 12 1 1 1 11 12 1 1 11 12 1 1 11 12 1 1 11 12 1 11 12 1 11 12 1 11 12 1 11 12 1 1 10 100 12 1 1 1 10 100 12 1 1 1 18 12 1 1 10 100 12 1 1 1 100 1 10 100 12 1 1 1 10 100 12 1 1 1 10 100 12 1 1 10 12 1 1 11 12 1 9 12 1 1 11 100 12 1 1 1 10 12 1 1 10 10 12 1 10 9 12 1 1 10 100 12 1 1 10 12 1 1 10 100 12 1 1 100 1 11 100 12 1 1 1 10 100 12 1 1 1 11 100 12 1 1 10 12 1 1 10 100 12 1 1 10 100 12 1 1 1 10 12 1 1 10 12 1 1 11 12 1 1 18 12 1 1 11 100 12 1 1 10 100 12 1 1 1 11 100 12 1 1 1 100 1 11 12 1 1 11 100 12 1 1 1 11 12 1 1 10 12 1 1 10 100 12 1 1 18 12 1 1 11 12 1 1 18 12 1 1 11 12 1 1 10 12 1 18 18 10 12 1 1 9 12 1 1 11 100 12 1 1 1 100 1 10 11 12 1 11 12 1 1 11 12 1 1 10 100 1 10 12 1 1 10 100 12 1 1 10 12 1 1 11 12 10 12 1 1 100 1 10 18 12 1 10 12 1 1 100 1 8 1 10 12 1 10 100 12 1 1 18 12 1 11 11 12 10 12 1 10 10 100 1 18 12 1 10 10 10 7 12 1 1 10 7 12 1 1 1 10 12 1 1 1 1 1 1 1 1 1 1 1 1 1 1 1 1 1 1 1 1 1 1 1 1 1 1 1 1 1 1 1 1 1 100 1 1 1 1 1 1 1 1 1 1 1 1 1 1 1 1 1 1 1 1 1 1 1 1 1 1 1 1 1 1 1 1 1 1 1 100 1 1 1 1 1 1 1 1 1 1 1 1 1 1 1 1 1 1 1 1 1 1 1 16 15 10 12 1 16 16 15 10 12 1 16 1 16 1 15 10 12 1 16 1 16 1 15 10 12 16 1 15 10 16 1 15 10 12 16 1 15 10 12 16 15 10 12 16 15 10 12 15 10 100 12 1 1 1 1 1 1 100 1 100 1 1
staticfield jdk/internal/module/Modules JLA Ljdk/internal/access/JavaLangAccess; java/lang/System$2
staticfield jdk/internal/module/Modules JLMA Ljdk/internal/access/JavaLangModuleAccess; java/lang/module/ModuleDescriptor$1
staticfield jdk/internal/module/Modules $assertionsDisabled Z 1
ciInstanceKlass java/lang/AutoCloseable 1 0 12 100 1 100 1 1 1 1 100 1 1 1
ciInstanceKlass java/io/Closeable 1 0 14 100 1 100 1 100 1 1 1 1 100 1 1 1
instanceKlass org/jetbrains/kotlin/protobuf/RopeByteString$RopeInputStream
instanceKlass org/jetbrains/kotlin/com/intellij/util/io/UnsyncByteArrayInputStream
instanceKlass org/jetbrains/kotlin/com/fasterxml/aalto/in/MergedStream
instanceKlass kotlin/reflect/jvm/internal/impl/protobuf/RopeByteString$RopeInputStream
instanceKlass java/util/zip/ZipFile$ZipFileInputStream
instanceKlass java/io/FilterInputStream
instanceKlass java/io/FileInputStream
instanceKlass java/io/ByteArrayInputStream
ciInstanceKlass java/io/InputStream 1 1 195 100 1 10 7 12 1 1 1 100 1 10 10 7 12 1 1 1 10 7 12 1 1 1 10 12 1 100 1 3 10 12 1 1 100 1 8 1 10 12 1 10 100 12 1 1 1 3 100 1 8 1 10 10 100 12 1 1 1 100 1 10 11 100 12 1 1 1 10 12 1 1 11 12 1 1 11 100 12 1 1 1 11 12 1 1 100 1 10 100 12 1 1 1 5 0 10 12 1 10 12 1 1 100 1 10 8 1 10 8 1 8 1 10 12 1 1 10 100 12 1 1 1 100 1 5 0 10 12 1 100 1 100 1 1 1 1 3 1 3 1 1 1 1 1 1 1 1 1 1 1 1 1 1 1 1 1 1 1 1 1 1 1 1 1 1 1 1 1 1 1 1 1 1 1 1 1 1 1 1 1 1 1 1 1 1 1 1 1 1 1 1 1 1 1
ciInstanceKlass java/io/ByteArrayInputStream 1 1 117 10 7 12 1 1 1 9 7 12 1 1 1 9 12 1 1 9 12 1 9 12 1 10 100 12 1 1 1 10 7 12 1 1 1 10 7 12 1 1 1 10 100 12 1 1 1 10 12 1 1 3 10 100 1 10 100 12 1 1 1 9 12 1 1 100 1 10 10 7 12 1 1 1 1 1 1 1 1 1 1 1 1 1 1 1 1 1 1 1 1 1 1 1 1 1 1 1 1 1 1 1 100 1 1 1 1 1 1 1 1 1 1 1 1 1 1
staticfield java/io/ByteArrayInputStream $assertionsDisabled Z 1
ciInstanceKlass java/net/URL 1 1 771 10 7 12 1 1 1 10 12 1 10 7 12 1 1 9 12 1 1 9 12 1 10 7 12 1 1 1 10 12 1 1 10 12 1 1 9 12 1 1 10 7 12 1 1 1 8 1 10 12 1 1 100 1 10 10 12 1 1 8 1 10 12 1 1 9 12 1 100 1 8 1 10 12 1 10 12 1 8 1 9 12 1 10 12 1 1 9 12 1 10 12 1 10 12 1 9 12 1 9 12 1 8 1 9 12 1 10 12 1 1 8 1 9 12 1 1 10 12 1 1 10 7 12 1 1 1 8 1 10 12 1 7 1 10 12 1 10 12 1 10 12 1 10 12 1 1 10 12 1 1 8 1 10 12 1 1 10 12 1 8 1 9 12 1 8 1 10 12 1 10 7 12 1 1 1 100 1 10 12 1 10 12 1 1 10 7 12 1 1 1 100 1 8 1 10 10 12 1 8 1 10 12 1 1 10 12 1 10 12 1 10 12 1 10 12 1 10 12 1 10 12 1 8 1 10 12 1 8 1 10 10 100 1 10 10 12 1 8 1 10 7 12 1 1 1 10 12 1 9 100 12 1 1 1 10 100 12 1 1 1 9 12 1 1 10 12 1 10 100 12 1 1 1 100 1 100 1 10 12 1 10 12 1 10 12 1 10 12 1 10 12 1 10 12 10 10 12 1 10 12 1 10 12 1 1 8 1 9 100 12 1 1 1 10 100 12 1 1 1 10 12 1 1 9 100 12 1 1 1 10 12 1 1 100 1 10 12 1 10 12 1 10 10 12 1 1 10 12 1 1 10 12 1 10 12 1 10 12 1 10 7 12 1 1 1 10 12 1 1 10 12 1 9 12 1 1 9 12 1 1 100 1 8 1 10 10 12 1 9 12 1 1 10 7 12 1 1 8 1 10 7 12 1 1 8 1 10 12 1 1 10 12 1 8 1 8 1 10 7 12 1 1 1 100 1 10 100 12 1 1 1 10 12 1 10 12 1 100 1 10 9 100 12 1 1 1 10 100 12 1 1 10 12 1 1 10 12 1 8 1 100 1 10 10 100 12 1 1 1 10 12 1 8 9 100 12 1 1 1 10 12 1 1 10 12 1 10 12 1 1 10 7 12 1 1 11 7 12 1 1 10 12 1 10 12 1 9 12 1 10 12 1 1 10 100 12 1 1 10 100 12 1 1 1 8 10 100 12 1 1 100 1 10 8 8 10 12 1 8 8 8 100 1 10 12 1 9 12 1 1 10 12 1 10 12 1 1 10 12 1 10 12 10 12 1 1 10 12 1 1 10 10 10 12 1 10 12 1 10 12 1 10 12 1 10 12 1 10 10 12 1 100 1 8 1 10 10 10 12 1 1 10 12 1 10 12 1 1 8 1 7 1 10 10 7 1 10 12 1 9 7 12 1 1 1 9 12 1 1 7 1 10 10 7 12 1 1 1 100 1 1 1 1 1 5 0 1 1 1 1 1 1 1 1 1 1 1 1 1 1 1 1 1 1 1 1 1 1 1 1 1 1 1 1 1 1 1 1 1 1 1 1 1 1 1 1 1 1 1 1 1 1 1 1 100 1 1 1 1 1 1 1 1 1 1 1 1 1 1 1 1 1 1 1 1 1 1 1 1 1 1 1 1 1 1 1 1 1 1 1 1 1 100 1 1 1 1 1 1 1 1 1 1 1 1 1 1 1 1 1 100 1 1 1 1 1 1 1 1 1 1 1 1 1 1 1 1 1 1 1
staticfield java/net/URL defaultFactory Ljava/net/URLStreamHandlerFactory; java/net/URL$DefaultFactory
staticfield java/net/URL streamHandlerLock Ljava/lang/Object; java/lang/Object
staticfield java/net/URL serialPersistentFields [Ljava/io/ObjectStreamField; 7 [Ljava/io/ObjectStreamField;
ciInstanceKlass java/net/URLClassLoader 1 1 600 10 7 12 1 1 1 7 1 10 12 1 9 7 12 1 1 1 10 7 12 1 1 1 9 12 1 1 7 1 10 12 1 9 12 1 1 10 12 1 10 10 12 1 10 100 12 1 1 1 10 12 1 1 10 7 12 1 1 1 10 7 12 1 1 1 100 1 10 12 1 1 10 12 1 1 10 12 1 1 100 1 100 1 10 7 12 1 1 1 100 1 8 1 10 12 1 10 100 12 1 1 1 10 12 1 1 10 12 1 1 11 100 12 1 1 1 11 100 12 1 1 1 11 12 1 1 100 1 11 12 1 11 100 12 1 1 10 12 1 11 12 1 11 12 1 1 11 10 12 1 1 10 12 1 1 10 12 1 1 7 1 10 12 1 10 12 1 1 7 1 100 1 10 12 1 1 100 1 10 10 12 1 1 10 7 12 1 1 10 12 1 100 1 100 1 10 8 1 10 12 1 1 8 1 10 12 1 1 10 10 12 1 8 1 8 1 10 12 1 1 10 7 12 1 1 1 10 7 12 1 1 1 10 12 1 1 10 12 1 1 10 12 1 1 10 12 1 10 12 1 100 1 100 1 8 1 10 12 1 10 12 1 1 10 12 1 1 7 1 10 12 1 10 7 12 1 1 1 10 12 1 1 10 12 1 1 10 12 1 1 10 12 1 10 7 12 1 1 1 10 12 1 1 8 1 10 12 1 1 11 7 12 1 1 1 9 7 12 1 1 1 10 7 12 1 1 1 9 12 1 9 12 1 9 12 1 9 12 1 9 12 1 9 12 1 10 7 12 1 1 1 8 1 10 12 1 1 100 1 10 10 12 1 10 12 1 1 10 12 1 1 100 1 10 12 1 10 12 1 1 10 12 1 10 12 1 1 7 1 10 7 12 1 1 9 7 12 1 1 1 10 12 1 8 1 100 1 8 1 10 12 1 10 12 1 8 1 10 12 1 10 12 1 9 12 1 1 10 100 12 1 1 10 12 1 10 12 1 10 100 1 8 1 10 100 1 10 12 1 10 7 12 1 100 1 10 12 1 10 12 1 100 1 10 10 7 12 1 1 1 1 1 1 1 1 1 1 1 1 1 1 1 1 1 1 1 1 1 1 1 1 1 1 1 1 1 1 1 1 1 1 1 1 1 100 1 100 1 100 1 100 1 1 1 1 1 1 1 1 1 1 1 1 1 1 1 1 1 1 1 1 1 1 1 1 1 1 1 1 1 1 1 1 1 1 1 1 1 1 1 1 1 1 1 1 1 1 100 1 1 1 1 1 1 1 1 1 1 1 1 1 1 1 1 1 1 1 1 1 1 1 1 1 1 1 1 1 1 1 1 1 1 1 1 1 100 1 1 1
instanceKlass org/jetbrains/kotlin/fir/declarations/HiddenEverywhereBesideSuperCallsStatus
instanceKlass org/jetbrains/kotlin/fir/expressions/ConstantArgumentKind
instanceKlass org/jetbrains/kotlin/fir/resolve/calls/tower/DispatchReceiverMemberScopeTowerLevel$DispatchReceiverToUse
instanceKlass org/jetbrains/kotlin/fir/EqualsOverrideContract
instanceKlass org/jetbrains/kotlin/fir/scopes/jvm/JvmMappedScope$JDKMemberStatus
instanceKlass org/jetbrains/kotlin/serialization/deserialization/ProtoBufContractDeserializer$PrimitiveExpressionType
instanceKlass org/jetbrains/kotlin/serialization/deserialization/ProtoBufContractDeserializer$ComplexExpressionType
instanceKlass org/jetbrains/kotlin/fir/declarations/utils/FirScriptCustomizationKind
instanceKlass org/jetbrains/kotlin/fir/resolve/calls/FirSyntheticPropertiesScope$SyntheticGetterCompatibility
instanceKlass org/jetbrains/kotlin/contracts/description/EventOccurrencesRange
instanceKlass org/jetbrains/kotlin/fir/resolve/dfa/Operation
instanceKlass org/jetbrains/kotlin/fir/resolve/ResolutionMode$ArrayLiteralPosition
instanceKlass org/jetbrains/kotlin/fir/resolve/inference/CalculatorForNestedCall$FixationDirection
instanceKlass org/jetbrains/kotlin/types/TypeApproximatorConfiguration$IntersectionStrategy
instanceKlass org/jetbrains/kotlin/resolve/calls/inference/components/TypeVariableDirectionCalculator$ResolveDirection
instanceKlass org/jetbrains/kotlin/resolve/calls/inference/components/VariableFixationFinder$TypeVariableFixationReadiness
instanceKlass org/jetbrains/kotlin/resolve/calls/inference/model/ConstraintKind
instanceKlass org/jetbrains/kotlin/fir/declarations/CallToPotentiallyHiddenSymbolResult
instanceKlass org/jetbrains/kotlin/types/SmartcastStability
instanceKlass org/jetbrains/kotlin/fir/resolve/transformers/FirCallCompletionResultsWriterTransformer$Mode
instanceKlass org/jetbrains/kotlin/resolve/calls/inference/components/ConstraintSystemCompletionMode
instanceKlass org/jetbrains/kotlin/resolve/ForbiddenNamedArgumentsTarget
instanceKlass org/jetbrains/kotlin/fir/resolve/calls/stages/FirCallArgumentsProcessor$State
instanceKlass org/jetbrains/kotlin/fir/resolve/calls/ConstructorFilter
instanceKlass org/jetbrains/kotlin/resolve/calls/tasks/ExplicitReceiverKind
instanceKlass org/jetbrains/kotlin/fir/resolve/calls/tower/ProcessResult
instanceKlass org/jetbrains/kotlin/resolve/calls/inference/model/NewConstraintSystemImpl$State
instanceKlass org/jetbrains/kotlin/fir/resolve/calls/candidate/ImplicitInvokeMode
instanceKlass org/jetbrains/kotlin/fir/resolve/dfa/cfg/EdgeKind
instanceKlass org/jetbrains/kotlin/fir/resolve/transformers/body/resolve/FirExpressionsResolveTransformer$CallResolutionMode
instanceKlass org/jetbrains/kotlin/fir/resolve/dfa/PropertyStability
instanceKlass org/jetbrains/kotlin/fir/resolve/dfa/cfg/ControlFlowGraph$Kind
instanceKlass org/jetbrains/kotlin/types/TypeCheckerState$LowerCapturedTypePolicy
instanceKlass org/jetbrains/kotlin/types/model/TypeVariance
instanceKlass org/jetbrains/kotlin/fir/scopes/ProcessorAction
instanceKlass org/jetbrains/kotlin/types/model/CaptureStatus
instanceKlass kotlin/DeprecationLevel
instanceKlass org/jetbrains/kotlin/metadata/ProtoBuf$Effect$EffectConditionKind
instanceKlass org/jetbrains/kotlin/metadata/ProtoBuf$Effect$InvocationKind
instanceKlass org/jetbrains/kotlin/metadata/ProtoBuf$Expression$ConstantValue
instanceKlass org/jetbrains/kotlin/metadata/ProtoBuf$Effect$EffectType
instanceKlass org/jetbrains/kotlin/fir/types/ProjectionKind
instanceKlass org/jetbrains/kotlin/fir/deserialization/AbstractAnnotationDeserializer$CallableKind
instanceKlass org/jetbrains/kotlin/serialization/deserialization/descriptors/DeserializedContainerAbiStability
instanceKlass org/jetbrains/kotlin/metadata/ProtoBuf$VersionRequirement$VersionKind
instanceKlass org/jetbrains/kotlin/metadata/ProtoBuf$VersionRequirement$Level
instanceKlass org/jetbrains/kotlin/metadata/jvm/JvmProtoBuf$StringTableTypes$Record$Operation
instanceKlass org/jetbrains/kotlin/load/java/structure/impl/classFiles/BinaryClassSignatureParser$JavaSignatureVariance
instanceKlass org/jetbrains/kotlin/load/java/typeEnhancement/TypeComponentPosition
instanceKlass org/jetbrains/kotlin/load/java/typeEnhancement/MutabilityQualifier
instanceKlass org/jetbrains/kotlin/load/java/typeEnhancement/NullabilityQualifier
instanceKlass org/jetbrains/kotlin/fir/java/FirJavaTypeConversionMode
instanceKlass org/jetbrains/kotlin/resolve/deprecation/DeprecationLevelValue
instanceKlass org/jetbrains/kotlin/descriptors/annotations/KotlinTarget
instanceKlass kotlin/annotation/AnnotationTarget
instanceKlass kotlin/annotation/AnnotationRetention
instanceKlass org/jetbrains/kotlin/descriptors/EffectiveVisibility$Permissiveness
instanceKlass org/jetbrains/kotlin/io/vavr/collection/HashArrayMappedTrieModule$Action
instanceKlass org/jetbrains/kotlin/load/kotlin/header/KotlinClassHeader$Kind
instanceKlass org/jetbrains/kotlin/util/PhaseSideType
instanceKlass org/jetbrains/kotlin/fir/scopes/impl/DefaultImportPriority
instanceKlass org/jetbrains/kotlin/resolve/jvm/NotFoundPackagesCachingStrategy$CacheType
instanceKlass org/jetbrains/kotlin/fir/resolve/calls/tower/InvokeResolvePriority
instanceKlass org/jetbrains/kotlin/resolve/calls/tower/CandidateApplicability
instanceKlass org/jetbrains/kotlin/fir/resolve/FirTowerDataMode
instanceKlass org/jetbrains/kotlin/fir/resolve/transformers/StatusComputationSession$StatusComputationStatus
instanceKlass org/jetbrains/kotlin/fir/expressions/FirAnnotationResolvePhase
instanceKlass java/math/RoundingMode
instanceKlass org/jetbrains/kotlin/parsing/KotlinParsing$ParseEnumEntryResult
instanceKlass org/jetbrains/kotlin/fir/declarations/InlineStatus
instanceKlass org/jetbrains/kotlin/types/Variance
instanceKlass org/jetbrains/kotlin/contracts/description/LogicOperationKind
instanceKlass org/jetbrains/kotlin/parsing/KotlinParsing$PropertyComponentKind
instanceKlass org/jetbrains/kotlin/descriptors/annotations/AnnotationUseSiteTarget
instanceKlass org/jetbrains/kotlin/fir/declarations/FirPropertyBodyResolveState
instanceKlass org/jetbrains/kotlin/fir/expressions/FirFunctionCallOrigin
instanceKlass org/jetbrains/kotlin/fir/declarations/FirValueParameterKind
instanceKlass org/jetbrains/kotlin/fir/builder/AbstractRawFirBuilder$ForbiddenLabelKind
instanceKlass org/jetbrains/kotlin/fir/builder/AbstractRawFirBuilder$ValueParameterDeclaration
instanceKlass org/jetbrains/kotlin/fir/expressions/FirOperation
instanceKlass org/jetbrains/kotlin/fir/diagnostics/DiagnosticKind
instanceKlass org/jetbrains/kotlin/fir/lightTree/fir/modifier/ModifierFlag
instanceKlass org/jetbrains/kotlin/parsing/KotlinParsing$DeclarationParsingMode
instanceKlass org/jetbrains/kotlin/parsing/KotlinParsing$NameParsingMode
instanceKlass org/jetbrains/kotlin/parsing/KotlinParsing$AnnotationParsingMode
instanceKlass org/jetbrains/kotlin/lang/BinaryOperationPrecedence
instanceKlass org/jetbrains/kotlin/load/java/SpecialGenericSignatures$TypeSafeBarrierDescription
instanceKlass org/jetbrains/kotlin/builtins/PrimitiveType
instanceKlass org/jetbrains/kotlin/resolve/jvm/JvmPrimitiveType
instanceKlass org/jetbrains/kotlin/fir/analysis/checkers/MppCheckerKind
instanceKlass org/jetbrains/kotlin/metadata/ProtoBuf$Type$Argument$Projection
instanceKlass org/jetbrains/kotlin/descriptors/ClassKind
instanceKlass org/jetbrains/kotlin/fir/declarations/impl/FirDeclarationStatusImpl$Modifier
instanceKlass org/jetbrains/kotlin/descriptors/Modality
instanceKlass org/jetbrains/kotlin/fir/declarations/FirResolvePhase
instanceKlass org/jetbrains/kotlin/diagnostics/Severity
instanceKlass org/jetbrains/kotlin/config/JvmDefaultMode
instanceKlass org/jetbrains/kotlin/load/java/AnnotationQualifierApplicabilityType
instanceKlass org/jetbrains/kotlin/container/ComponentStorageState
instanceKlass org/jetbrains/kotlin/fir/caches/FirCachesFactory$KeyReferenceStrength
instanceKlass org/jetbrains/kotlin/fir/caches/FirCachesFactory$ValueReferenceStrength
instanceKlass kotlin/time/DurationUnit
instanceKlass org/jetbrains/kotlin/fir/FirSession$Kind
instanceKlass org/jetbrains/kotlin/metadata/ProtoBuf$QualifiedNameTable$QualifiedName$Kind
instanceKlass org/jetbrains/kotlin/metadata/ProtoBuf$TypeParameter$Variance
instanceKlass org/jetbrains/kotlin/metadata/ProtoBuf$Annotation$Argument$Value$Type
instanceKlass org/jetbrains/kotlin/protobuf/WireFormat$JavaType
instanceKlass org/jetbrains/kotlin/protobuf/WireFormat$FieldType
instanceKlass java/nio/file/attribute/PosixFilePermission
instanceKlass kotlin/io/FileWalkDirection
instanceKlass org/jetbrains/kotlin/cli/jvm/index/JavaRoot$RootType
instanceKlass org/jetbrains/kotlin/cli/jvm/compiler/jarfs/ZipEntryDescription$CompressionKind
instanceKlass org/jetbrains/kotlin/config/JvmClosureGenerationScheme
instanceKlass org/jetbrains/kotlin/config/LanguageFeature$State
instanceKlass org/jetbrains/kotlin/metadata/ProtoBuf$MemberKind
instanceKlass org/jetbrains/kotlin/metadata/ProtoBuf$Class$Kind
instanceKlass org/jetbrains/kotlin/metadata/ProtoBuf$Modality
instanceKlass org/jetbrains/kotlin/metadata/ProtoBuf$Visibility
instanceKlass org/jetbrains/kotlin/com/intellij/pom/java/LanguageLevel
instanceKlass org/jetbrains/kotlin/com/intellij/openapi/util/LowMemoryWatcher$LowMemoryWatcherType
instanceKlass org/jetbrains/kotlin/com/intellij/ide/plugins/ActionDescriptorName
instanceKlass kotlin/coroutines/intrinsics/CoroutineSingletons
instanceKlass kotlinx/coroutines/CoroutineStart
instanceKlass org/jetbrains/kotlin/com/intellij/openapi/progress/impl/CoreProgressManager$CheckCanceledBehavior
instanceKlass org/jetbrains/kotlin/com/intellij/util/messages/Topic$BroadcastDirection
instanceKlass org/jetbrains/kotlin/com/intellij/openapi/extensions/ExtensionPoint$Kind
instanceKlass org/jetbrains/kotlin/com/intellij/util/messages/impl/BusState
instanceKlass org/jetbrains/kotlin/com/intellij/diagnostic/LoadingState
instanceKlass org/jetbrains/kotlin/cli/jvm/compiler/EnvironmentConfigFiles
instanceKlass java/util/stream/MatchOps$MatchKind
instanceKlass org/jetbrains/kotlin/config/JvmSerializeIrMode
instanceKlass org/jetbrains/kotlin/config/JvmAbiStability
instanceKlass androidx/compose/compiler/plugins/kotlin/FeatureFlag
instanceKlass org/jetbrains/kotlin/config/AnnotationDefaultTargetMode
instanceKlass org/jetbrains/kotlin/config/JVMAssertionsMode
instanceKlass org/jetbrains/kotlin/storage/LockBasedStorageManager$NotValue
instanceKlass org/jetbrains/kotlin/load/java/ReportLevel
instanceKlass org/jetbrains/kotlin/config/ReturnValueCheckerMode
instanceKlass org/jetbrains/kotlin/config/ExplicitApiMode
instanceKlass org/jetbrains/kotlin/config/IrVerificationMode
instanceKlass org/jetbrains/kotlin/config/phaser/BeforeOrAfter
instanceKlass org/jetbrains/kotlin/util/CompilerType
instanceKlass org/jetbrains/kotlin/util/PhaseType
instanceKlass java/util/stream/StreamShape
instanceKlass java/util/stream/Collector$Characteristics
instanceKlass org/jetbrains/kotlin/config/JvmTarget
instanceKlass kotlin/reflect/jvm/internal/impl/serialization/deserialization/AnnotatedCallableKind
instanceKlass kotlin/reflect/jvm/internal/impl/load/java/typeEnhancement/TypeComponentPosition
instanceKlass kotlin/reflect/jvm/internal/impl/load/java/typeEnhancement/NullabilityQualifier
instanceKlass kotlin/reflect/jvm/internal/impl/load/java/typeEnhancement/MutabilityQualifier
instanceKlass kotlin/reflect/jvm/internal/impl/load/java/AnnotationQualifierApplicabilityType
instanceKlass java/lang/invoke/MethodHandleImpl$ArrayAccess
instanceKlass kotlin/reflect/jvm/internal/impl/metadata/ProtoBuf$QualifiedNameTable$QualifiedName$Kind
instanceKlass kotlin/reflect/jvm/internal/impl/load/java/structure/LightClassOriginKind
instanceKlass kotlin/reflect/jvm/internal/impl/types/Variance
instanceKlass kotlin/reflect/jvm/internal/impl/metadata/ProtoBuf$MemberKind
instanceKlass kotlin/reflect/jvm/internal/impl/metadata/ProtoBuf$Class$Kind
instanceKlass kotlin/reflect/jvm/internal/impl/metadata/ProtoBuf$Modality
instanceKlass kotlin/reflect/jvm/internal/impl/metadata/ProtoBuf$Visibility
instanceKlass kotlin/reflect/jvm/internal/impl/serialization/deserialization/descriptors/DeserializedContainerAbiStability
instanceKlass kotlin/reflect/jvm/internal/impl/metadata/ProtoBuf$Type$Argument$Projection
instanceKlass kotlin/reflect/jvm/internal/impl/metadata/jvm/JvmProtoBuf$StringTableTypes$Record$Operation
instanceKlass java/lang/annotation/ElementType
instanceKlass kotlin/reflect/jvm/internal/impl/incremental/components/NoLookupLocation
instanceKlass kotlin/reflect/jvm/internal/impl/metadata/ProtoBuf$Annotation$Argument$Value$Type
instanceKlass kotlin/reflect/jvm/internal/impl/metadata/ProtoBuf$TypeParameter$Variance
instanceKlass kotlin/reflect/jvm/internal/impl/protobuf/WireFormat$JavaType
instanceKlass kotlin/reflect/jvm/internal/impl/protobuf/WireFormat$FieldType
instanceKlass kotlin/reflect/jvm/internal/impl/descriptors/CallableMemberDescriptor$Kind
instanceKlass kotlin/reflect/jvm/internal/impl/descriptors/ClassKind
instanceKlass kotlin/reflect/jvm/internal/impl/renderer/AnnotationArgumentsRenderingPolicy
instanceKlass kotlin/reflect/jvm/internal/impl/renderer/PropertyAccessorRenderingPolicy
instanceKlass kotlin/reflect/jvm/internal/impl/renderer/ParameterNameRenderingPolicy
instanceKlass kotlin/reflect/jvm/internal/impl/renderer/RenderingFormat
instanceKlass kotlin/reflect/jvm/internal/impl/renderer/OverrideRenderingPolicy
instanceKlass kotlin/reflect/jvm/internal/impl/renderer/DescriptorRendererModifier
instanceKlass kotlin/reflect/jvm/internal/impl/load/java/lazy/types/JavaTypeFlexibility
instanceKlass kotlin/reflect/jvm/internal/impl/load/java/components/TypeUsage
instanceKlass java/util/stream/StreamOpFlag$Type
instanceKlass java/util/stream/StreamOpFlag
instanceKlass kotlin/reflect/jvm/internal/impl/descriptors/Modality
instanceKlass kotlin/reflect/jvm/internal/impl/load/java/ReportLevel
instanceKlass kotlin/reflect/jvm/internal/impl/load/kotlin/header/KotlinClassHeader$Kind
instanceKlass kotlin/reflect/jvm/internal/impl/storage/LockBasedStorageManager$NotValue
instanceKlass kotlin/reflect/jvm/internal/impl/builtins/jvm/JvmBuiltIns$Kind
instanceKlass kotlin/reflect/jvm/internal/impl/resolve/jvm/JvmPrimitiveType
instanceKlass kotlin/reflect/jvm/internal/impl/builtins/PrimitiveType
instanceKlass kotlin/reflect/jvm/internal/impl/builtins/functions/FunctionClassKind
instanceKlass kotlin/LazyThreadSafetyMode
instanceKlass java/util/regex/Pattern$Qtype
instanceKlass org/jetbrains/kotlin/config/LanguageVersion
instanceKlass org/jetbrains/kotlin/config/LanguageFeature
instanceKlass java/lang/reflect/ProxyGenerator$PrimitiveTypeInfo
instanceKlass java/lang/annotation/RetentionPolicy
instanceKlass org/jetbrains/kotlin/cli/common/messages/CompilerMessageSeverity
instanceKlass org/jetbrains/kotlin/com/intellij/openapi/diagnostic/LogLevel
instanceKlass org/jetbrains/kotlin/cli/common/CompilerSystemProperties
instanceKlass java/lang/invoke/MethodHandles$Lookup$ClassOption
instanceKlass java/lang/invoke/VarHandle$AccessType
instanceKlass java/lang/invoke/VarHandle$AccessMode
instanceKlass java/lang/invoke/MethodHandleImpl$Intrinsic
instanceKlass java/lang/invoke/LambdaForm$BasicType
instanceKlass java/lang/invoke/LambdaForm$Kind
instanceKlass sun/invoke/util/Wrapper
instanceKlass org/jetbrains/kotlin/cli/common/ExitCode
instanceKlass java/util/zip/ZipCoder$Comparison
instanceKlass java/nio/file/LinkOption
instanceKlass sun/nio/fs/WindowsPathType
instanceKlass java/nio/file/StandardOpenOption
instanceKlass java/io/File$PathStatus
instanceKlass java/lang/module/ModuleDescriptor$Requires$Modifier
instanceKlass java/lang/reflect/AccessFlag$Location
instanceKlass java/lang/reflect/AccessFlag
instanceKlass java/lang/module/ModuleDescriptor$Modifier
instanceKlass com/jetbrains/internal/IoOverNio$Debug
instanceKlass java/lang/reflect/ClassFileFormatVersion
instanceKlass java/util/concurrent/TimeUnit
instanceKlass java/lang/Thread$State
ciInstanceKlass java/lang/Enum 1 1 204 9 7 12 1 1 1 9 12 1 1 10 7 12 1 1 1 9 12 1 10 7 12 1 1 1 100 1 10 10 12 1 1 10 12 1 100 1 10 10 7 12 1 1 10 12 1 1 18 12 1 1 10 100 12 1 1 1 10 12 1 1 11 7 12 1 1 1 100 1 8 1 10 12 1 100 1 100 1 10 8 1 10 12 1 1 10 12 1 1 8 1 10 12 1 10 100 1 8 1 10 10 12 1 1 10 100 12 1 1 1 100 1 100 1 100 1 1 1 1 1 1 1 1 1 1 1 1 1 1 1 1 1 1 1 1 1 1 1 1 1 1 1 1 1 1 1 1 1 1 1 1 1 1 1 1 1 1 1 1 1 1 1 3 1 1 1 1 100 1 100 1 1 100 1 1 1 1 1 1 1 1 1 1 1 16 15 10 12 16 15 10 100 12 1 1 1 1 1 100 1 100 1 1
ciInstanceKlass java/util/jar/Manifest 1 1 339 10 7 12 1 1 1 7 1 10 9 7 12 1 1 1 7 1 10 9 12 1 1 9 12 1 1 10 12 1 10 12 1 1 10 12 1 1 10 12 1 1 10 12 1 1 11 7 1 11 12 1 1 10 12 1 1 10 100 12 1 1 1 100 1 100 1 10 8 1 10 12 1 1 10 12 1 1 10 12 1 10 12 1 11 100 1 10 12 1 10 12 1 1 11 12 1 1 10 12 1 11 12 1 1 11 100 12 1 1 1 11 100 12 1 1 11 12 1 1 100 1 10 12 1 8 1 11 12 1 100 1 10 12 1 1 11 12 1 10 12 1 10 12 1 10 100 12 1 1 1 8 1 10 12 1 1 10 9 100 12 1 1 1 10 12 1 1 10 100 12 1 10 12 1 10 12 1 9 100 12 1 1 1 8 1 10 12 1 8 1 8 1 7 1 10 12 1 10 12 1 10 12 1 1 100 1 8 1 10 12 1 1 8 1 10 10 12 1 1 8 1 10 12 1 1 10 100 12 1 1 1 10 12 1 10 11 12 1 1 10 12 1 10 100 12 1 1 1 10 12 1 1 10 12 1 10 12 1 1 11 10 12 1 11 10 12 1 100 1 1 1 1 1 1 1 1 1 1 1 1 1 1 1 1 1 1 1 1 1 1 1 1 1 1 1 1 1 1 1 1 1 1 1 1 1 1 1 1 1 1 1 100 1 1 1 1 1 1 1 1 1 1 1 1 1 1 100 1 1 1 1 1 1 1 1 1 1 1
instanceKlass jdk/internal/loader/ClassLoaders$BootClassLoader
instanceKlass jdk/internal/loader/ClassLoaders$PlatformClassLoader
instanceKlass jdk/internal/loader/ClassLoaders$AppClassLoader
ciInstanceKlass jdk/internal/loader/BuiltinClassLoader 1 1 757 9 7 12 1 1 1 10 7 12 1 1 1 10 7 12 1 1 1 9 12 1 1 9 12 1 1 7 1 10 12 1 9 12 1 10 12 1 9 12 1 10 7 12 1 1 1 10 7 12 1 1 1 10 7 12 1 1 1 11 7 12 1 1 1 100 1 100 1 10 10 12 1 1 8 1 10 12 1 10 12 7 1 10 12 1 10 12 1 1 11 7 12 1 1 1 11 7 12 1 1 1 11 12 1 1 7 1 8 1 8 1 10 9 12 1 1 10 7 12 1 1 11 12 1 1 10 12 1 1 10 12 1 1 10 12 1 1 10 7 12 1 1 1 10 12 1 10 7 12 1 1 1 10 12 1 1 11 7 12 1 1 1 10 100 12 1 1 100 1 10 7 12 1 1 1 10 12 1 100 1 8 1 10 12 1 1 10 8 1 10 12 1 1 10 12 1 1 10 12 1 1 11 7 12 1 1 11 12 1 7 1 10 11 12 1 1 11 10 12 1 1 7 1 10 12 1 10 7 12 1 10 12 1 7 1 10 12 1 10 7 12 1 1 1 100 1 10 12 1 1 11 12 1 100 1 100 1 10 12 1 10 12 1 1 100 1 100 1 10 12 1 10 12 1 18 12 1 1 10 12 1 10 12 1 1 18 100 1 10 7 12 1 1 1 7 1 10 10 12 1 1 10 12 1 1 10 12 1 1 10 12 1 9 12 1 1 100 1 10 10 12 1 1 10 12 1 1 10 12 1 10 12 10 12 1 1 10 12 1 1 10 12 1 1 10 12 1 10 7 12 1 1 1 10 12 1 1 10 7 12 1 1 18 12 1 7 1 100 1 10 12 1 1 10 12 1 1 10 12 1 10 12 1 1 10 12 1 100 1 10 12 1 100 1 10 12 1 10 7 12 1 1 1 10 12 1 11 12 1 100 1 10 12 1 7 1 100 1 10 12 1 10 12 1 11 12 1 1 10 12 1 1 10 12 1 1 10 12 1 1 10 12 1 1 10 12 1 10 12 1 10 12 1 10 12 1 8 1 10 12 1 1 10 7 12 1 1 10 12 1 100 1 8 1 8 1 10 10 12 1 8 1 8 1 10 7 12 1 1 1 11 7 12 1 1 1 9 7 12 1 1 1 10 7 12 1 1 1 9 12 1 9 12 1 9 12 1 9 12 1 9 12 1 9 12 1 10 7 12 1 1 1 8 1 10 12 1 7 1 10 12 1 1 10 12 1 7 1 10 11 12 1 1 10 12 10 12 1 10 12 1 100 1 10 12 1 10 12 1 10 10 12 1 10 7 12 1 1 8 1 10 7 12 1 1 10 12 1 1 1 1 1 1 1 1 1 1 1 1 1 1 1 1 1 1 1 1 1 1 1 1 1 1 1 1 1 1 1 1 1 1 1 1 1 1 1 1 1 1 1 1 1 1 1 1 1 1 1 1 1 1 1 1 100 1 1 1 1 1 1 1 1 1 1 1 1 1 1 1 1 1 1 100 1 1 1 1 1 1 100 1 1 1 1 1 1 1 1 1 1 1 1 1 1 1 1 1 1 1 1 1 1 1 1 1 1 1 1 1 1 1 1 1 1 1 1 1 1 1 1 1 1 1 1 1 1 1 1 100 1 1 16 15 10 12 16 15 10 12 16 15 10 12 16 1 15 10 100 12 1 1 1 1 1 1 100 1 1 1 1 1 100 1 100 1 1
staticfield jdk/internal/loader/BuiltinClassLoader packageToModule Ljava/util/Map; java/util/concurrent/ConcurrentHashMap
staticfield jdk/internal/loader/BuiltinClassLoader $assertionsDisabled Z 1
ciInstanceKlass jdk/internal/loader/ClassLoaders 1 1 183 10 100 12 1 1 1 10 7 12 1 1 1 10 12 1 1 10 100 12 1 1 1 9 7 12 1 1 1 9 12 1 1 9 12 1 1 7 1 11 100 12 1 1 1 100 1 11 12 1 1 11 12 1 1 10 100 12 1 1 1 10 100 12 1 1 1 100 1 100 1 10 7 12 1 1 1 9 12 1 1 10 12 1 1 7 1 10 12 1 1 10 12 1 7 1 8 1 10 7 12 1 1 1 10 12 1 1 7 1 10 12 1 10 12 1 10 12 1 8 1 10 7 12 1 1 8 1 8 1 10 12 1 7 1 10 12 1 10 12 1 10 12 1 1 1 1 1 1 1 1 1 1 1 1 1 1 1 1 1 1 1 1 100 1 1 1 1 1 1 1 1 1 1 1 1 1 1 1 1 1 1 1
staticfield jdk/internal/loader/ClassLoaders JLA Ljdk/internal/access/JavaLangAccess; java/lang/System$2
staticfield jdk/internal/loader/ClassLoaders BOOT_LOADER Ljdk/internal/loader/ClassLoaders$BootClassLoader; jdk/internal/loader/ClassLoaders$BootClassLoader
staticfield jdk/internal/loader/ClassLoaders PLATFORM_LOADER Ljdk/internal/loader/ClassLoaders$PlatformClassLoader; jdk/internal/loader/ClassLoaders$PlatformClassLoader
staticfield jdk/internal/loader/ClassLoaders APP_LOADER Ljdk/internal/loader/ClassLoaders$AppClassLoader; jdk/internal/loader/ClassLoaders$AppClassLoader
ciInstanceKlass jdk/internal/loader/ClassLoaders$AppClassLoader 1 1 119 8 1 10 7 12 1 1 1 10 7 12 1 1 1 10 100 12 1 1 1 10 12 1 1 10 100 12 1 1 1 10 12 1 1 10 12 1 1 7 1 8 1 10 12 10 7 12 1 1 1 10 100 12 1 1 10 12 1 1 10 12 1 1 10 7 12 1 1 1 100 1 10 12 1 1 1 1 1 1 1 1 1 1 1 1 1 1 1 1 1 1 1 1 1 100 1 1 1 1 1 1 1 1 1 1 1 1 1 1 1 1 1 1 1 100 1 1 1
ciInstanceKlass jdk/internal/loader/ClassLoaders$PlatformClassLoader 1 1 42 8 1 10 7 12 1 1 1 10 7 12 1 1 1 100 1 10 12 1 100 1 1 1 1 1 1 1 1 1 1 1 1 1 1 100 1 1 1 100 1 1
ciInstanceKlass java/security/CodeSource 1 1 398 10 7 12 1 1 1 9 7 12 1 1 1 9 12 1 1 9 12 1 1 9 12 1 1 10 7 12 1 1 1 9 12 1 1 10 100 12 1 1 10 100 10 100 12 1 1 1 10 100 12 1 1 1 10 12 1 1 100 1 10 10 100 12 1 1 1 10 100 12 1 1 1 10 12 1 1 100 1 10 12 1 1 10 12 1 1 10 12 1 1 10 12 1 10 10 10 12 1 1 10 100 12 1 1 1 10 12 1 10 12 1 10 12 1 8 1 10 12 1 10 12 1 10 12 1 1 10 12 1 8 1 10 12 1 1 10 100 1 10 10 12 1 1 8 1 10 12 1 10 12 1 10 12 1 8 1 8 1 9 12 1 1 100 1 8 1 10 12 1 10 12 1 1 8 1 10 12 1 8 1 8 1 8 1 10 100 12 1 1 10 12 1 1 10 12 1 10 12 1 1 10 12 1 1 10 12 1 1 100 1 100 1 10 12 1 10 12 10 12 1 1 10 100 12 1 1 10 12 1 100 1 10 12 10 100 12 1 1 1 10 8 1 10 12 1 10 12 1 10 12 1 1 100 1 10 12 1 1 100 1 100 1 8 1 8 1 10 10 12 1 1 10 100 12 1 1 1 100 1 10 12 10 12 1 1 11 100 12 1 1 10 10 12 1 11 10 12 1 8 1 100 1 10 12 1 10 12 1 1 10 12 1 11 12 1 1 100 1 1 1 1 5 0 1 1 1 1 1 1 1 1 1 1 1 1 1 1 1 1 1 1 1 1 1 1 1 1 1 1 1 1 1 1 1 1 1 1 1 1 1 1 1 1 1 1 1 1 1 1 1 1 1 1 1 1 1 1 1 1 1 1 1 1 1 1 1 1 1 1 100 1 1 1 1 1 1 1
ciInstanceKlass java/util/concurrent/ConcurrentMap 1 1 208 11 100 12 1 1 1 10 100 12 1 1 11 12 1 1 11 100 12 1 1 1 11 100 12 1 1 1 11 12 1 1 100 1 11 12 1 11 12 1 100 1 11 100 12 1 1 1 18 12 1 11 12 1 1 11 100 12 1 1 11 12 1 1 11 100 12 1 11 12 1 1 11 12 1 1 100 1 100 1 1 1 1 1 1 1 1 1 1 1 1 1 1 1 1 1 1 1 1 1 1 1 1 1 1 1 1 1 1 1 1 1 1 1 1 1 1 1 1 1 1 1 1 1 1 1 1 1 1 1 1 1 1 1 1 1 1 1 1 16 15 11 12 15 10 100 12 1 1 1 1 1 100 1 100 1 1 1 100 1 8 1 1 12 10 1 1 1 8 1 1 1 8 1 1 8 1 1 1 8 1 1 1 8 1 1 1 8 1 1 1 8 1 1 1 8 1 1 1 8 1 1 1 8 1 1 8 1
instanceKlass kotlin/collections/AbstractMutableMap
instanceKlass org/jetbrains/kotlin/protobuf/SmallSortedMap
instanceKlass org/jetbrains/kotlin/com/intellij/util/containers/ConcurrentRefHashMap
instanceKlass org/jetbrains/kotlin/com/intellij/util/containers/RefHashMap
instanceKlass java/util/Collections$SingletonMap
instanceKlass kotlin/reflect/jvm/internal/impl/protobuf/SmallSortedMap
instanceKlass java/util/EnumMap
instanceKlass java/util/TreeMap
instanceKlass java/util/IdentityHashMap
instanceKlass java/util/WeakHashMap
instanceKlass java/util/Collections$EmptyMap
instanceKlass sun/util/PreHashedMap
instanceKlass java/util/HashMap
instanceKlass java/util/ImmutableCollections$AbstractImmutableMap
instanceKlass java/util/concurrent/ConcurrentHashMap
ciInstanceKlass java/util/AbstractMap 1 1 196 10 7 12 1 1 1 10 7 12 1 1 1 11 7 12 1 1 1 10 11 12 1 1 11 7 12 1 1 1 11 12 1 1 7 1 11 12 1 10 12 1 1 11 12 1 100 1 10 11 12 1 11 7 1 10 12 1 1 11 12 1 9 12 1 1 7 1 10 12 1 9 12 1 1 100 1 10 11 11 12 1 1 11 12 1 100 1 100 1 11 12 1 8 1 100 1 10 10 12 1 1 8 1 10 12 1 10 12 1 1 10 12 1 1 1 1 1 1 1 1 1 1 1 1 1 1 1 1 1 1 1 1 1 1 1 1 1 1 1 1 1 1 1 1 1 1 1 1 1 1 1 1 100 1 1 1 1 1 1 1 100 1 1 1 1 1 1 1 1 1 100 1 1 1 1 1 1 1 1 1 100 1 100 1 100 1 100 1 100 1 1 1 1 1 1
ciInstanceKlass java/util/concurrent/ConcurrentHashMap 1 1 1210 7 1 7 1 3 10 12 1 1 3 100 1 10 7 12 1 1 1 100 1 10 100 12 1 1 1 100 1 11 12 1 1 11 12 1 11 12 1 1 9 12 1 1 9 12 1 1 9 12 1 10 7 12 1 1 1 7 1 10 12 1 1 10 12 1 1 10 7 12 1 1 1 4 10 12 1 9 12 1 10 12 1 1 100 1 10 5 0 10 12 1 10 12 1 1 5 0 10 12 1 1 10 12 1 9 12 1 1 10 12 1 1 9 12 1 9 12 1 1 10 12 1 1 9 12 1 10 12 1 1 9 12 1 1 10 12 1 1 100 1 10 100 1 10 12 1 10 12 1 1 10 12 1 1 10 12 1 1 10 12 1 10 12 1 1 10 12 1 1 100 1 10 12 1 1 7 1 100 1 8 1 10 12 1 10 12 1 1 10 12 1 1 11 7 12 1 1 10 12 1 1 11 12 1 1 11 7 12 1 1 1 11 7 12 1 1 1 11 12 1 7 1 11 12 1 11 12 1 10 12 1 1 10 12 1 1 9 12 1 1 10 100 12 1 1 1 9 10 12 1 1 9 12 1 10 12 1 1 5 0 9 12 1 1 7 1 10 12 1 9 12 1 1 7 1 10 12 1 9 12 1 7 1 10 100 1 10 10 12 1 1 8 1 10 12 1 10 12 1 1 11 100 1 10 12 1 10 100 12 1 1 1 8 1 10 100 12 1 1 1 8 1 10 12 1 8 1 10 12 1 10 12 1 1 10 100 12 1 1 10 12 1 10 12 1 10 12 1 9 12 1 9 10 12 1 9 12 1 1 11 100 12 1 1 1 11 7 12 1 1 1 100 1 10 12 11 100 12 1 1 10 11 7 12 1 10 12 1 100 1 10 12 1 100 1 10 10 9 7 12 1 1 1 10 12 3 10 100 12 1 1 9 12 1 10 12 1 1 9 12 1 1 9 12 1 10 12 1 1 10 100 12 1 1 9 12 1 9 7 12 1 1 10 12 1 1 10 12 1 3 9 12 1 9 12 1 10 12 1 1 7 1 9 3 9 12 1 100 1 10 12 1 9 12 1 10 12 1 9 12 1 10 12 1 9 12 1 10 100 12 1 1 1 100 10 12 1 100 1 5 0 10 100 12 1 1 100 1 10 12 1 1 10 12 1 10 12 1 100 1 10 12 1 10 100 1 100 1 10 10 12 1 10 100 1 10 12 1 10 100 1 10 12 1 10 100 1 10 12 1 1 100 1 10 12 1 10 10 12 1 100 1 10 12 1 10 10 12 1 100 1 10 12 1 10 100 1 10 12 1 10 100 1 10 12 1 10 100 1 10 12 1 10 100 1 10 12 1 10 100 1 10 12 1 10 100 1 10 12 1 10 100 1 10 12 1 10 100 1 10 10 100 1 10 10 100 1 10 10 100 1 10 12 1 10 100 1 10 12 1 10 100 1 10 12 1 10 100 1 10 12 1 10 100 1 10 12 1 10 100 1 10 10 100 1 10 10 100 1 10 10 100 1 10 12 1 10 100 1 10 12 1 10 100 1 10 12 1 10 100 1 10 12 1 10 100 1 10 12 1 10 10 12 1 10 7 12 1 1 1 10 12 1 7 1 7 1 10 12 1 9 12 1 1 9 12 1 1 10 12 1 1 8 10 12 1 1 8 8 8 8 7 10 12 1 1 10 12 1 100 1 8 1 10 7 1 100 1 100 1 1 1 5 0 1 1 3 1 3 1 1 1 1 3 1 3 1 3 1 1 1 1 1 3 1 3 1 3 1 1 1 1 1 1 1 1 1 1 1 1 1 1 1 1 1 1 1 1 1 1 1 1 1 100 1 1 1 1 1 1 1 1 1 1 1 1 1 1 1 1 1 1 1 1 1 1 1 1 1 1 1 1 1 1 1 1 1 1 1 1 1 1 1 1 1 1 1 1 1 1 1 1 1 1 1 1 1 1 1 1 1 1 1 1 1 1 1 1 1 1 1 1 1 1 1 1 1 1 1 1 1 1 1 1 1 1 1 1 100 1 1 1 1 1 1 1 1 1 1 1 100 1 1 1 1 1 1 1 1 1 1 1 1 1 1 1 1 1 1 1 1 1 1 1 1 1 1 1 1 1 1 1 1 1 1 1 1 1 1 1 1 1 1 1 1 1 1 1 1 1 1 1 1 1 1 1 1 1 1 1 1 1 1 1 1 1 1 1 1 1 1 1 1 1 1 1 1 1 1 1 1 1 1 1 1 1 1 1 1 1 1 1 1 1 1 1 1 1 1 1 1 1 1 1 1 1 1 1 1 1 1 1 1 1 1 1 1 1 1 1 1 1 1 1 1 1 1 1 1 1 1 1 1 1 1 1 1 1 1 1 1 1 1 1 1 1 1 1 1 1 1 1 1 1 1 1 1 1 1 1 1 1 1 1 1 1 1 1 1 1 1 1 1 1 1 1 1 1 1 1 1 1 1 1 1 1 1 1 1 1 1 1 1 1 1 1 1 1 1 1 1 1 1 1 1 1 1 1 1 1 1 1 1 1 1 1 1 1 1 1 1 1 1 1 100 1 100 1 100 1 100 1 100 1 100 1 100 1 100 1 100 1 1 1 1 1 1 1 1 1 1 1 1 1 1 1 1 1 1 1 1 1 1 1 1 1 1 1 1 1 1 1 1 1 1 1 1 1 1 1 1 1 1 1 1 1 1 1 1 1 1 1 1 1 1 1 1 1 1
staticfield java/util/concurrent/ConcurrentHashMap NCPU I 12
staticfield java/util/concurrent/ConcurrentHashMap serialPersistentFields [Ljava/io/ObjectStreamField; 3 [Ljava/io/ObjectStreamField;
staticfield java/util/concurrent/ConcurrentHashMap U Ljdk/internal/misc/Unsafe; jdk/internal/misc/Unsafe
staticfield java/util/concurrent/ConcurrentHashMap SIZECTL J 20
staticfield java/util/concurrent/ConcurrentHashMap TRANSFERINDEX J 32
staticfield java/util/concurrent/ConcurrentHashMap BASECOUNT J 24
staticfield java/util/concurrent/ConcurrentHashMap CELLSBUSY J 36
staticfield java/util/concurrent/ConcurrentHashMap CELLVALUE J 144
staticfield java/util/concurrent/ConcurrentHashMap ABASE I 16
staticfield java/util/concurrent/ConcurrentHashMap ASHIFT I 2
ciInstanceKlass java/lang/Iterable 1 1 62 10 7 12 1 1 1 11 7 12 1 1 1 11 7 12 1 1 1 11 12 1 1 11 7 12 1 1 1 10 100 12 1 1 1 100 1 1 1 1 1 1 1 1 1 1 1 1 1 1 1 1 1 1 1 1 1 1 1 1 1 1
ciInstanceKlass java/util/Collection 1 1 115 11 100 12 1 1 1 100 1 11 7 12 1 1 1 10 100 12 1 1 1 11 12 1 1 11 100 12 1 1 1 11 12 1 1 11 100 12 1 1 1 11 12 1 1 10 100 12 1 1 1 11 12 1 10 7 12 1 1 1 100 1 100 1 1 1 1 1 1 1 1 1 1 1 1 1 1 1 1 1 1 1 1 1 1 1 1 1 1 1 1 1 1 1 1 1 1 1 1 1 1 1 1 1 1 1 1 1 1 1 1 1 1 1 1
ciInstanceKlass java/util/SequencedCollection 1 1 109 100 1 10 12 1 1 11 100 12 1 1 1 11 100 12 1 1 1 11 12 1 1 11 12 1 100 1 100 1 1 1 1 1 1 1 1 1 1 1 1 1 1 1 1 1 1 1 1 1 1 1 1 1 1 1 1 1 100 1 8 1 1 12 10 1 1 1 8 1 1 1 8 1 1 1 8 1 1 1 8 1 1 8 1 1 1 8 1 1 8 1 1 1 8 1 1 8 1 1 1 8 1 1 8 1 1 8 1
ciInstanceKlass java/util/List 1 1 251 10 100 12 1 1 1 11 100 12 1 1 1 11 100 12 1 1 1 11 12 1 1 11 100 12 1 1 11 12 1 1 11 12 1 1 10 100 12 1 1 1 100 1 100 1 10 12 1 1 100 1 10 100 12 1 1 1 11 12 1 1 11 12 1 11 12 1 100 1 10 12 1 11 12 1 1 11 12 1 1 11 12 1 10 100 12 1 1 1 9 7 12 1 1 1 7 1 10 12 10 12 1 7 1 10 12 1 1 10 12 1 10 12 1 1 11 12 1 1 100 1 1 1 1 1 1 1 1 1 1 1 1 1 1 1 1 1 1 1 1 1 1 1 1 1 1 1 1 1 1 1 1 1 1 1 1 1 1 1 1 1 1 1 1 100 1 100 1 1 1 1 1 1 1 1 1 1 1 1 1 1 1 1 1 1 1 1 1 1 1 1 1 1 1 1 1 1 1 1 1 1 1 1 1 1 1 1 1 1 1 1 1 1 1 1 1 1 1 1 1 1 1 1 1 1 1 1 1 1 1 1 1 1 1 1 1 1 1 1 1 1 1 1 100 1 1 100 1 1 1
ciInstanceKlass java/util/RandomAccess 1 0 7 100 1 100 1 1 1
instanceKlass kotlin/collections/AbstractMutableCollection
instanceKlass org/jetbrains/kotlin/com/google/common/collect/ImmutableCollection
instanceKlass org/jetbrains/kotlin/it/unimi/dsi/fastutil/ints/q
instanceKlass org/jetbrains/kotlin/it/unimi/dsi/fastutil/objects/r
instanceKlass org/jetbrains/kotlin/com/intellij/util/containers/UnsafeWeakList
instanceKlass java/util/AbstractQueue
instanceKlass org/jetbrains/kotlin/com/google/common/collect/Multimaps$Entries
instanceKlass org/jetbrains/kotlin/com/google/common/collect/AbstractMapBasedMultimap$WrappedCollection
instanceKlass java/util/HashMap$Values
instanceKlass java/util/LinkedHashMap$LinkedValues
instanceKlass java/util/ArrayDeque
instanceKlass java/util/AbstractSet
instanceKlass java/util/ImmutableCollections$AbstractImmutableCollection
instanceKlass java/util/AbstractList
ciInstanceKlass java/util/AbstractCollection 1 1 160 10 7 12 1 1 1 10 7 12 1 1 1 10 12 1 1 11 7 12 1 1 1 11 12 1 1 10 12 1 1 10 100 12 1 1 1 10 12 1 1 10 12 1 1 10 7 12 1 1 10 7 12 1 1 1 7 1 10 100 12 1 1 1 10 100 12 1 1 1 100 1 10 11 12 1 11 7 1 10 12 1 10 12 1 10 7 12 1 1 1 11 8 1 7 1 10 10 12 1 1 8 1 10 12 1 10 12 1 1 1 1 1 1 1 1 1 1 1 1 1 1 1 1 1 1 1 1 1 1 1 1 1 1 1 1 1 1 1 1 1 1 1 1 1 1 1 1 1 1 1 1 1 1 1 1 1 1 1 1
instanceKlass java/util/AbstractList$SubList
instanceKlass org/jetbrains/kotlin/com/intellij/lang/impl/PsiBuilderImpl$1
instanceKlass org/jetbrains/kotlin/com/intellij/lang/impl/PsiBuilderImpl$RelativeTokenTypesView
instanceKlass org/jetbrains/kotlin/protobuf/UnmodifiableLazyStringList
instanceKlass org/jetbrains/kotlin/protobuf/LazyStringArrayList
instanceKlass org/jetbrains/kotlin/com/intellij/util/containers/DisposableWrapperList
instanceKlass org/jetbrains/kotlin/com/intellij/util/SmartList
instanceKlass kotlin/collections/AbstractMutableList
instanceKlass java/util/AbstractSequentialList
instanceKlass kotlin/reflect/jvm/internal/impl/protobuf/UnmodifiableLazyStringList
instanceKlass kotlin/reflect/jvm/internal/impl/protobuf/LazyStringArrayList
instanceKlass java/util/ArrayList$SubList
instanceKlass kotlin/reflect/jvm/internal/impl/utils/SmartList
instanceKlass java/util/Vector
instanceKlass java/util/Collections$SingletonList
instanceKlass org/jetbrains/kotlin/utils/SmartList
instanceKlass java/util/Arrays$ArrayList
instanceKlass java/util/Collections$EmptyList
instanceKlass java/util/ArrayList
ciInstanceKlass java/util/AbstractList 1 1 218 10 7 12 1 1 1 9 7 12 1 1 1 10 12 1 1 10 12 1 1 100 1 10 10 12 1 1 11 7 12 1 1 1 11 12 1 1 11 12 1 10 100 12 1 1 1 10 12 1 11 12 1 11 12 1 11 12 1 10 12 1 1 10 12 1 1 11 100 12 1 1 1 11 100 1 11 7 1 10 12 1 7 1 10 12 1 10 12 1 1 7 1 7 1 10 12 1 100 1 10 100 1 100 1 10 8 1 10 12 1 1 10 12 1 10 12 1 1 10 12 1 8 1 100 1 8 1 8 1 8 1 10 100 1 11 10 10 12 1 11 12 1 10 12 1 1 8 1 8 1 1 1 1 1 1 1 1 1 1 1 1 1 1 1 1 1 1 1 1 1 1 1 1 1 1 1 1 1 1 1 1 1 1 1 1 1 1 1 1 1 1 1 1 1 1 1 1 1 1 1 1 1 1 1 1 1 1 100 1 100 1 1 1 1 1 1 1
instanceKlass org/jetbrains/kotlin/com/intellij/util/containers/Stack
instanceKlass org/jetbrains/kotlin/config/MavenComparableVersion$ListItem
ciInstanceKlass java/util/ArrayList 1 1 509 10 7 12 1 1 1 7 1 9 7 12 1 1 1 9 12 1 100 1 100 1 10 8 1 10 12 1 1 10 12 1 10 12 1 1 10 12 1 9 12 1 11 7 12 1 1 1 9 12 1 1 11 12 1 1 7 10 7 12 1 1 1 9 12 1 10 12 1 10 12 1 1 10 7 12 1 1 1 10 7 12 1 1 1 10 12 1 1 10 12 1 1 10 12 1 1 10 12 1 10 12 1 1 100 1 100 1 10 12 1 10 10 7 12 1 1 1 10 7 12 1 1 10 12 1 100 1 10 10 12 10 12 1 1 10 12 1 1 10 12 1 10 12 10 12 1 1 7 1 10 12 1 1 10 12 1 1 10 12 1 100 1 10 11 12 1 1 11 100 12 1 1 1 11 12 1 10 12 1 10 12 1 10 12 1 1 100 1 10 12 1 1 10 10 12 1 1 10 12 1 8 1 8 1 8 1 8 1 10 12 1 1 10 12 1 1 11 12 1 100 1 10 100 12 1 1 10 12 1 10 12 1 1 10 100 12 1 1 10 12 1 10 100 12 1 1 1 11 100 12 1 1 1 10 12 1 100 1 8 1 10 7 1 10 12 1 7 1 10 12 1 10 12 1 1 7 1 10 12 1 10 12 1 1 11 100 12 1 1 100 1 10 12 1 10 12 1 1 11 100 12 1 1 10 12 1 1 10 12 1 1 10 12 1 1 10 12 1 1 11 7 12 1 1 10 12 1 1 100 1 100 1 100 1 1 1 1 5 0 1 3 1 1 1 1 1 1 1 1 1 1 1 1 1 1 1 1 1 1 1 1 1 1 1 1 1 1 1 1 1 1 1 1 1 1 1 1 1 1 1 1 1 1 1 1 1 1 1 1 1 1 1 1 1 1 1 1 1 1 1 1 1 1 1 1 1 1 1 1 1 1 1 1 1 1 1 1 1 1 1 1 1 1 1 1 1 1 1 1 1 1 1 1 1 1 1 1 1 1 1 1 1 1 1 1 100 1 1 1 1 100 1 1 1 1 1 1 1 1 1 1 1 1 1 1 1 1 1 1 1 1 1 1 1 1 1 1 1 1 1 100 1 1 1 1 1 1 1 1 1 1 1 1 1 1 1 1 1 1 100 1 100 1 1 1 1 1 1
staticfield java/util/ArrayList EMPTY_ELEMENTDATA [Ljava/lang/Object; 0 [Ljava/lang/Object;
staticfield java/util/ArrayList DEFAULTCAPACITY_EMPTY_ELEMENTDATA [Ljava/lang/Object; 0 [Ljava/lang/Object;
ciInstanceKlass java/lang/StackTraceElement 0 0 235 10 100 12 1 1 1 10 100 12 1 1 9 12 1 1 9 12 1 1 9 12 1 9 12 1 8 1 10 100 12 1 1 1 100 1 9 12 1 8 1 9 12 1 9 12 1 9 12 1 1 10 12 1 1 10 12 1 8 1 10 100 12 1 1 1 100 1 10 12 1 10 12 1 1 10 12 1 10 12 1 1 10 12 1 10 12 1 10 10 12 1 8 1 10 12 1 10 12 1 1 10 12 1 1 10 12 1 10 12 1 10 12 1 9 12 1 1 10 100 12 1 1 1 10 12 1 1 100 1 10 12 1 1 10 100 12 1 1 10 100 12 1 1 1 10 100 12 1 1 10 100 12 1 1 10 10 12 1 1 10 12 1 1 10 12 1 1 10 12 1 100 1 1 1 1 1 1 1 3 1 3 1 1 5 0 1 1 1 1 1 1 1 1 1 1 1 1 1 1 1 1 1 1 1 1 1 1 1 1 1 1 1 1 1 100 1 100 1 1 1 1 1 1 1 100 1 1 1 1 1 1 1 1 1
instanceKlass java/nio/IntBuffer
instanceKlass java/nio/LongBuffer
instanceKlass java/nio/CharBuffer
instanceKlass java/nio/ByteBuffer
ciInstanceKlass java/nio/Buffer 1 1 256 100 1 10 7 12 1 1 1 9 7 12 1 1 1 9 12 1 9 12 1 1 9 12 1 9 12 1 1 10 12 1 1 10 12 1 1 10 12 100 1 100 1 10 8 1 10 12 1 1 10 12 1 8 1 8 1 10 12 1 1 10 12 1 8 1 9 12 1 1 100 1 8 1 10 12 1 8 1 8 1 9 12 10 12 1 8 1 8 1 8 1 10 12 1 8 1 8 1 8 1 100 1 10 100 1 10 100 1 10 9 12 1 1 10 7 12 1 1 1 100 1 10 12 1 1 10 12 1 10 100 12 1 1 10 7 12 1 1 1 10 7 12 1 1 1 9 12 1 1 10 7 12 1 1 1 9 12 1 1 7 1 10 10 12 1 1 7 1 10 10 7 12 1 1 1 1 1 3 1 1 1 1 1 1 1 1 1 1 1 1 1 1 100 1 1 1 1 1 1 1 100 1 1 1 1 1 1 1 1 1 1 1 1 1 1 1 1 1 1 1 1 1 1 1 1 1 1 1 1 1 1 1 1 1 1 1 1 1 1 1 100 1 100 1 100 1 100 1 100 1 100 1 100 1 1
staticfield java/nio/Buffer UNSAFE Ljdk/internal/misc/Unsafe; jdk/internal/misc/Unsafe
staticfield java/nio/Buffer SCOPED_MEMORY_ACCESS Ljdk/internal/misc/ScopedMemoryAccess; jdk/internal/misc/ScopedMemoryAccess
staticfield java/nio/Buffer IOOBE_FORMATTER Ljava/util/function/BiFunction; jdk/internal/util/Preconditions$4
staticfield java/nio/Buffer $assertionsDisabled Z 1
ciInstanceKlass java/lang/StackWalker 0 0 271 9 100 12 1 1 1 100 1 10 100 12 1 1 1 10 12 1 1 10 100 12 1 1 1 10 12 1 1 10 12 1 11 100 12 1 1 1 10 12 1 1 10 12 1 1 10 12 1 1 100 1 8 1 10 12 1 10 12 1 10 12 1 10 100 12 1 1 9 12 1 1 9 12 1 1 9 12 1 1 9 12 1 1 10 12 1 1 9 12 1 1 9 12 1 1 9 12 1 1 10 100 12 1 1 1 11 12 1 1 100 1 8 1 10 10 100 12 1 1 9 12 1 1 10 12 1 1 10 100 12 1 1 1 10 100 12 1 1 1 18 12 1 1 100 1 8 1 10 8 1 10 12 1 1 10 100 12 1 1 1 10 12 1 1 9 100 12 1 1 11 100 12 1 1 1 10 12 1 1 1 1 1 1 1 1 1 1 1 1 1 1 1 1 1 1 1 1 1 1 1 1 1 1 1 1 1 1 1 1 1 1 1 1 1 1 1 1 1 1 1 1 1 1 1 1 1 1 1 1 1 1 1 1 1 1 1 1 1 1 1 1 1 1 100 1 1 16 15 10 12 16 1 15 10 100 12 1 1 1 1 1 1 1 1 1 100 1 100 1 1
ciInstanceKlass java/lang/StackStreamFactory$AbstractStackWalker 1 0 375 100 1 100 1 3 10 100 12 1 1 1 10 100 12 1 1 10 100 12 1 1 1 9 12 1 1 10 12 1 1 9 12 1 1 9 12 1 1 9 12 1 1 9 12 1 10 100 12 1 1 1 10 12 1 1 10 100 12 1 1 9 12 1 1 9 12 1 1 10 12 1 1 9 100 12 1 1 1 10 12 1 1 10 12 1 9 12 1 1 10 100 12 1 1 1 10 12 1 1 9 12 1 1 9 100 12 1 1 1 100 1 10 8 1 10 12 1 1 10 12 1 8 1 10 12 1 1 10 100 12 1 1 1 100 1 8 1 10 12 1 8 1 10 12 10 100 12 1 1 9 12 1 8 1 5 0 8 1 8 1 9 12 1 1 10 12 1 1 18 12 1 1 10 100 12 1 1 1 10 12 1 1 10 12 1 10 12 1 9 12 1 10 12 1 10 12 1 10 12 1 10 12 1 10 12 1 10 12 1 1 8 1 10 12 1 10 12 1 10 12 1 10 12 1 1 8 1 10 12 1 1 10 12 1 1 10 12 1 1 10 12 1 10 12 1 10 100 12 1 1 1 10 12 1 10 12 1 9 12 1 8 1 10 12 1 10 12 1 10 12 1 1 10 12 1 10 12 1 10 12 1 1 10 12 1 10 12 1 10 12 1 10 12 1 10 12 1 10 12 1 1 10 12 1 1 10 12 1 8 1 1 1 1 1 1 1 1 1 1 1 1 1 100 1 1 1 1 1 1 1 100 1 1 1 1 100 1 1 1 1 1 1 1 1 1 1 1 1 1 1 1 1 1 1 1 16 15 15 10 100 12 1 1 1 1 1 1 1 1 100 1 100 1 1
ciInstanceKlass java/lang/StackWalker$StackFrame 0 0 41 100 1 10 12 1 1 100 1 100 1 1 1 1 1 1 1 1 1 1 1 1 1 1 1 1 1 1 1 1 1 1 1 1 1 1 1 100 1 1 1
instanceKlass java/lang/LiveStackFrameInfo
ciInstanceKlass java/lang/StackFrameInfo 0 0 142 10 100 12 1 1 1 9 100 12 1 1 1 9 100 1 9 12 1 1 11 100 12 1 1 1 9 12 1 1 11 12 1 1 10 12 1 1 10 100 12 1 1 1 10 12 1 11 12 1 11 12 1 1 11 12 1 10 12 1 1 9 12 1 1 10 12 1 1 10 100 12 1 1 10 12 1 1 11 12 1 1 9 12 1 1 10 100 1 10 12 1 9 12 1 1 10 12 1 1 100 1 8 1 10 12 1 10 100 12 1 1 1 100 1 1 1 1 1 1 1 1 1 1 1 1 1 1 1 1 1 1 100 1 1 100 1 1 1 1 1 1
ciInstanceKlass java/lang/LiveStackFrame 0 0 135 100 1 10 100 12 1 1 1 11 100 12 1 1 1 11 12 1 10 100 12 1 1 1 100 1 8 1 10 12 1 1 10 100 12 1 1 1 9 100 12 1 1 1 10 100 12 1 1 1 10 100 12 1 1 1 11 12 1 10 12 1 100 1 100 1 1 1 1 1 1 1 1 1 1 1 1 1 1 1 1 1 1 1 1 1 1 1 1 1 1 1 1 100 1 1 1 1 1 1 1 100 1 8 1 1 12 10 1 1 1 8 1 1 1 8 1 1 1 8 1 1 1 8 1 1 8 1 1 1 8 1 1 8 1
ciInstanceKlass java/lang/LiveStackFrameInfo 0 0 97 10 100 12 1 1 1 9 100 12 1 1 1 9 12 1 9 12 1 9 12 1 9 12 1 1 100 1 10 12 1 1 10 12 1 8 1 10 12 1 1 8 1 8 1 8 1 10 100 1 10 12 1 100 1 10 12 1 100 1 100 1 1 1 3 1 3 1 1 1 1 1 1 1 1 1 1 1 1 1 1 1 1 1 1 1 1 1 1 1 1 1 1 1 100 1 1
instanceKlass java/util/concurrent/locks/AbstractQueuedSynchronizer
ciInstanceKlass java/util/concurrent/locks/AbstractOwnableSynchronizer 1 1 32 10 7 12 1 1 1 9 7 12 1 1 1 100 1 1 1 1 5 0 1 1 1 1 1 1 1 1 1 1 1 1
ciInstanceKlass java/lang/Boolean 1 1 152 10 7 12 1 1 1 9 7 12 1 1 1 10 12 1 1 10 12 1 8 1 10 7 12 1 1 9 12 1 1 9 12 1 10 12 1 1 10 12 1 1 10 12 1 1 10 7 12 1 1 1 100 1 100 1 10 12 1 1 9 100 12 1 1 9 12 10 100 12 1 1 1 10 12 1 1 8 1 10 7 12 1 1 1 9 12 1 1 100 1 100 1 100 1 1 1 1 1 1 5 0 1 1 1 1 1 1 1 1 1 1 3 1 1 1 1 1 1 1 1 1 1 1 1 1 1 1 1 1 1 100 1 1 1 1 1 1 1 1 1 1 100 1 1 1 1 1 1 1 1 1
staticfield java/lang/Boolean TRUE Ljava/lang/Boolean; java/lang/Boolean
staticfield java/lang/Boolean FALSE Ljava/lang/Boolean; java/lang/Boolean
staticfield java/lang/Boolean TYPE Ljava/lang/Class; java/lang/Class
ciInstanceKlass java/lang/Character 1 1 604 7 1 100 1 100 1 9 12 1 1 8 1 9 12 1 1 100 1 9 12 1 1 10 100 12 1 1 1 10 100 12 1 1 1 10 100 12 1 1 1 10 7 12 1 1 1 9 7 12 1 1 1 10 12 1 10 12 1 1 10 12 1 1 10 100 12 1 1 10 12 1 1 3 3 3 3 3 10 12 1 1 10 12 1 3 11 7 12 1 1 1 11 12 1 1 10 12 1 1 10 12 1 1 100 1 10 10 12 1 3 10 12 1 1 10 12 1 10 12 1 1 100 1 8 1 10 12 1 1 10 12 1 10 12 1 10 12 1 10 100 12 1 1 1 10 12 1 10 12 1 10 12 1 1 10 12 1 10 7 12 1 1 10 10 12 1 10 10 12 1 10 12 1 1 10 12 1 10 10 12 1 10 12 1 10 12 1 10 12 1 10 12 1 10 12 1 10 12 1 10 12 10 10 12 10 10 12 1 10 10 12 1 10 10 12 1 10 10 12 1 10 12 1 10 12 1 10 12 1 10 12 1 10 12 1 10 12 1 10 10 12 1 10 10 12 1 10 10 12 1 1 10 10 12 1 10 5 0 10 12 1 10 12 1 10 10 12 1 10 10 12 1 1 10 10 12 1 10 10 12 1 9 12 1 1 100 1 10 10 12 1 10 12 1 1 3 10 100 12 1 1 1 10 12 1 10 100 12 1 1 100 1 10 10 12 1 1 10 12 1 1 10 12 1 1 8 1 10 12 1 9 100 12 1 1 1 10 12 1 10 10 12 1 10 12 1 1 10 12 1 10 10 12 1 1 10 10 12 1 1 100 1 8 1 10 12 1 1 10 7 12 1 1 1 8 1 10 12 1 1 9 12 1 1 100 1 100 1 100 1 1 1 1 3 1 3 1 3 1 3 1 1 1 1 1 3 1 1 3 1 3 1 3 1 3 1 3 1 3 1 3 1 3 1 3 1 3 1 3 1 3 1 3 1 3 1 3 1 3 1 3 1 3 1 3 1 3 1 3 1 3 1 3 1 3 1 3 1 3 1 3 1 3 1 1 1 1 1 1 1 1 1 1 1 1 1 1 1 1 1 1 1 3 1 1 1 1 1 1 1 3 1 1 3 1 1 1 1 1 3 1 1 5 0 1 1 1 1 1 1 1 1 1 1 1 1 1 1 1 1 1 1 1 1 1 1 1 1 1 1 1 1 1 1 1 1 1 1 1 1 1 1 1 1 1 1 1 1 1 1 1 1 1 1 1 1 1 1 1 1 1 1 1 1 1 1 1 1 1 1 1 1 1 1 1 1 1 1 1 1 1 1 1 1 1 1 1 1 1 1 1 1 1 1 100 1 100 1 1 1 1 1 1
staticfield java/lang/Character TYPE Ljava/lang/Class; java/lang/Class
staticfield java/lang/Character $assertionsDisabled Z 1
instanceKlass java/math/BigInteger
instanceKlass java/util/concurrent/atomic/AtomicLong
instanceKlass java/util/concurrent/atomic/AtomicInteger
instanceKlass java/lang/Long
instanceKlass java/lang/Integer
instanceKlass java/lang/Short
instanceKlass java/lang/Byte
instanceKlass java/lang/Double
instanceKlass java/lang/Float
ciInstanceKlass java/lang/Number 1 1 37 10 7 12 1 1 1 10 100 12 1 1 1 100 1 1 1 1 5 0 1 1 1 1 1 1 1 1 1 1 1 1 1 1 1 1 1
ciInstanceKlass java/lang/Float 1 1 279 7 1 100 1 10 100 12 1 1 1 10 100 12 1 1 1 4 100 1 10 12 1 1 10 12 1 1 8 1 8 1 10 100 12 1 1 1 10 12 1 1 10 12 1 1 10 7 1 4 10 7 12 1 1 9 12 1 1 10 12 1 1 10 12 1 10 10 12 1 1 10 12 1 10 12 1 3 3 100 1 4 4 4 3 10 12 1 1 9 12 1 1 100 1 10 3 3 4 4 10 12 1 3 3 3 10 12 1 1 10 12 1 1 10 12 1 10 100 12 1 1 1 10 12 1 1 10 12 1 1 10 7 12 1 1 1 8 1 10 12 1 1 9 12 1 1 100 1 100 1 100 1 1 1 1 4 1 4 1 1 1 4 1 1 3 1 3 1 3 1 3 1 3 1 1 1 1 5 0 1 1 1 1 1 1 1 1 1 1 100 1 1 1 1 1 1 1 1 1 1 1 1 1 3 1 1 1 1 1 1 1 1 1 1 1 1 1 1 1 1 1 1 1 1 1 1 1 1 1 1 1 1 1 1 1 1 1 1 1 1 1 1 1 1 1 1 1 1 1 1 1 1 1 1 1 1 1 1 1 1 1 1 1 1 1 100 1 1 1 1 1 1 1 100 1 100 1 1
staticfield java/lang/Float TYPE Ljava/lang/Class; java/lang/Class
staticfield java/lang/Float $assertionsDisabled Z 1
ciInstanceKlass java/lang/Double 1 1 290 7 1 100 1 10 100 12 1 1 1 10 12 1 1 10 100 1 10 12 1 1 10 100 12 1 1 1 6 0 8 1 10 12 1 1 8 1 10 12 1 1 8 1 6 0 10 12 1 1 100 1 5 0 5 0 8 1 8 1 10 100 12 1 1 1 10 100 12 1 1 1 8 1 10 12 1 1 8 1 8 1 8 1 10 12 1 1 10 12 1 10 12 1 1 10 12 1 10 12 1 10 12 1 1 10 12 1 10 7 1 6 0 10 7 12 1 1 9 12 1 1 10 12 1 10 12 1 10 12 1 10 12 1 10 12 1 5 0 10 12 1 1 10 12 1 10 12 1 10 100 12 1 1 1 10 12 1 1 10 12 1 1 8 1 10 7 12 1 1 1 9 12 1 1 100 1 100 1 100 1 1 1 6 0 1 6 0 1 6 0 1 1 1 6 0 1 1 3 1 3 1 3 1 3 1 3 1 1 1 1 5 0 1 1 1 1 1 1 1 1 1 1 1 1 1 1 1 1 100 1 1 1 1 1 1 1 1 1 1 1 1 3 1 1 1 1 1 1 1 1 1 1 1 1 1 1 1 1 1 1 1 1 1 1 1 1 1 1 1 1 1 1 1 1 1 1 100 1 1 1 1 1 1 1 100 1 100 1 1
staticfield java/lang/Double TYPE Ljava/lang/Class; java/lang/Class
ciInstanceKlass java/lang/Byte 1 1 213 7 1 100 1 10 100 12 1 1 1 9 12 1 1 8 1 9 12 1 1 100 1 10 12 1 1 10 12 1 1 10 100 12 1 1 1 10 100 12 1 1 1 9 7 12 1 1 1 10 12 1 1 100 1 100 1 10 12 1 1 8 1 10 12 1 1 8 1 10 12 1 10 12 1 10 12 1 10 12 1 1 10 12 1 10 12 1 10 12 1 1 10 8 1 8 1 10 7 1 9 12 1 1 10 12 1 1 10 12 1 1 10 12 1 1 10 12 1 5 0 10 12 1 1 8 1 10 7 12 1 1 1 9 12 1 1 100 1 100 1 1 1 3 1 3 1 1 1 1 3 1 3 1 1 5 0 1 1 1 1 1 1 1 1 1 1 1 1 1 1 1 1 1 1 1 1 1 1 1 1 1 1 1 1 1 1 1 1 1 1 1 1 1 1 1 1 1 1 1 1 1 1 1 1 1 1 1 1 1 1 1 1
staticfield java/lang/Byte TYPE Ljava/lang/Class; java/lang/Class
ciInstanceKlass java/lang/Short 1 1 222 7 1 100 1 100 1 10 100 12 1 1 1 10 12 1 1 100 1 100 1 10 12 1 1 8 1 10 12 1 1 8 1 10 12 1 10 12 1 10 12 1 10 12 1 1 10 12 1 1 10 12 1 9 12 1 1 8 1 9 12 1 1 100 1 10 12 1 1 10 12 1 10 100 12 1 1 1 10 100 12 1 1 1 9 100 12 1 1 1 10 12 1 10 12 1 1 10 8 1 8 1 10 7 1 9 12 1 1 10 12 1 1 10 12 1 1 10 12 1 1 10 12 1 3 3 5 0 10 12 1 1 8 1 10 7 12 1 1 1 9 12 1 1 100 1 100 1 1 1 3 1 3 1 1 1 1 3 1 3 1 1 5 0 1 1 1 1 1 1 1 1 1 1 1 1 1 1 1 1 1 1 1 1 1 1 1 1 1 1 1 3 1 1 1 1 1 1 1 1 1 1 1 1 1 1 1 1 1 1 1 1 1 1 1 1 1 1 1 1 1 1
staticfield java/lang/Short TYPE Ljava/lang/Class; java/lang/Class
ciInstanceKlass java/lang/Integer 1 1 453 7 1 100 1 7 1 7 1 10 12 1 1 9 12 1 1 9 12 1 1 10 100 12 1 1 1 10 12 1 1 10 100 12 1 1 1 10 10 12 1 1 10 100 12 1 1 1 10 12 1 10 12 1 1 10 7 12 1 1 1 10 12 1 1 10 12 1 1 10 12 1 10 12 1 10 12 1 1 10 10 12 1 9 12 1 1 9 12 1 100 1 8 1 10 12 1 100 1 10 12 1 8 1 10 12 1 1 10 12 1 8 1 10 12 1 8 1 10 12 1 1 3 10 12 1 1 3 10 12 1 1 10 12 1 1 10 7 12 1 1 1 11 7 1 10 12 1 1 11 10 12 1 1 8 1 10 12 1 1 8 1 100 1 10 12 1 1 10 12 1 1 5 0 8 1 10 12 1 10 12 1 10 12 1 10 12 1 1 7 1 9 12 1 1 9 12 1 1 10 12 1 10 7 1 9 12 1 10 12 1 10 12 1 10 12 1 1 10 7 12 1 1 1 100 1 100 1 10 12 1 1 10 12 1 1 8 1 8 1 10 12 1 1 8 1 8 1 8 1 8 1 8 1 8 1 10 12 1 10 12 1 5 0 3 3 3 3 10 12 1 10 12 1 3 10 12 1 10 100 12 1 1 1 10 12 1 1 10 12 1 1 8 1 10 7 12 1 1 1 9 12 1 1 100 1 100 1 100 1 1 1 1 3 1 1 1 3 1 3 1 1 5 0 1 1 1 1 1 1 1 1 1 100 1 1 1 1 1 1 1 1 1 1 1 1 1 1 1 1 1 1 1 1 1 1 1 1 1 1 1 1 1 1 1 1 1 1 1 1 1 1 1 1 3 1 1 1 1 1 1 1 1 1 1 1 1 1 1 1 1 100 1 1 1 1 1 1 1 1 1 1 1 1 1 1 1 1 1 1 1 1 1 1 1 1 1 1 1 1 1 1 1 1 1 1 1 1 1 1 1 1 1 1 1 1 1 1 100 1 1 1 1 1 1 1 1 1 100 1 100 1 1
staticfield java/lang/Integer TYPE Ljava/lang/Class; java/lang/Class
staticfield java/lang/Integer digits [C 36
staticfield java/lang/Integer DigitTens [B 100
staticfield java/lang/Integer DigitOnes [B 100
ciInstanceKlass java/lang/Long 1 1 524 7 1 100 1 7 1 7 1 10 12 1 1 9 12 1 1 9 7 12 1 1 1 10 100 12 1 1 1 10 12 1 1 10 100 12 1 1 1 10 10 12 10 12 1 10 12 1 10 12 1 5 0 5 0 100 1 10 12 1 1 10 12 1 1 10 12 1 10 12 1 10 12 1 10 12 1 1 10 100 12 1 1 10 12 1 10 12 1 1 10 12 1 1 10 12 1 1 10 12 1 1 10 100 12 1 1 1 10 12 1 1 10 12 1 10 12 1 10 12 1 10 12 1 1 10 10 12 1 5 0 5 0 9 12 1 1 9 12 1 5 0 100 1 8 1 10 12 1 8 1 10 12 1 8 1 8 1 10 12 1 1 5 0 10 12 1 1 5 0 10 12 1 1 10 12 1 1 10 100 12 1 1 1 11 100 1 10 12 1 1 11 10 12 1 1 8 1 10 12 1 1 8 1 100 1 10 12 1 1 10 12 1 8 1 8 1 11 12 1 1 10 12 1 10 12 1 10 12 1 5 0 5 0 9 7 12 1 1 1 10 12 1 10 12 1 1 8 1 8 1 10 12 1 1 8 1 8 1 8 1 8 1 8 1 8 1 10 12 1 10 7 1 9 12 1 1 10 12 1 10 12 1 1 10 12 1 1 10 7 12 1 1 1 100 1 100 1 10 12 1 1 10 12 1 1 5 0 10 12 1 10 12 1 5 0 5 0 5 0 10 12 1 1 10 12 1 5 0 5 0 10 12 1 10 12 1 10 100 12 1 1 1 10 12 1 1 10 12 1 1 8 1 10 7 12 1 1 1 9 12 1 1 100 1 100 1 100 1 1 1 1 5 0 1 1 1 1 3 1 3 1 5 0 1 1 1 1 1 1 1 1 1 100 1 1 1 1 1 1 1 1 1 1 1 1 1 1 1 1 1 1 1 1 1 1 1 1 1 1 1 1 1 1 1 1 1 1 1 1 1 1 1 1 1 1 1 1 1 1 1 1 1 1 1 1 1 1 1 3 1 1 1 1 1 1 1 1 1 1 1 1 1 1 1 100 1 1 1 1 1 1 1 1 1 1 1 1 1 1 1 1 1 1 1 1 1 1 1 1 1 1 1 1 1 1 1 1 1 1 1 1 1 1 1 1 1 1 1 100 1 1 1 1 1 1 1 1 1 100 1 100 1 1
staticfield java/lang/Long TYPE Ljava/lang/Class; java/lang/Class
ciInstanceKlass java/util/Iterator 1 1 53 100 1 8 1 10 12 1 1 10 100 12 1 1 1 11 100 12 1 1 1 11 12 1 1 11 100 12 1 1 1 100 1 1 1 1 1 1 1 1 1 1 1 1 1 1 1 1 1 1 1 1 1
ciInstanceKlass java/lang/reflect/RecordComponent 0 0 196 10 100 12 1 1 1 9 100 12 1 1 1 9 12 1 1 9 12 1 10 12 1 1 10 12 1 1 10 100 12 1 1 1 10 12 1 1 9 12 1 1 10 12 1 1 10 12 1 1 10 12 1 10 100 12 1 1 10 100 12 1 1 9 12 1 1 10 100 12 1 1 1 11 100 12 1 1 1 10 9 100 12 1 1 1 10 100 12 1 1 1 9 12 1 1 10 100 12 1 1 1 10 12 1 1 11 100 12 1 1 10 100 12 1 1 100 1 9 12 1 9 12 1 1 9 12 1 10 100 12 1 1 1 10 12 1 1 10 12 1 1 100 1 10 10 12 1 10 12 1 1 8 1 10 12 1 10 12 1 9 12 1 100 1 1 1 1 1 1 1 1 1 1 1 1 1 1 1 1 1 1 1 1 1 1 100 1 1 1 1 1 1 100 1 1
ciInstanceKlass jdk/internal/vm/vector/VectorSupport 0 0 573 100 1 10 100 12 1 1 1 9 12 1 1 10 12 1 1 100 1 10 12 1 11 100 12 1 1 1 11 100 12 1 1 1 11 100 12 1 1 11 100 12 1 1 11 100 12 1 1 1 11 100 12 1 1 11 100 12 1 1 11 100 12 1 1 11 100 12 1 1 11 100 12 1 1 11 100 12 1 1 11 100 12 1 1 1 11 100 12 1 1 11 100 12 1 1 1 11 100 12 1 1 1 11 100 12 1 1 11 100 12 1 1 1 11 100 12 1 1 100 1 10 12 1 1 11 100 12 1 1 11 100 12 1 1 11 100 12 1 1 11 100 12 1 1 11 100 12 1 1 11 100 12 1 1 9 12 1 1 10 100 12 1 1 11 100 12 1 1 10 12 1 1 10 100 12 1 1 1 10 12 1 10 12 1 1 10 12 1 1 1 1 1 3 1 3 1 3 1 3 1 3 1 3 1 3 1 3 1 3 1 3 1 3 1 3 1 3 1 3 1 3 1 3 1 3 1 3 1 3 1 3 1 3 1 3 1 3 1 3 1 3 1 3 1 3 1 3 1 3 1 3 1 3 1 3 1 3 1 3 1 3 1 3 1 3 1 3 1 3 1 3 1 3 1 3 1 3 1 3 1 3 1 3 1 3 1 3 1 3 1 3 1 3 1 3 1 3 1 1 1 1 1 1 1 1 1 1 1 1 1 1 1 1 1 1 1 1 1 1 1 1 1 1 1 1 1 1 1 1 1 1 1 1 1 1 1 1 1 1 1 1 1 1 1 1 1 1 1 1 1 1 1 1 1 1 1 1 1 1 1 1 1 1 1 1 1 1 1 1 1 1 1 1 1 1 1 1 1 1 1 1 1 1 1 1 1 1 1 1 1 1 1 1 1 1 1 1 1 1 1 1 1 1 1 1 1 1 1 1 1 1 1 1 1 1 1 1 1 1 1 1 1 1 1 1 1 1 1 1 1 1 1 1 1 1 1 1 1 1 1 1 1 1 1 1 1 1 1 1 1 1 1 1 1 1 1 1 1 1 1 1 1 1 1 1 1 1 1 1 1 1 1 1 1 1 1 1 1 1 1 1 1 1 1 1 1 1 1 1 1 1 1 1 1 1 1 1 1 1 1 1 1 1 1 1 1 1 1 1 1 1 1 1 1 1 1 1 1 1 1 1 1 1 1 1 1 1 1 1 1 1 1 100 1 100 1 100 1 100 1 100 1 1 1 1 1 1 1 1 1 1 1 1 1 1 1 1 1 1 1 1 1 1 1 1 1 1 1 1 1 1 1
instanceKlass jdk/internal/vm/vector/VectorSupport$VectorShuffle
instanceKlass jdk/internal/vm/vector/VectorSupport$VectorMask
instanceKlass jdk/internal/vm/vector/VectorSupport$Vector
ciInstanceKlass jdk/internal/vm/vector/VectorSupport$VectorPayload 0 0 32 10 100 12 1 1 1 9 100 12 1 1 1 10 100 12 1 1 1 1 1 1 1 1 1 1 1 1 1 1 1 1
ciInstanceKlass jdk/internal/vm/vector/VectorSupport$Vector 0 0 28 10 100 12 1 1 1 100 1 1 1 1 1 1 1 1 1 1 1 1 1 1 1 100 1 1 1 1
ciInstanceKlass jdk/internal/vm/vector/VectorSupport$VectorMask 0 0 28 10 100 12 1 1 1 100 1 1 1 1 1 1 1 1 1 1 1 1 1 1 1 100 1 1 1 1
ciInstanceKlass jdk/internal/vm/vector/VectorSupport$VectorShuffle 0 0 28 10 100 12 1 1 1 100 1 1 1 1 1 1 1 1 1 1 1 1 1 1 1 100 1 1 1 1
ciInstanceKlass jdk/internal/vm/FillerObject 0 0 16 10 100 12 1 1 1 100 1 1 1 1 1 1 1 1
instanceKlass kotlin/KotlinNullPointerException
ciInstanceKlass java/lang/NullPointerException 1 1 52 10 100 12 1 1 1 10 12 1 9 100 12 1 1 1 10 12 1 1 9 12 1 1 10 12 1 1 10 12 1 1 1 1 5 0 1 1 1 1 1 1 1 1 100 1 100 1 100 1 1 1
ciInstanceKlass java/lang/ArithmeticException 1 1 26 10 100 12 1 1 1 10 12 1 100 1 1 1 1 5 0 1 1 1 1 1 1 1 1 1
ciInstanceKlass java/util/Objects 1 1 184 10 7 12 1 1 1 100 1 8 1 10 12 1 10 12 1 1 10 7 12 1 1 1 10 12 1 1 10 12 1 10 100 12 1 1 1 10 12 1 1 10 100 12 1 1 1 100 1 10 10 12 1 1 10 100 12 1 1 10 12 1 1 8 1 10 100 12 1 1 1 10 100 12 1 1 1 10 11 100 12 1 1 1 100 1 10 10 12 1 8 1 10 12 1 8 1 100 1 11 12 1 1 8 1 10 7 12 1 1 1 10 12 1 1 10 12 1 10 12 1 10 12 1 10 12 1 1 1 1 1 1 1 1 1 1 1 1 1 1 1 1 1 1 1 1 1 1 1 1 1 1 1 1 1 1 1 1 1 1 1 1 1 1 1 1 1 1 1 1 1 1 1 1 1 1 1 1 1 1 1 1 1 1
ciInstanceKlass java/lang/StringLatin1 1 1 392 7 1 10 100 12 1 1 1 10 12 1 1 10 7 12 1 1 1 10 7 12 1 1 1 10 12 1 10 7 12 1 1 1 10 12 1 1 10 7 12 1 1 1 10 7 12 1 1 1 10 12 1 1 10 12 1 1 10 10 12 1 10 12 1 10 9 7 12 1 1 1 10 12 1 1 10 100 12 1 1 1 10 12 10 12 1 1 10 12 1 1 10 12 1 10 12 1 1 10 12 1 1 10 7 12 1 1 1 10 12 1 10 12 1 1 9 12 1 1 100 1 10 10 12 1 1 10 7 12 1 1 1 10 12 1 10 12 1 100 1 100 1 8 1 10 12 1 8 1 10 12 1 1 100 1 10 10 12 10 7 12 1 1 1 8 1 8 1 8 1 10 12 1 1 10 100 12 1 1 10 12 1 10 12 1 1 10 12 1 1 10 12 1 1 10 12 1 10 12 10 12 10 12 1 10 12 10 10 12 1 10 12 1 10 12 1 10 100 12 1 1 1 10 100 12 1 1 1 10 12 1 1 10 12 1 1 10 10 7 12 1 1 1 1 1 1 1 1 1 1 1 1 1 1 1 1 1 1 1 1 1 1 1 1 1 1 1 1 1 1 1 1 1 1 1 1 1 1 1 1 1 1 1 1 1 1 1 1 1 1 1 1 100 1 1 1 1 1 1 1 1 1 1 1 1 1 1 1 1 1 1 1 1 1 1 1 1 1 1 1 1 1 1 1 1 1 1 1 1 1 1 1 1 1 1 100 1 1 1 1 1 1 1 1 1 1 1 1 1 1 1 1 1 1 1 1 1 1 1 100 1 1 1 1 1 1 1 1 1 1 1 1 1 1 1 1 1 1 1 1 1 1 1 1 1 1 100 1 1 1 1
staticfield java/lang/StringLatin1 $assertionsDisabled Z 1
instanceKlass java/lang/ProcessEnvironment
instanceKlass java/util/LinkedHashMap
ciInstanceKlass java/util/HashMap 1 1 629 10 7 12 1 1 1 100 1 10 12 1 1 100 1 10 7 12 1 1 1 100 1 11 12 1 1 11 12 1 11 12 1 1 10 7 12 1 1 1 7 1 3 10 7 12 1 1 1 100 1 100 1 10 8 1 10 12 1 1 10 12 1 10 12 1 1 10 12 1 10 7 12 1 1 1 8 1 10 12 1 9 12 1 1 10 12 1 9 12 1 1 4 10 12 1 10 12 1 1 11 7 12 1 1 9 12 1 1 10 7 12 1 1 1 6 0 10 12 1 1 11 12 1 1 11 7 12 1 1 1 11 7 12 1 1 1 11 12 1 1 7 1 11 12 1 11 12 1 10 12 1 10 12 1 1 9 12 10 12 1 1 9 7 12 1 1 1 9 12 9 12 1 10 12 1 1 9 12 1 7 1 10 12 1 1 10 12 1 1 10 12 1 1 10 12 1 1 10 12 1 1 9 12 1 10 12 1 1 3 4 10 12 1 1 10 12 1 1 9 12 1 1 9 10 12 1 1 10 12 1 1 10 12 1 1 10 12 1 9 12 1 1 7 1 10 12 1 10 12 1 10 7 12 1 1 1 7 1 9 12 1 1 7 1 10 9 12 7 1 10 100 1 10 11 7 12 1 1 1 100 1 10 11 7 12 1 1 11 100 12 1 1 1 10 12 1 100 1 100 1 10 12 1 10 12 1 10 12 1 10 100 12 1 1 10 12 1 1 10 12 1 1 10 100 12 1 1 1 8 10 100 12 1 1 1 100 1 10 4 4 10 12 1 1 10 100 12 1 1 1 10 12 1 8 1 6 0 10 100 12 1 1 1 100 1 11 100 12 1 1 1 10 12 1 10 12 1 10 10 12 1 1 6 0 8 1 10 12 1 10 12 100 1 100 1 1 1 1 5 0 1 3 1 1 1 3 1 3 1 3 1 1 1 1 1 1 1 1 1 1 1 1 1 1 1 1 1 1 1 1 1 1 100 1 1 1 1 1 1 1 1 1 1 1 1 1 1 1 1 1 1 1 1 1 1 1 1 1 1 1 1 1 1 1 1 1 100 1 1 1 1 1 1 1 1 1 1 1 1 1 1 1 1 1 1 1 1 1 1 1 1 1 1 1 1 1 1 1 1 1 1 1 1 1 1 1 1 1 1 1 1 1 1 1 1 1 1 1 100 1 1 1 1 1 1 1 1 1 1 1 1 1 1 1 1 1 1 1 1 1 1 1 1 1 1 1 1 1 1 1 1 1 1 1 1 1 1 1 1 1 1 1 1 1 1 1 1 100 1 1 1 1 1 1 1 1 100 1 1 1 1 1 1 1 1 1 1 1 1 1 1 1 1 1 1 100 1 100 1 100 1 100 1 100 1 100 1 100 1 100 1 1 1 1 1 1 1 1 1 1 1 1 1 1 1 1 1 1
ciInstanceKlass jdk/internal/util/Preconditions 1 1 194 10 100 12 1 1 1 11 100 12 1 1 1 11 100 12 1 1 1 100 1 100 1 10 7 12 1 1 1 10 12 1 8 1 100 1 10 100 12 1 1 1 10 12 1 1 8 1 8 1 10 100 12 1 1 7 1 10 12 1 8 1 10 100 12 1 1 1 8 1 10 12 1 1 10 12 1 1 11 12 1 8 1 8 1 11 12 1 1 8 1 8 1 8 1 10 12 1 1 10 12 1 1 10 12 1 10 12 1 10 12 1 10 12 7 1 10 10 12 1 1 9 12 1 1 7 1 10 9 12 1 7 1 10 9 12 1 1 1 1 1 1 1 1 1 1 1 1 1 1 1 1 1 1 1 1 1 1 1 1 1 1 1 1 1 1 1 1 1 1 1 1 1 1 1 1 1 1 1 1 1 1 1 1 1 1 1 1 1 1 1 1 1 1
staticfield jdk/internal/util/Preconditions SIOOBE_FORMATTER Ljava/util/function/BiFunction; jdk/internal/util/Preconditions$4
staticfield jdk/internal/util/Preconditions AIOOBE_FORMATTER Ljava/util/function/BiFunction; jdk/internal/util/Preconditions$4
staticfield jdk/internal/util/Preconditions IOOBE_FORMATTER Ljava/util/function/BiFunction; jdk/internal/util/Preconditions$4
ciInstanceKlass java/util/function/BiFunction 1 1 65 10 100 12 1 1 1 18 12 1 1 11 100 12 1 1 11 100 12 1 100 1 1 1 1 1 1 1 1 1 1 1 1 1 1 1 1 1 1 1 1 1 1 1 1 1 1 1 16 15 11 12 15 10 100 12 1 1 1 1 100 1 100 1 1
ciInstanceKlass jdk/internal/util/Preconditions$4 1 1 61 9 7 12 1 1 1 10 7 12 1 1 1 10 100 12 1 1 1 11 100 12 1 1 1 100 1 100 1 100 1 10 12 1 100 1 1 1 1 1 1 1 1 1 1 1 1 1 1 1 1 1 1 1 1 1 12 1 1 1 1
ciInstanceKlass java/util/Arrays 1 1 1029 10 7 12 1 1 1 10 100 12 1 1 1 10 7 12 1 1 1 10 12 1 10 12 1 10 12 1 10 12 1 10 12 1 10 12 1 10 100 12 1 1 1 100 1 100 1 10 8 1 10 12 1 1 10 12 1 8 1 8 1 10 12 1 1 10 12 1 100 1 10 12 1 9 100 12 1 1 1 10 7 12 1 1 100 1 10 12 1 1 10 7 12 1 1 10 7 12 1 1 1 100 1 10 12 1 10 12 1 1 7 1 9 7 12 1 1 1 10 12 1 1 10 100 12 1 1 10 12 1 10 12 1 1 10 12 1 10 12 1 1 100 1 11 12 1 1 10 12 1 10 7 12 1 1 1 10 12 10 12 1 10 12 1 10 12 10 12 1 11 100 12 1 1 1 10 7 12 1 1 1 100 1 10 12 1 10 100 1 10 12 1 10 100 1 10 12 1 10 100 1 10 12 1 10 10 12 1 1 10 12 1 10 12 1 10 12 1 10 12 1 10 12 1 10 100 12 1 1 1 10 12 1 10 100 12 1 1 1 10 12 1 10 12 1 10 7 12 1 1 1 10 12 1 10 12 1 10 12 1 10 12 1 10 12 1 10 12 1 10 12 1 10 12 1 10 12 1 10 12 1 10 12 1 10 12 1 10 12 1 10 12 1 10 12 1 10 12 1 1 10 12 1 1 10 7 12 1 1 1 10 7 1 10 100 1 10 7 1 10 100 1 10 100 1 10 100 1 10 100 1 10 100 1 10 12 1 8 1 10 12 1 1 10 12 1 1 10 12 1 1 10 12 1 1 10 12 1 1 10 12 1 1 10 12 1 1 10 12 1 1 10 12 1 1 7 1 10 12 10 12 1 1 10 12 1 10 12 1 1 10 12 1 1 9 7 12 1 1 1 10 12 1 9 100 1 10 12 1 9 100 1 10 12 1 9 100 1 10 12 1 9 100 1 10 12 1 9 100 1 10 12 1 9 10 12 1 10 12 1 10 12 1 9 12 1 100 1 10 10 12 1 1 10 12 1 10 12 1 10 12 1 10 12 1 10 12 1 10 12 1 10 12 1 10 12 1 10 12 1 8 1 8 1 10 12 1 10 12 1 8 1 10 12 1 10 12 1 10 12 1 10 100 12 1 1 1 3 10 100 1 10 10 12 1 1 11 100 12 1 1 10 12 1 1 10 12 1 10 12 1 10 12 1 10 12 1 10 12 1 10 12 1 10 12 1 10 12 1 11 12 1 8 1 10 11 12 1 11 100 12 1 1 1 11 100 12 1 1 1 11 12 1 1 18 12 1 1 11 12 1 1 11 100 12 1 1 1 18 12 1 11 100 12 1 1 1 18 12 1 11 100 12 1 1 1 18 12 1 100 1 10 7 12 1 1 1 10 12 1 10 12 1 10 12 1 10 12 1 10 12 1 10 12 1 10 12 1 10 12 1 1 10 12 1 10 7 12 1 1 10 12 1 10 12 1 10 12 1 1 10 12 1 10 12 1 10 12 1 1 10 12 1 10 12 1 10 12 1 1 10 12 1 10 12 1 10 12 1 10 12 1 10 12 10 12 1 10 12 10 12 10 12 1 10 12 10 12 1 10 12 1 10 12 1 1 1 1 3 1 3 1 1 1 1 1 1 1 1 1 1 1 1 1 1 1 1 1 1 1 1 1 1 1 1 1 1 1 1 1 1 1 1 1 1 1 1 1 1 1 1 1 1 1 1 1 1 1 1 1 1 1 1 1 1 1 1 1 1 1 1 1 1 1 1 1 1 1 1 1 1 1 1 1 1 1 1 1 1 1 1 1 1 1 1 1 1 1 1 1 1 1 1 1 1 1 1 1 1 1 1 1 1 1 1 1 1 1 1 1 1 1 1 1 1 1 1 1 1 1 1 1 1 1 1 1 1 1 1 1 1 1 1 1 1 1 1 1 1 1 1 1 1 1 1 1 1 1 1 1 1 1 1 1 1 1 1 1 1 1 1 1 1 1 1 1 1 1 1 1 1 1 1 1 1 1 1 1 1 1 1 1 1 1 1 1 1 1 1 1 1 1 1 1 1 1 1 1 1 1 1 1 1 1 1 1 1 1 1 1 1 1 1 1 1 1 1 1 1 1 1 1 1 1 1 1 1 1 1 1 1 1 1 1 1 1 1 1 1 1 1 1 1 1 1 1 1 1 1 1 1 1 1 1 1 100 1 1 16 15 10 12 15 10 12 15 10 12 15 10 12 15 10 100 12 1 1 1 1 1 100 1 100 1 1 1 1 100 1 1 1 1 1 1 100 1 1 100 1 1 100 1 1 1 100 1 100 1 1
staticfield java/util/Arrays $assertionsDisabled Z 1
instanceKlass sun/nio/cs/MS1251
instanceKlass sun/nio/cs/MS1252
instanceKlass sun/nio/cs/US_ASCII
instanceKlass sun/nio/cs/ISO_8859_1
instanceKlass sun/nio/cs/Unicode
ciInstanceKlass java/nio/charset/Charset 1 1 370 10 7 12 1 1 1 100 1 10 12 1 1 10 12 1 1 9 7 12 1 1 1 9 12 1 7 1 100 1 10 12 1 9 100 12 1 1 1 10 100 12 1 1 1 10 12 1 1 10 7 12 1 1 1 10 12 1 100 1 10 10 100 12 1 1 1 10 12 1 9 100 12 1 1 1 10 7 12 1 1 1 100 1 8 1 10 10 12 1 1 10 12 1 9 12 1 1 10 12 1 10 12 1 10 12 1 1 10 12 1 10 12 1 100 1 10 11 100 12 1 1 11 12 1 10 12 1 1 11 100 12 1 1 1 100 1 10 100 1 9 12 1 1 10 7 12 1 1 9 100 12 1 1 1 10 9 12 1 1 10 12 1 1 10 7 12 1 1 1 10 12 1 1 10 100 12 1 1 1 100 8 1 8 1 8 1 9 12 1 9 12 1 9 12 1 1 11 100 12 1 1 1 8 1 10 12 1 1 8 1 10 100 12 1 1 1 9 100 12 1 1 1 10 100 12 1 1 1 10 12 1 10 12 1 1 100 1 100 1 10 12 1 10 12 1 1 10 100 12 1 1 10 12 10 12 1 1 10 100 12 1 1 1 10 10 12 1 1 10 12 1 10 12 1 1 7 1 10 100 1 1 1 1 1 1 1 1 1 1 1 1 1 1 1 1 1 1 1 1 1 1 100 1 1 1 100 1 100 1 1 1 1 1 1 1 1 1 1 1 1 1 1 1 1 1 1 1 1 1 1 1 1 1 1 1 1 1 1 1 1 1 1 1 1 1 1 1 1 1 1 1 1 1 1 1 1 1 1 1 1 1 1 1 1 100 1 1 1 1
staticfield java/nio/charset/Charset standardProvider Ljava/nio/charset/spi/CharsetProvider; sun/nio/cs/StandardCharsets
staticfield java/nio/charset/Charset zeroAliases [Ljava/lang/String; 0 [Ljava/lang/String;
ciInstanceKlass sun/nio/cs/HistoricallyNamedCharset 1 0 9 100 1 100 1 1 1 1 1
ciInstanceKlass sun/nio/cs/UTF_8 1 1 84 8 1 10 7 12 1 1 1 10 7 12 1 1 1 8 1 7 1 10 12 1 100 1 10 10 7 12 1 1 1 10 12 1 1 10 12 1 1 7 1 10 12 1 9 12 1 1 10 7 12 1 1 1 9 12 1 1 1 1 1 1 1 1 1 1 1 1 1 1 1 1 1 1 1 1 1 1 1 1 1 1 1 1
staticfield sun/nio/cs/UTF_8 INSTANCE Lsun/nio/cs/UTF_8; sun/nio/cs/UTF_8
staticfield sun/nio/cs/UTF_8 JLA Ljdk/internal/access/JavaLangAccess; java/lang/System$2
ciInstanceKlass sun/nio/cs/ISO_8859_1 1 1 60 8 1 10 7 12 1 1 1 10 7 12 1 1 1 8 1 100 1 7 1 100 1 10 12 1 100 1 10 10 12 1 9 12 1 1 100 1 1 1 1 1 1 1 1 1 1 1 1 1 1 1 1 1 1 1 1 1 1 1
staticfield sun/nio/cs/ISO_8859_1 INSTANCE Lsun/nio/cs/ISO_8859_1; sun/nio/cs/ISO_8859_1
ciInstanceKlass sun/nio/cs/US_ASCII 1 1 67 8 1 10 7 12 1 1 1 10 7 12 1 1 1 8 1 7 1 100 1 10 12 1 100 1 10 10 12 1 9 12 1 1 10 7 12 1 1 1 9 12 1 1 100 1 1 1 1 1 1 1 1 1 1 1 1 1 1 1 1 1 1 1 1 1 1
staticfield sun/nio/cs/US_ASCII INSTANCE Lsun/nio/cs/US_ASCII; sun/nio/cs/US_ASCII
staticfield sun/nio/cs/US_ASCII JLA Ljdk/internal/access/JavaLangAccess; java/lang/System$2
ciInstanceKlass java/nio/charset/StandardCharsets 1 1 68 10 100 12 1 1 1 100 1 8 1 10 12 1 9 7 12 1 1 1 9 7 12 1 1 1 9 7 12 1 1 9 12 1 9 7 12 1 1 9 12 1 7 1 10 9 12 1 7 1 10 9 12 1 7 1 10 9 12 1 1 1 1 1 1 1 1 1
staticfield java/nio/charset/StandardCharsets US_ASCII Ljava/nio/charset/Charset; sun/nio/cs/US_ASCII
staticfield java/nio/charset/StandardCharsets ISO_8859_1 Ljava/nio/charset/Charset; sun/nio/cs/ISO_8859_1
staticfield java/nio/charset/StandardCharsets UTF_8 Ljava/nio/charset/Charset; sun/nio/cs/UTF_8
staticfield java/nio/charset/StandardCharsets UTF_16BE Ljava/nio/charset/Charset; sun/nio/cs/UTF_16BE
staticfield java/nio/charset/StandardCharsets UTF_16LE Ljava/nio/charset/Charset; sun/nio/cs/UTF_16LE
staticfield java/nio/charset/StandardCharsets UTF_16 Ljava/nio/charset/Charset; sun/nio/cs/UTF_16
ciInstanceKlass java/lang/StringUTF16 1 1 604 100 1 7 1 10 100 12 1 1 1 100 1 10 7 1 3 100 1 100 1 10 8 1 10 12 1 1 10 12 1 8 1 10 12 1 1 10 12 1 9 12 1 1 10 12 1 1 100 1 8 1 10 12 1 9 12 1 1 9 12 1 10 10 12 1 1 10 12 1 1 10 100 12 1 1 1 10 12 1 10 12 1 1 10 12 1 1 10 12 1 1 10 12 1 1 10 12 1 10 12 1 1 10 12 1 1 10 12 1 1 10 12 1 1 10 12 1 10 12 1 10 12 1 1 10 12 1 100 1 10 12 1 10 10 12 1 1 10 12 1 10 12 1 1 10 12 1 10 100 12 1 1 1 10 100 12 1 1 1 10 12 10 12 1 1 10 12 1 10 12 1 1 10 12 1 1 10 12 1 10 12 1 10 12 1 100 1 10 12 1 1 10 12 1 3 10 12 1 1 10 12 1 10 12 1 10 12 1 10 12 1 10 12 1 10 12 1 1 9 12 1 10 12 1 10 12 1 10 12 1 10 12 1 10 12 1 10 10 12 10 12 10 10 12 1 1 10 7 12 1 1 1 10 12 1 10 12 1 100 1 8 1 8 1 10 12 1 1 100 1 10 10 100 12 1 1 1 10 100 12 1 1 8 1 8 1 8 1 10 12 1 1 10 12 1 1 10 12 10 12 1 10 100 12 1 1 10 12 1 1 10 12 1 1 10 12 1 10 12 10 12 10 12 1 10 12 10 12 1 10 12 1 10 12 1 10 12 1 10 12 1 10 100 12 1 1 1 10 100 12 1 1 1 10 12 1 1 10 12 1 1 11 100 12 1 1 10 12 1 10 12 1 10 12 1 1 9 12 1 1 9 12 1 5 0 5 0 10 12 1 10 12 10 12 10 7 12 1 1 1 10 12 1 1 1 1 1 1 1 1 1 1 1 1 1 1 1 1 1 1 1 1 1 1 1 1 1 1 1 1 1 1 1 100 1 1 1 1 1 1 1 1 1 1 1 1 1 1 1 1 1 1 1 1 1 1 1 1 1 1 1 1 1 1 1 1 1 1 1 1 1 1 1 1 1 1 1 1 1 1 1 1 1 1 1 1 1 1 1 1 1 1 1 1 1 1 1 1 1 1 1 1 1 1 1 1 1 1 1 1 1 1 1 1 1 100 1 1 1 1 1 1 1 1 1 1 1 1 1 1 1 1 1 100 1 1 1 1 1 1 1 1 1 1 1 1 1 1 1 1 1 1 1 1 1 1 1 1 1 1 1 1 1 1 1 1 1 1 1 1 1 1 1 1 1 1 1 1 1 1 1 1 1 1 1 1 1 1 1 1 1 1 1 1 1 100 1 100 1 1 1 1 1
staticfield java/lang/StringUTF16 HI_BYTE_SHIFT I 0
staticfield java/lang/StringUTF16 LO_BYTE_SHIFT I 8
staticfield java/lang/StringUTF16 $assertionsDisabled Z 1
ciInstanceKlass java/nio/charset/CodingErrorAction 1 1 38 10 7 12 1 1 1 9 7 12 1 1 1 8 1 10 12 1 9 12 1 8 1 9 12 8 1 9 12 1 1 1 1 1 1 1 1 1
staticfield java/nio/charset/CodingErrorAction IGNORE Ljava/nio/charset/CodingErrorAction; java/nio/charset/CodingErrorAction
staticfield java/nio/charset/CodingErrorAction REPLACE Ljava/nio/charset/CodingErrorAction; java/nio/charset/CodingErrorAction
staticfield java/nio/charset/CodingErrorAction REPORT Ljava/nio/charset/CodingErrorAction; java/nio/charset/CodingErrorAction
ciInstanceKlass kotlin/jvm/internal/Intrinsics 1 1 278 10 7 10 10 10 10 10 10 100 10 10 10 100 10 10 100 10 8 8 10 100 10 10 100 10 10 100 10 10 8 8 8 8 10 10 10 10 10 100 10 10 10 10 8 8 10 10 10 8 10 100 10 10 10 10 100 8 8 10 8 10 10 10 100 10 7 100 1 1 1 1 1 1 1 1 1 1 1 1 1 1 1 1 1 1 1 1 1 1 1 1 1 1 1 1 1 1 1 1 1 1 1 1 1 1 1 1 1 1 1 1 1 1 1 1 1 1 1 1 1 1 1 1 1 1 100 1 1 1 1 1 1 1 1 1 1 1 1 1 1 1 1 1 1 1 1 1 1 1 1 1 1 1 1 1 1 1 1 1 100 1 1 1 1 1 1 1 1 1 1 1 1 1 1 1 1 1 100 1 1 1 12 1 12 12 12 12 12 1 12 12 1 1 1 1 12 1 12 1 1 1 1 1 1 12 12 12 100 12 12 1 100 12 100 12 100 12 12 1 1 100 12 100 12 1 12 1 12 12 12 1 1 1 12 1 12 100 100 12 12 1 1 1 1 1 1 1 1 1 1 1 1 1 1 1 1 1 1 1 1 1 1 1 1 1 1 1 1 1 1 1 1 1 1 1 1 1
ciInstanceKlass kotlin/jvm/functions/Function1 1 0 32 1 100 1 1 100 1 100 1 1 1 1 1 3 3 1 3 1 3 1 1 1 1 1 1 1 1 1 1 1 1 1
instanceKlass kotlin/collections/CollectionsKt
ciInstanceKlass kotlin/collections/CollectionsKt___CollectionsKt 1 1 1637 1 7 1 100 1 1 1 1 1 8 1 7 1 1 12 10 1 7 1 1 12 11 1 1 1 1 1 1 1 1 1 1 1 1 1 1 1 1 7 1 12 11 1 7 1 1 12 10 1 1 1 1 1 1 1 1 16 1 1 12 10 15 1 16 1 7 1 1 12 10 15 1 1 12 18 1 1 12 10 1 1 1 1 1 1 1 8 1 1 12 11 1 7 1 1 12 10 1 100 12 11 1 7 1 1 12 11 1 7 1 1 12 11 1 1 12 11 1 1 1 1 1 7 1 1 1 1 1 12 10 1 1 1 1 1 8 1 7 1 12 10 1 1 1 1 1 1 1 1 1 1 1 1 1 12 11 1 100 1 12 11 1 12 11 1 1 1 1 1 12 10 1 100 1 8 1 1 12 10 1 1 12 11 1 8 1 8 1 1 1 1 1 1 1 8 1 8 1 1 1 1 1 1 1 1 1 1 1 12 11 1 1 12 10 1 1 12 10 1 1 1 1 1 1 1 1 1 1 1 11 1 1 1 1 1 12 11 1 12 10 1 1 1 12 10 1 1 1 1 8 1 12 11 1 1 1 1 1 1 1 1 100 1 1 12 9 1 12 10 1 1 1 8 11 11 1 1 12 10 12 10 1 1 1 12 10 1 1 12 10 1 100 1 8 10 1 1 8 1 8 1 1 1 1 1 1 1 1 7 12 10 1 8 1 1 12 10 1 12 10 1 8 1 1 12 10 10 1 1 12 10 1 1 12 10 12 10 1 1 12 10 1 7 1 12 10 1 100 1 12 10 10 1 12 10 1 7 1 1 12 10 1 1 1 1 1 1 1 1 1 1 7 1 1 12 10 1 12 10 1 1 1 1 1 1 1 1 1 1 1 1 1 1 11 1 1 1 1 1 1 1 1 1 100 1 12 11 1 1 1 1 1 1 1 1 1 1 1 1 1 1 1 8 1 1 1 1 1 1 1 8 1 1 12 10 1 1 1 1 1 1 1 1 1 1 1 1 1 1 1 1 12 10 1 1 1 1 1 1 1 1 1 1 1 1 1 8 1 100 10 1 1 12 10 1 12 10 1 12 10 1 1 12 11 1 1 1 1 1 1 12 10 1 7 10 12 10 1 1 1 1 1 1 11 11 1 1 1 1 1 1 1 1 1 1 12 10 1 1 12 10 1 1 1 1 1 1 12 11 1 1 1 1 1 1 1 8 1 100 1 12 10 1 7 1 1 12 10 1 1 1 1 100 10 1 1 1 1 1 100 1 1 12 10 1 1 1 1 1 12 11 1 100 1 7 1 1 12 10 1 1 12 10 12 10 1 1 1 1 1 1 1 1 1 1 1 1 12 10 1 1 1 1 1 1 1 1 1 8 1 12 10 1 1 1 1 1 1 1 1 1 1 11 1 1 100 1 1 1 1 1 12 10 1 1 1 100 1 1 1 1 100 1 1 12 10 1 1 1 100 1 1 1 1 1 12 10 1 1 1 100 1 1 1 1 1 12 10 1 1 1 100 1 1 1 1 1 100 1 1 1 1 1 12 10 1 1 1 100 1 1 1 1 1 12 10 1 1 1 100 1 1 1 1 7 1 12 10 1 100 10 1 100 1 100 1 12 10 1 12 10 1 12 11 1 1 1 1 1 1 1 1 1 8 1 1 1 1 1 1 1 8 1 1 1 1 1 1 1 1 1 1 1 1 8 1 1 1 1 1 1 1 1 1 1 1 1 1 1 1 100 10 12 10 1 1 12 10 1 1 1 1 12 10 1 1 1 1 7 1 1 12 10 1 1 12 10 1 7 10 1 7 10 1 1 12 10 1 1 1 1 1 12 10 1 1 1 1 1 1 1 1 1 1 1 7 1 12 10 1 1 1 1 1 1 1 1 1 1 1 1 1 1 1 1 1 1 1 1 10 12 11 11 1 1 1 1 1 1 1 1 1 1 1 1 1 1 1 1 1 1 1 1 1 1 1 1 1 1 1 1 100 1 12 10 1 100 1 1 1 1 1 1 1 1 1 1 1 1 1 1 1 1 1 1 1 1 1 1 1 1 1 1 1 1 1 1 1 1 1 1 1 1 1 1 1 1 1 1 1 1 1 1 1 1 1 1 1 1 7 16 1 1 12 10 15 16 1 12 18 1 12 10 1 1 1 12 10 1 1 1 10 10 1 1 1 1 1 1 1 1 8 1 12 10 1 1 1 1 12 10 1 10 1 1 1 1 1 1 1 1 1 1 1 1 1 1 1 1 12 10 1 1 1 1 1 1 1 1 8 1 1 1 1 1 1 1 1 100 1 12 11 1 1 1 1 1 1 1 1 1 1 1 1 12 11 1 1 1 1 1 1 8 1 1 1 1 1 1 1 1 1 10 1 7 1 1 12 10 1 1 1 1 12 10 1 1 1 12 11 1 1 1 1 1 1 1 1 1 1 1 1 1 1 1 1 1 1 1 1 1 1 1 100 1 12 10 1 1 1 1 100 1 12 10 1 1 1 1 1 12 11 1 1 1 1 1 1 1 1 1 1 1 1 1 1 1 1 1 12 10 1 12 10 1 1 1 1 1 1 1 1 1 1 1 1 1 1 1 1 1 1 1 1 1 1 1 1 1 1 1 1 1 1 1 1 1 1 1 1 1 1 1 1 1 1 1 100 1 8 10 1 1 1 1 1 1 1 1 1 1 1 1 1 1 1 1 1 8 1 1 1 1 1 1 1 1 1 1 1 1 1 1 1 1 1 1 1 1 1 1 1 1 1 1 1 1 1 1 1 1 1 1 1 1 1 1 1 1 1 1 1 1 1 1 1 1 1 1 1 1 1 1 1 1 1 1 1 1 1 1 1 1 1 1 1 1 1 1 1 1 1 1 1 1 1 1 1 1 1 1 1 1 100 1 12 10 1 12 10 1 1 1 100 1 12 10 12 10 1 1 1 8 1 12 10 1 12 10 1 1 1 1 1 1 1 12 10 1 1 1 1 12 10 1 1 1 1 1 1 1 1 1 8 1 12 10 1 1 1 1 100 1 1 1 1 12 10 1 1 1 1 100 1 12 10 11 1 1 12 10 1 1 1 1 1 12 10 1 1 1 1 1 12 10 1 1 1 12 10 1 12 10 1 12 10 1 1 12 10 1 1 1 1 12 10 1 1 1 100 1 1 12 10 1 12 10 1 1 12 10 1 1 1 1 1 1 1 1 1 1 1 1 100 12 10 1 12 10 1 1 1 1 1 1 12 10 1 7 1 1 12 10 1 1 1 1 1 1 1 1 1 1 1 1 1 1 1 1 1 1 1 1 1 1 1 1 1 1 1 1 1 1 1 1 1 1 8 1 8 1 8 1 8 1 8 1 7 1 12 11 1 7 1 1 12 10 1 1 1 1 1 1 1 8 1 7 1 8 1 8 12 10 1 1 1 1 1 1 12 10 1 1 1 1 1 1 7 1 12 10 1 1 1 6 0 1 1 1 1 1 1 1 1 1 1 1 1 1 1 1 1 1 1 1 1 100 1 8 10 1 1 10 1 1 1 1 3 3 1 3 1 3 1 1 1 1 1 1 1 1 1 1 1 1 1 1 1 1 1 1 1 1 1 1 1 1 1 1 1 1 1 1 1 1 1 100 1 100 1 1 100 1 1 100 1 1 100 1 1 1 1 1 1 1 1 1 1 1 1 1 1 1 1 1 1
ciInstanceKlass kotlin/collections/CollectionsKt 0 0 33 1 100 1 100 1 1 12 10 1 1 1 1 3 3 1 3 1 3 1 1 1 1 1 1 1 1 1 1 1 1 1 1
ciInstanceKlass org/jetbrains/kotlin/name/Name 1 1 157 1 7 1 1 7 1 100 1 1 1 1 1 1 1 1 1 1 12 10 1 12 10 12 9 12 9 1 1 1 1 1 7 1 1 100 1 100 10 1 8 1 1 12 10 1 12 10 1 12 10 1 12 10 12 10 1 1 1 12 10 1 1 12 10 1 1 12 10 1 1 1 12 10 1 1 1 12 10 1 1 1 12 10 1 8 1 12 10 1 1 12 10 1 1 1 1 1 1 12 10 12 10 1 100 1 8 10 1 12 10 1 1 1 12 10 1 1 1 1 12 10 1 1 12 10 1 8 1 8 1 100 8 8 8 8 8 8 8 8 8 8 8 1 1 12 10 1 100 1 1 1 1 1 1 1 1
ciInstanceKlass org/jetbrains/kotlin/name/ClassId 1 1 244 1 7 1 7 1 1 1 3 3 1 3 1 3 1 1 1 1 1 1 1 1 1 1 1 1 1 1 1 1 1 1 1 1 1 1 1 1 1 1 1 1 1 1 1 1 1 1 1 1 1 1 1 1 1 1 1 1 1 1 1 1 1 1 7 1 7 1 7 1 1 1 8 1 7 1 1 12 10 8 1 12 10 12 9 12 9 12 9 1 12 10 1 7 1 12 9 1 7 10 1 8 1 1 12 10 1 12 10 1 8 8 1 100 1 12 10 1 100 1 12 10 1 1 1 8 1 12 9 1 1 12 10 12 10 1 12 10 1 12 10 1 1 1 1 12 10 1 1 8 1 12 10 12 10 1 12 10 1 12 10 1 8 12 10 1 1 12 10 1 7 1 1 12 10 1 8 1 1 1 1 8 1 1 10 1 1 1 12 10 1 12 10 1 7 1 12 10 1 1 1 1 12 10 1 1 7 1 1 12 10 1 1 1 1 1 12 9 12 10 1 1 1 1 12 10 1 1 12 10 1 1 12 10 1 1 1 1 1 1 1 1 1 1
staticfield org/jetbrains/kotlin/name/ClassId Companion Lorg/jetbrains/kotlin/name/ClassId$Companion; org/jetbrains/kotlin/name/ClassId$Companion
ciInstanceKlass kotlin/TuplesKt 1 1 81 1 100 1 100 1 1 1 1 1 7 1 1 12 10 1 1 1 1 1 1 1 8 1 100 1 1 12 10 1 1 12 10 1 12 10 1 100 1 1 12 10 1 1 1 1 1 100 10 10 1 12 10 1 1 1 1 1 1 3 3 1 1 3 1 1 1 1 1 1 1 1 1 1 1 1 1 1 1 1 1
ciInstanceKlass kotlin/Pair 1 1 104 1 7 1 1 7 1 100 1 1 1 1 12 10 1 1 12 9 1 12 9 1 1 1 1 1 1 1 1 1 1 1 100 10 1 1 12 10 1 12 10 1 8 1 12 10 12 10 1 1 1 1 1 12 10 1 1 12 10 1 1 12 10 1 1 1 1 1 1 7 1 1 12 10 1 1 1 1 1 3 3 1 3 1 3 1 1 1 1 1 1 1 1 1 1 1 1 1 1 1 1 1 1 1
ciInstanceKlass java/lang/invoke/Invokers$Holder 1 1 135 1 100 1 100 1 1 1 1 1 1 1 7 1 7 1 7 1 1 12 10 1 1 12 10 1 1 12 10 1 1 100 1 1 12 9 1 1 1 12 10 1 1 1 12 10 1 1 12 10 1 1 12 10 1 12 10 1 12 10 1 1 1 12 10 1 1 100 1 1 12 10 1 12 10 1 1 12 10 1 12 10 1 1 12 10 1 1 12 10 1 12 10 1 1 12 10 1 1 12 10 1 12 10 1 12 10 1 12 10 12 10 12 10 12 10 1 1 12 10 1 1 12 10 1 1 12 10 1 1 12 10 1 1 1
ciInstanceKlass org/jetbrains/kotlin/load/java/structure/impl/classFiles/BinaryClassSignatureParser 1 1 385 1 7 1 7 1 1 1 3 3 1 3 1 3 1 1 1 1 1 1 1 1 1 1 1 1 1 1 1 1 1 1 1 1 1 1 1 1 1 1 1 1 1 1 1 1 1 1 1 1 1 1 1 1 100 1 7 1 100 1 7 1 1 1 12 10 1 7 1 1 12 10 12 9 1 1 1 8 1 7 1 1 12 10 8 1 7 1 1 12 11 1 7 1 1 12 10 1 7 10 1 12 11 1 12 10 1 1 12 10 1 7 1 1 12 10 1 1 1 7 10 3 1 1 12 10 1 12 10 1 1 12 10 1 8 1 12 10 1 7 10 1 7 1 7 1 12 10 1 7 11 1 7 1 7 1 1 12 10 1 8 1 7 1 12 10 1 7 1 1 1 1 1 1 1 1 1 12 10 12 10 1 7 1 1 12 10 1 8 1 7 1 16 1 1 12 10 15 1 16 1 7 1 1 12 10 15 1 1 12 18 1 12 10 1 1 12 10 10 1 7 1 1 12 10 1 12 10 15 18 1 7 1 1 12 10 1 7 1 1 12 10 1 1 1 1 1 1 1 1 12 10 1 12 9 1 7 1 12 10 1 7 12 10 1 12 9 1 12 9 1 1 12 9 1 1 1 1 12 10 12 10 1 7 1 12 10 1 1 12 11 1 7 1 1 12 11 1 7 1 1 12 10 1 7 1 12 10 1 1 1 1 1 1 1 1 1 1 8 1 7 1 7 1 12 10 1 12 10 1 7 1 12 9 1 12 10 1 12 9 1 12 9 1 12 9 1 12 9 1 12 9 1 12 9 1 12 9 1 7 1 12 10 1 1 12 10 1 1 1 12 10 1 1 1 1 1 1 1 1 1 1 1 1 1
ciInstanceKlass org/jetbrains/kotlin/load/java/structure/JavaElement 1 0 22 1 100 1 100 1 1 1 3 3 1 3 1 3 1 1 1 1 1 1 1 1
ciInstanceKlass org/jetbrains/kotlin/load/java/structure/JavaAnnotationOwner 1 0 41 1 100 1 100 1 100 1 1 1 3 3 1 3 1 3 1 1 1 1 1 1 1 1 1 1 1 1 1 1 1 1 1 1 1 1 1 1 1 1 1
ciInstanceKlass org/jetbrains/kotlin/load/java/structure/JavaNamedElement 1 0 33 1 100 1 100 1 100 1 1 1 3 3 1 3 1 3 1 1 1 1 1 1 1 1 1 1 1 1 1 1 1 1 1
ciInstanceKlass org/jetbrains/kotlin/load/java/structure/JavaModifierListOwner 1 0 35 1 100 1 100 1 100 1 1 1 3 3 1 3 1 3 1 1 1 1 1 1 1 1 1 1 1 1 1 1 1 1 1 1 1
ciInstanceKlass org/jetbrains/kotlin/cli/jvm/compiler/jarfs/ByteArrayCharSequence 1 1 103 1 7 1 7 1 7 1 1 1 3 3 1 3 1 3 1 1 1 1 1 1 1 1 1 1 1 1 1 1 1 1 1 1 1 1 1 1 1 1 1 1 8 1 7 1 1 12 10 1 12 10 12 9 12 9 12 9 1 1 12 10 1 100 1 8 1 12 10 1 12 10 1 1 1 8 1 1 1 12 10 1 100 1 7 1 12 10 1 1 12 10 1 12 10 1 1 1 1 1 1 1 1
ciInstanceKlass org/jetbrains/kotlin/descriptors/SourceElement 1 1 25 1 7 1 100 1 1 7 1 1 1 1 1 1 1 1 12 10 12 9 1 1 1 1 1
staticfield org/jetbrains/kotlin/descriptors/SourceElement NO_SOURCE Lorg/jetbrains/kotlin/descriptors/SourceElement; org/jetbrains/kotlin/descriptors/SourceElement$1
ciInstanceKlass org/jetbrains/kotlin/load/java/structure/MapBasedJavaAnnotationOwner 1 1 72 1 100 1 100 1 100 1 1 1 3 3 1 3 1 3 1 1 1 1 1 1 1 1 1 1 1 1 1 1 1 1 1 1 1 1 1 8 1 100 1 1 12 10 12 11 1 100 1 1 12 11 1 100 1 1 1 1 1 1 1 1 1 100 1 8 1 1 12 10 1 1
ciInstanceKlass org/jetbrains/kotlin/descriptors/SourceElement$1 1 1 54 1 100 1 7 1 100 1 1 1 12 10 1 1 1 1 1 8 1 1 1 1 100 1 1 12 9 1 1 12 10 1 8 8 8 1 100 1 1 12 10 1 100 1 12 10 1 1 1 1 1 1 1 1
ciInstanceKlass org/jetbrains/kotlin/load/kotlin/KotlinJvmBinaryClass 1 1 71 1 100 1 100 1 1 1 3 3 1 3 1 3 1 1 1 1 1 1 1 1 1 1 1 1 1 1 1 1 1 1 1 1 1 1 1 1 1 1 1 1 1 1 1 1 1 1 1 100 1 100 1 100 1 100 1 100 1 1 1 1 1 1 1 1 1 1 1 1 1
instanceKlass org/jetbrains/kotlin/load/kotlin/VirtualFileKotlinClass
ciInstanceKlass org/jetbrains/kotlin/load/kotlin/FileBasedKotlinClass 1 1 439 1 7 1 7 1 100 1 1 7 1 1 7 1 1 7 1 7 1 7 1 7 1 7 1 1 100 1 1 100 1 1 1 1 1 1 1 1 1 1 1 1 1 1 1 1 12 10 1 12 10 12 9 12 9 12 9 12 9 1 1 1 1 1 1 1 1 1 7 10 1 7 1 12 10 10 1 7 1 12 10 3 1 12 10 1 1 12 10 1 1 12 10 1 7 1 100 1 7 1 1 12 10 1 100 1 1 12 10 1 1 12 11 1 1 1 1 1 1 1 1 1 1 1 1 1 1 1 1 1 1 1 1 7 1 1 1 1 1 1 12 10 100 1 12 10 1 1 1 1 1 1 12 10 1 7 1 1 12 9 1 1 12 11 1 12 10 1 100 1 1 1 1 1 12 10 1 1 1 12 10 1 1 12 9 1 8 1 1 12 10 1 8 1 12 10 1 100 1 100 10 1 8 1 1 12 10 1 1 12 10 1 12 10 1 12 10 1 1 12 10 1 1 1 1 7 1 12 10 1 1 12 10 1 12 10 1 1 12 10 1 7 1 1 12 10 1 7 1 1 12 10 1 100 1 1 12 10 1 1 12 10 1 12 10 1 12 10 1 7 1 1 12 9 1 12 10 1 12 10 1 1 1 1 1 1 1 1 1 1 8 1 1 12 10 1 7 1 1 12 10 1 12 10 1 7 12 10 1 12 10 1 12 9 1 12 9 1 7 1 1 12 11 1 1 12 10 1 7 1 12 10 1 7 1 1 12 10 1 12 10 1 1 12 10 1 12 10 1 1 1 1 1 1 1 1 1 1 1 1 1 1 1 1 12 10 1 1 1 1 1 7 1 1 12 10 1 8 1 8 1 100 8 8 8 8 8 8 8 8 8 8 8 8 8 8 8 8 8 8 8 8 8 8 8 8 1 1 12 10 1 100 10 1 100 10 1 100 1 1 1 1 1 1 1 1 1 1 1 1 100 1 8 1 1 12 10 1 1
staticfield org/jetbrains/kotlin/load/kotlin/FileBasedKotlinClass $assertionsDisabled Z 1
ciInstanceKlass org/jetbrains/kotlin/load/kotlin/VirtualFileKotlinClass 1 1 212 1 7 1 7 1 1 1 3 3 1 3 1 3 1 1 1 1 1 1 1 1 1 1 1 1 1 1 1 1 1 1 1 1 1 1 1 1 1 1 1 1 1 1 1 1 1 1 1 1 1 1 1 100 1 1 7 1 1 1 1 1 1 12 10 12 9 1 1 1 1 7 1 12 10 1 8 1 7 1 1 12 10 1 1 100 1 100 1 8 1 100 1 1 12 10 1 100 1 1 12 10 1 7 1 12 11 12 10 1 100 1 1 12 10 1 100 1 7 1 12 10 1 1 1 1 1 1 1 100 1 12 10 1 8 12 9 1 100 1 1 12 10 1 1 1 1 1 12 10 1 1 12 10 1 100 1 12 10 1 100 1 1 12 10 1 100 1 12 10 1 1 12 10 1 8 1 12 10 12 10 1 1 12 9 1 12 10 1 1 1 1 12 10 1 7 1 1 12 10 1 8 1 1 1 1 1 1 1 1 1 1
staticfield org/jetbrains/kotlin/load/kotlin/VirtualFileKotlinClass Factory Lorg/jetbrains/kotlin/load/kotlin/VirtualFileKotlinClass$Factory; org/jetbrains/kotlin/load/kotlin/VirtualFileKotlinClass$Factory
staticfield org/jetbrains/kotlin/load/kotlin/VirtualFileKotlinClass LOG Lorg/jetbrains/kotlin/com/intellij/openapi/diagnostic/Logger; org/jetbrains/kotlin/com/intellij/openapi/diagnostic/DefaultLogger
instanceKlass org/jetbrains/kotlin/load/java/structure/impl/classFiles/BinaryJavaClass
instanceKlass org/jetbrains/kotlin/load/kotlin/FileBasedKotlinClass$2
instanceKlass org/jetbrains/kotlin/load/kotlin/FileBasedKotlinClass$4
instanceKlass org/jetbrains/kotlin/load/kotlin/FileBasedKotlinClass$1
ciInstanceKlass org/jetbrains/org/objectweb/asm/ClassVisitor 1 1 165 1 7 1 7 1 1 1 1 1 1 1 1 12 10 1 1 12 10 3 3 3 3 3 3 3 1 100 1 100 10 1 8 1 1 12 10 1 12 10 1 1 12 10 1 12 10 1 100 1 1 12 10 12 9 12 9 1 1 1 1 1 3 1 100 1 8 10 12 10 1 1 1 1 1 1 1 1 1 1 12 10 1 1 1 1 1 8 12 10 1 1 8 12 10 1 1 1 12 10 1 1 1 1 12 10 1 1 1 1 1 8 12 10 1 1 1 1 1 12 10 1 1 1 1 8 12 10 1 1 1 8 12 10 1 1 1 12 10 1 1 1 1 1 8 12 10 1 1 12 10 1 1 1 1 12 10 1 1 12 10 1 1 1 1
ciInstanceKlass org/jetbrains/kotlin/load/kotlin/FileBasedKotlinClass$1 1 1 124 1 7 1 7 1 1 7 1 1 12 1 7 1 1 100 1 100 1 1 1 1 1 1 1 1 1 1 12 9 12 9 12 9 12 9 1 12 10 1 1 1 1 1 1 1 1 12 10 1 100 1 7 1 1 12 10 1 7 1 1 12 10 1 1 1 1 1 1 1 1 1 1 1 1 12 10 1 1 1 1 1 1 12 10 1 1 1 1 1 1 7 12 10 1 8 1 100 1 100 8 8 8 8 8 8 1 1 12 10 1 100 1 12 10 1 1 1 1 1 1 1 1 1
ciInstanceKlass org/jetbrains/kotlin/load/kotlin/FileBasedKotlinClass$4 1 1 120 1 7 1 7 1 1 100 1 1 12 1 7 1 7 1 7 1 100 1 1 100 1 1 100 1 1 1 1 1 1 1 12 9 12 9 1 12 10 1 1 1 1 1 1 1 1 12 10 1 100 1 100 1 7 1 1 12 10 1 12 11 3 1 12 10 1 1 1 1 1 1 1 1 1 1 1 1 12 11 1 7 1 1 12 10 1 12 10 1 1 1 1 1 8 1 100 8 8 8 8 8 1 1 12 10 1 100 1 12 10 1 1 1 1 1 1 1 1 1
instanceKlass org/jetbrains/kotlin/load/kotlin/FileBasedKotlinClass$3$1
instanceKlass org/jetbrains/kotlin/load/java/structure/impl/classFiles/BinaryJavaAnnotationVisitor
instanceKlass org/jetbrains/kotlin/load/kotlin/FileBasedKotlinClass$3
ciInstanceKlass org/jetbrains/org/objectweb/asm/AnnotationVisitor 1 1 88 1 7 1 7 1 1 1 1 1 1 1 1 12 10 1 1 12 10 3 3 3 3 3 3 3 1 100 1 100 10 1 8 1 1 12 10 1 12 10 1 1 12 10 1 12 10 1 100 1 1 12 10 12 9 12 9 1 1 1 1 1 12 10 1 1 1 1 1 1 12 10 1 1 1 12 10 1 1 12 10 1 12 10 1 1 1 1
ciInstanceKlass org/jetbrains/kotlin/load/kotlin/FileBasedKotlinClass$3 1 1 136 1 7 1 7 1 1 7 1 1 12 1 7 1 7 1 100 1 1 100 1 1 100 1 1 1 1 1 1 1 12 9 12 9 1 12 10 1 1 1 1 1 1 1 1 12 10 1 7 1 1 12 10 1 100 1 7 1 1 12 10 1 1 12 11 1 12 11 1 1 1 1 1 1 1 1 12 11 3 1 12 10 1 1 1 1 1 100 1 1 12 10 1 12 11 1 12 10 1 1 1 1 12 11 1 1 12 11 1 8 1 100 8 8 8 8 8 8 1 1 12 10 1 100 1 12 10 1 1 1 1 1 1 1 1 1
ciInstanceKlass org/jetbrains/kotlin/load/kotlin/FileBasedKotlinClass$InnerClassesInfo 1 1 83 1 7 1 7 1 1 7 1 100 1 1 1 100 1 1 1 1 1 12 10 12 9 1 1 1 1 1 1 1 1 12 10 1 7 10 1 12 10 1 7 1 1 12 11 1 1 1 1 1 1 1 12 11 1 8 8 8 1 100 1 100 8 8 1 1 12 10 1 100 1 12 10 1 1 1 1 1 1 1 1 1 1
ciInstanceKlass org/jetbrains/kotlin/load/kotlin/KotlinJvmBinaryClass$AnnotationVisitor 1 0 42 1 100 1 100 1 1 1 3 3 1 3 1 3 1 1 1 1 1 1 1 1 1 1 1 1 1 1 100 1 100 1 1 1 1 1 1 1 1 1 1 1
ciInstanceKlass org/jetbrains/kotlin/load/kotlin/header/ReadKotlinClassHeaderAnnotationVisitor 1 1 261 1 7 1 7 1 100 1 1 100 1 100 1 1 100 1 1 100 1 1 7 1 1 7 1 7 1 1 100 1 100 1 1 1 1 1 1 1 1 1 1 1 1 1 1 1 1 1 1 1 1 1 1 1 12 10 12 9 12 9 12 9 12 9 12 9 12 9 12 9 12 9 12 9 1 1 1 1 1 1 7 1 1 12 9 1 1 12 10 100 1 12 10 1 1 12 10 1 1 12 10 1 100 1 1 12 10 1 100 1 12 10 1 1 1 1 12 9 1 12 9 1 12 9 1 1 1 1 1 12 10 1 7 1 1 12 10 1 7 1 1 12 9 1 7 1 1 12 10 1 12 10 1 12 9 10 12 9 12 9 1 7 1 1 12 11 10 1 1 1 1 1 1 1 1 1 1 1 1 1 1 1 1 1 1 1 1 1 1 1 1 100 1 8 1 8 1 7 1 1 12 10 1 7 10 1 7 10 1 8 1 12 10 1 1 12 10 1 1 12 11 1 8 1 8 1 12 9 1 8 1 8 1 12 9 1 1 1 8 1 100 8 8 8 8 1 1 12 10 1 100 10 1 1 1 1 1 1 1 1 1
staticfield org/jetbrains/kotlin/load/kotlin/header/ReadKotlinClassHeaderAnnotationVisitor HEADER_KINDS Ljava/util/Map; java/util/HashMap
ciInstanceKlass org/jetbrains/kotlin/load/kotlin/KotlinJvmBinaryClass$AnnotationArgumentVisitor 1 0 54 1 100 1 100 1 1 1 3 3 1 3 1 3 1 1 1 1 1 1 1 1 1 1 1 1 1 1 1 1 1 1 1 1 1 1 100 1 1 100 1 1 1 1 1 1 1 1 1 1 1 1 1 1
ciInstanceKlass org/jetbrains/org/objectweb/asm/ClassReader 1 1 981 1 7 1 7 1 1 1 3 1 3 1 3 1 1 1 1 1 1 1 1 1 1 1 1 1 1 1 1 1 1 12 10 1 1 1 1 12 10 1 1 1 12 10 12 9 12 9 1 1 12 10 1 1 12 10 12 9 1 7 12 9 1 100 10 12 9 12 9 1 100 12 9 1 1 12 10 12 9 1 1 1 1 1 1 1 1 1 1 1 1 1 1 1 12 10 1 1 1 1 7 1 12 10 1 1 1 1 7 10 1 1 12 9 12 9 1 1 12 9 1 12 10 1 12 10 1 12 10 1 8 1 1 12 10 1 8 1 8 1 8 1 8 1 8 1 8 1 8 1 8 1 8 3 1 8 1 8 1 1 12 10 1 8 1 8 1 8 3 1 8 1 8 1 8 1 8 1 1 12 10 1 1 12 9 1 7 1 1 12 10 1 1 12 10 1 1 12 10 1 1 12 10 1 1 12 10 1 1 12 10 1 1 12 10 1 1 12 10 1 12 9 1 1 12 9 1 1 12 10 1 1 12 10 1 12 10 1 12 10 1 1 12 10 1 1 12 10 1 12 10 1 12 10 1 12 10 1 1 1 1 1 1 1 1 1 1 1 1 1 1 1 1 1 1 1 1 1 1 1 1 1 1 1 1 1 1 1 1 1 1 1 1 1 1 1 1 1 1 1 1 1 1 1 12 10 1 1 12 10 1 100 1 12 10 1 12 10 1 12 10 1 1 12 10 1 1 12 10 1 12 10 1 12 10 1 1 12 10 10 1 1 1 1 1 1 1 1 1 1 1 1 1 1 1 1 1 1 1 1 1 1 1 1 1 1 1 1 1 12 10 1 100 10 10 10 10 1 1 1 1 1 1 8 1 1 12 10 1 1 12 10 1 7 10 10 10 10 1 1 1 1 1 1 1 12 9 1 12 9 1 12 9 1 8 1 8 1 8 1 8 1 8 1 8 12 10 1 1 12 10 1 7 1 1 12 10 1 1 12 10 1 12 10 1 7 1 1 12 10 1 1 12 10 1 1 12 10 1 7 10 10 10 1 1 12 10 10 1 12 10 1 1 12 10 1 12 10 10 1 1 1 1 1 1 1 1 1 1 1 1 1 1 1 1 1 1 1 1 7 1 1 12 9 1 8 1 1 12 10 1 8 1 1 12 10 1 1 1 1 1 1 1 1 1 1 1 1 1 1 12 10 1 1 12 10 1 8 1 1 12 10 1 1 12 10 1 8 1 8 1 12 9 1 12 9 1 12 9 1 12 9 1 1 12 9 1 12 9 1 12 9 1 1 12 10 1 1 12 10 1 1 12 10 1 12 10 1 12 10 1 1 12 10 1 12 10 1 12 10 1 1 12 10 1 12 10 1 1 12 10 1 1 12 10 1 12 10 1 1 12 10 1 1 12 10 1 1 12 10 1 100 1 1 12 10 1 1 12 10 1 12 10 1 100 10 1 12 10 1 1 12 10 1 12 9 1 12 9 1 12 9 1 1 12 10 1 12 10 1 1 1 1 1 1 1 1 1 1 1 1 1 1 1 1 1 1 1 1 1 1 1 1 1 1 1 1 1 1 1 1 1 1 1 1 1 1 1 1 1 1 1 1 1 1 1 1 1 1 1 1 10 12 10 1 1 12 9 1 1 12 9 1 12 10 1 100 1 12 10 1 12 10 1 1 1 1 1 1 1 1 1 3 3 3 1 1 12 10 1 1 12 10 1 1 1 1 1 1 1 100 1 1 12 10 1 12 10 1 100 1 12 10 1 100 1 12 10 1 7 1 1 12 9 1 12 9 1 12 10 1 7 1 1 12 10 1 12 10 1 1 12 10 1 1 12 10 1 100 1 1 12 10 1 100 1 1 12 10 1 1 1 1 1 1 1 1 1 1 1 1 1 1 1 8 1 100 1 1 12 9 1 1 12 10 1 12 9 1 12 9 1 12 9 1 12 9 1 1 12 10 1 1 1 1 1 1 1 12 10 1 1 1 1 1 1 1 1 1 1 12 9 1 12 9 1 1 1 1 1 1 12 9 1 1 12 10 12 10 1 1 1 1 1 1 5 0 1 1 1 1 1 1 1 12 10 1 1 1 1 1 1 12 10 1 7 1 1 12 9 1 12 10 1 12 10 1 1 12 10 1 1 1 7 1 12 10 1 12 10 1 7 1 12 10 1 12 10 1 12 10 1 12 10 12 10 12 10 1 1 1
staticfield org/jetbrains/org/objectweb/asm/ClassReader INVALID_LABEL Lorg/jetbrains/org/objectweb/asm/Label; org/jetbrains/org/objectweb/asm/Label
ciInstanceKlass org/jetbrains/org/objectweb/asm/Label 1 1 187 1 7 1 7 1 1 1 1 1 1 1 1 1 1 1 1 1 1 1 1 1 1 1 1 1 1 1 1 1 12 10 1 1 1 12 9 1 100 1 12 9 1 1 12 9 12 9 12 9 1 100 1 1 12 10 1 1 1 1 1 100 1 1 12 10 3 1 1 12 10 1 1 1 1 1 1 1 3 1 100 1 12 9 1 1 12 10 1 1 12 10 3 1 12 10 12 9 1 1 1 1 1 3 1 12 9 1 1 1 1 1 1 3 3 1 1 12 9 1 1 1 1 1 1 1 12 9 12 9 12 9 1 1 12 10 1 1 1 1 100 12 9 12 9 1 12 9 1 12 10 1 1 1 1 12 9 1 1 1 1 1 1 1 100 10 1 8 1 1 12 10 1 1 12 10 1 12 10 12 10 1 10 1 1 1 1
staticfield org/jetbrains/org/objectweb/asm/Label EMPTY_LIST Lorg/jetbrains/org/objectweb/asm/Label; org/jetbrains/org/objectweb/asm/Label
ciInstanceKlass org/jetbrains/org/objectweb/asm/Attribute 0 0 132 1 100 1 100 1 1 100 1 1 1 1 1 1 1 1 1 1 12 10 12 9 1 1 1 1 1 12 10 12 9 1 100 1 12 9 1 100 1 1 12 10 1 1 1 1 1 1 1 1 1 1 1 1 1 1 100 1 12 10 1 1 1 1 1 1 1 1 12 9 1 1 1 1 12 10 1 1 1 100 12 9 1 1 12 10 12 10 12 9 1 1 1 12 10 1 8 1 8 3 1 8 1 1 1 1 1 12 10 1 1 1 1 12 10 1 12 10 1 12 9 1 1 12 10 1 1 1 1 1 1 1
ciInstanceKlass org/jetbrains/org/objectweb/asm/Context 1 1 43 1 100 1 7 1 1 1 1 1 1 1 1 1 1 1 1 1 1 1 1 1 1 1 1 1 1 1 1 1 1 1 1 1 1 12 10 1 1 1 1 1 1
ciInstanceKlass org/jetbrains/kotlin/load/java/structure/impl/classFiles/ClassifierResolutionContext 1 1 420 1 7 1 7 1 1 1 3 3 1 3 1 3 1 1 1 1 1 1 1 1 1 1 1 1 1 1 1 1 1 1 1 1 1 1 1 1 1 1 1 1 1 1 1 1 1 1 1 1 1 1 1 1 1 1 1 1 1 1 1 1 1 7 1 7 1 7 1 7 1 1 1 1 1 1 1 1 1 12 10 12 9 12 9 12 9 1 1 8 1 7 1 1 12 10 1 7 1 1 12 10 1 8 1 12 10 1 7 12 10 1 8 8 8 1 12 10 1 1 12 11 1 8 1 1 1 8 1 7 1 1 12 11 1 7 1 1 12 11 1 7 1 12 11 1 1 12 11 1 7 1 1 12 11 1 7 1 1 12 10 1 1 1 1 1 1 1 1 1 1 1 1 1 1 7 1 1 12 11 1 7 1 1 12 10 1 7 1 12 10 1 12 10 1 8 1 7 1 1 12 10 1 1 8 1 7 1 7 1 1 12 10 1 12 10 1 1 12 10 1 12 10 12 10 1 1 12 10 1 8 1 1 12 10 1 7 1 12 9 1 1 12 10 1 12 10 1 1 12 10 1 1 1 1 7 10 1 1 12 11 1 1 12 10 10 1 7 1 1 12 10 1 1 12 10 10 1 7 1 1 12 10 1 1 12 10 1 12 10 1 1 12 10 1 7 1 1 12 10 1 12 10 1 7 1 12 10 1 12 10 1 12 10 1 1 12 10 1 1 12 10 1 8 11 1 7 1 1 12 11 1 12 10 1 7 10 1 12 10 10 1 1 12 10 1 12 10 1 12 11 1 1 12 11 1 8 1 1 12 10 1 12 10 1 12 10 1 1 1 1 1 1 1 1 1 1 1 1 1 1 1 1 1 1 1 1 1 12 10 1 1 12 10 12 10 1 100 1 12 10 1 1 12 10 1 1 1 1 1 1 1 1 1 1 1 1 1 1 1
ciInstanceKlass org/jetbrains/kotlin/load/java/structure/MutableJavaAnnotationOwner 1 0 33 1 100 1 100 1 100 1 1 1 3 3 1 3 1 3 1 1 1 1 1 1 1 1 1 1 1 1 1 1 1 1 1
ciInstanceKlass org/jetbrains/kotlin/load/java/structure/impl/classFiles/BinaryJavaModifierListOwner 1 1 115 1 7 1 100 1 100 1 100 1 1 1 3 3 1 3 1 3 1 1 1 1 1 1 1 1 1 1 1 1 1 1 1 1 1 1 1 1 1 1 1 7 1 100 1 1 7 1 1 7 1 100 1 1 7 1 1 7 1 1 12 11 1 7 1 12 10 1 1 12 11 1 1 1 12 9 1 7 12 11 1 12 9 1 12 9 1 12 9 1 12 9 3 1 1 1 1 1 1 1 1 1 100 1 8 1 1 12 10 1 1 1 8 1 1
ciInstanceKlass org/jetbrains/kotlin/load/java/structure/impl/classFiles/BinaryJavaClass 1 1 775 1 7 1 7 1 7 1 100 1 100 1 1 1 3 3 1 3 1 3 1 1 1 1 1 1 1 1 1 1 1 1 1 1 1 1 1 1 1 1 1 1 1 1 1 1 1 1 1 1 1 1 1 1 1 1 1 1 1 1 1 1 1 1 1 1 1 1 1 1 1 1 1 1 1 1 1 1 1 1 1 1 1 1 1 1 1 1 1 1 1 1 1 1 1 1 1 1 1 1 1 1 1 1 1 1 1 1 1 1 1 1 1 1 1 1 1 1 1 1 1 1 1 1 1 1 1 1 1 1 1 1 1 1 1 1 1 1 1 1 1 1 1 1 1 1 1 1 1 1 1 1 1 1 1 1 1 1 1 1 1 1 1 1 7 1 7 1 1 7 1 1 7 1 7 1 100 1 7 1 1 1 1 1 1 1 1 1 1 1 1 1 1 1 1 1 1 1 7 8 1 7 1 1 12 10 8 8 8 3 12 10 12 9 12 9 12 9 12 9 12 9 12 9 1 7 1 12 10 1 7 12 9 1 7 10 12 9 12 9 12 9 12 9 1 7 1 7 1 1 12 10 12 9 1 7 10 1 7 12 9 12 9 1 7 1 12 10 1 7 1 1 12 10 1 8 1 12 10 1 100 1 12 10 1 1 12 10 1 100 1 1 12 10 1 100 1 7 10 1 8 1 1 12 10 1 12 10 1 1 12 10 1 12 10 1 1 1 1 12 10 1 1 1 12 9 1 7 8 1 1 12 10 1 8 1 12 9 8 1 1 1 1 1 12 10 1 7 1 1 12 10 1 7 1 100 1 1 12 10 1 1 100 1 1 12 11 1 1 12 11 12 10 1 7 1 12 10 1 1 12 10 3 1 12 11 1 1 1 12 10 1 8 1 1 100 10 1 12 10 1 100 1 100 1 12 10 12 10 1 1 12 10 12 10 1 1 12 11 1 100 1 1 12 10 12 10 1 12 10 1 12 9 1 1 12 10 1 1 12 10 1 1 1 1 1 12 10 1 12 10 12 10 12 10 8 8 1 7 1 12 10 1 8 1 1 12 10 12 10 1 8 1 8 1 100 1 1 12 10 1 8 1 8 1 12 9 1 7 1 12 10 1 1 12 10 1 7 1 12 10 1 7 1 12 10 1 7 1 7 1 1 12 10 1 7 1 8 1 100 1 1 12 10 10 12 10 1 1 1 1 1 1 12 10 1 1 12 10 12 9 8 1 1 12 10 1 7 1 12 10 1 7 1 12 10 1 1 12 11 12 10 12 10 12 10 100 1 12 10 12 10 1 12 10 1 7 1 1 12 10 12 10 1 1 1 1 1 1 1 1 1 1 7 10 1 7 1 7 1 1 12 10 1 1 12 10 1 1 12 10 1 1 12 10 3 1 1 1 1 1 1 7 16 1 1 12 10 15 1 16 1 7 1 1 12 10 15 1 1 12 18 1 12 10 1 1 1 1 12 10 1 12 10 1 7 1 7 1 1 12 10 1 8 1 12 10 1 7 1 12 10 1 7 1 1 1 1 1 8 12 10 1 100 1 12 10 1 1 7 1 1 12 11 1 7 1 1 12 9 1 12 10 1 7 1 12 10 1 100 1 12 10 1 100 1 12 10 1 1 1 12 10 1 1 12 10 1 12 11 10 1 12 10 1 12 10 1 12 10 1 1 12 10 1 1 12 10 1 1 1 12 10 1 1 1 1 12 10 1 1 12 10 1 1 1 1 1 1 1 1 1 1 1 1
ciInstanceKlass org/jetbrains/kotlin/load/java/structure/JavaType 1 0 38 1 100 1 100 1 100 1 1 1 3 3 1 3 1 3 1 1 1 1 1 1 1 1 1 100 1 8 1 1 12 10 1 1 1 8 1 1
ciInstanceKlass org/jetbrains/kotlin/load/java/structure/JavaClassifierType 1 0 58 1 100 1 100 1 100 1 1 1 3 3 1 3 1 3 1 1 1 1 1 1 1 1 1 1 1 1 1 1 1 1 1 1 1 1 1 1 1 1 1 1 1 1 1 100 1 8 1 1 12 10 1 1 1 8 1 1
ciInstanceKlass org/jetbrains/kotlin/load/java/structure/impl/classFiles/PlainJavaClassifierType 1 1 135 1 7 1 7 1 100 1 1 1 3 3 1 3 1 3 1 1 1 1 1 1 1 1 1 1 1 1 1 1 1 1 1 1 1 1 1 1 1 1 1 1 1 1 1 1 1 1 1 1 7 1 100 1 1 1 1 1 8 1 7 1 1 12 10 8 1 12 10 12 9 1 7 1 1 12 9 1 7 1 1 12 10 12 9 1 1 1 1 7 1 1 12 11 1 12 10 12 10 12 10 1 7 1 12 11 1 7 1 12 11 1 12 11 1 1 12 11 1 1 1 12 10 12 10 1 1 1 1 1 1 1 1 1 1
ciInstanceKlass org/jetbrains/kotlin/load/java/structure/JavaMember 1 0 36 1 100 1 100 1 100 1 100 1 100 1 1 1 3 3 1 3 1 3 1 1 1 1 1 1 1 1 1 1 1 1 1 1 1 1
instanceKlass org/jetbrains/kotlin/load/java/structure/impl/classFiles/BinaryJavaMethod
instanceKlass org/jetbrains/kotlin/load/java/structure/impl/classFiles/BinaryJavaConstructor
ciInstanceKlass org/jetbrains/kotlin/load/java/structure/impl/classFiles/BinaryJavaMethodBase 1 1 141 1 7 1 7 1 100 1 100 1 100 1 1 1 3 3 1 3 1 3 1 1 1 1 1 1 1 1 1 1 1 1 1 1 1 1 1 1 1 1 1 1 1 1 1 1 1 1 1 1 1 1 1 1 1 1 1 1 1 1 1 1 1 7 1 1 1 1 1 1 1 1 1 8 1 7 1 1 12 10 8 8 8 1 12 10 12 9 12 9 12 9 12 9 12 9 1 7 10 1 7 12 9 1 7 1 7 1 1 12 10 12 9 1 1 1 1 1 1 100 1 1 12 11 1 100 1 1 12 10 12 9 1 1 1 1 1 1 1 1 1
staticfield org/jetbrains/kotlin/load/java/structure/impl/classFiles/BinaryJavaMethodBase Companion Lorg/jetbrains/kotlin/load/java/structure/impl/classFiles/BinaryJavaMethodBase$Companion; org/jetbrains/kotlin/load/java/structure/impl/classFiles/BinaryJavaMethodBase$Companion
ciInstanceKlass org/jetbrains/org/objectweb/asm/Type 1 1 359 1 7 1 7 1 1 1 3 1 3 1 3 1 3 1 3 1 3 1 3 1 3 1 3 1 3 1 3 1 3 1 1 1 1 1 1 1 1 1 1 1 1 1 1 1 1 1 1 12 10 12 9 12 9 12 9 12 9 1 1 1 1 7 1 1 12 10 1 1 12 10 1 1 1 1 100 1 1 12 10 1 100 1 1 12 9 12 9 1 100 9 12 9 1 100 9 12 9 1 100 9 12 9 1 100 9 12 9 1 100 9 12 9 1 100 9 12 9 1 100 9 12 9 1 100 9 12 9 1 100 10 1 1 12 10 12 10 1 1 1 1 1 1 12 10 1 1 1 1 1 1 12 10 1 1 1 1 1 12 10 1 1 1 1 12 10 12 10 1 1 1 1 1 12 10 1 1 1 1 1 1 12 10 1 12 10 1 1 12 10 1 1 12 10 1 7 1 12 10 1 1 1 1 1 1 1 100 1 1 12 10 12 10 1 1 1 1 1 1 12 10 1 12 10 1 12 10 1 100 1 100 10 1 8 1 1 12 10 1 12 10 1 12 10 1 1 1 1 1 8 1 8 1 8 1 8 1 8 1 8 1 8 1 8 1 8 12 10 12 10 10 1 8 1 1 12 10 1 1 12 10 1 1 1 1 1 12 10 1 12 10 1 1 12 10 1 1 100 10 1 8 1 1 1 12 10 1 1 12 10 1 1 12 10 1 12 10 12 10 1 1 1 1 1 1 1 12 10 1 1 1 1 1 1 100 10 1 1 1 1 1 1 1 1 1 1 1 1 1 1 8 1 1 1 1 1 1 1
staticfield org/jetbrains/org/objectweb/asm/Type VOID_TYPE Lorg/jetbrains/org/objectweb/asm/Type; org/jetbrains/org/objectweb/asm/Type
staticfield org/jetbrains/org/objectweb/asm/Type BOOLEAN_TYPE Lorg/jetbrains/org/objectweb/asm/Type; org/jetbrains/org/objectweb/asm/Type
staticfield org/jetbrains/org/objectweb/asm/Type CHAR_TYPE Lorg/jetbrains/org/objectweb/asm/Type; org/jetbrains/org/objectweb/asm/Type
staticfield org/jetbrains/org/objectweb/asm/Type BYTE_TYPE Lorg/jetbrains/org/objectweb/asm/Type; org/jetbrains/org/objectweb/asm/Type
staticfield org/jetbrains/org/objectweb/asm/Type SHORT_TYPE Lorg/jetbrains/org/objectweb/asm/Type; org/jetbrains/org/objectweb/asm/Type
staticfield org/jetbrains/org/objectweb/asm/Type INT_TYPE Lorg/jetbrains/org/objectweb/asm/Type; org/jetbrains/org/objectweb/asm/Type
staticfield org/jetbrains/org/objectweb/asm/Type FLOAT_TYPE Lorg/jetbrains/org/objectweb/asm/Type; org/jetbrains/org/objectweb/asm/Type
staticfield org/jetbrains/org/objectweb/asm/Type LONG_TYPE Lorg/jetbrains/org/objectweb/asm/Type; org/jetbrains/org/objectweb/asm/Type
staticfield org/jetbrains/org/objectweb/asm/Type DOUBLE_TYPE Lorg/jetbrains/org/objectweb/asm/Type; org/jetbrains/org/objectweb/asm/Type
ciInstanceKlass org/jetbrains/kotlin/load/java/structure/impl/classFiles/BinaryJavaConstructor 1 1 63 1 100 1 7 1 100 1 1 1 3 3 1 3 1 3 1 1 1 1 1 1 1 1 1 1 1 1 1 1 1 1 1 1 1 8 1 7 1 1 12 10 8 8 1 7 1 1 12 9 1 12 10 1 1 1 1 1 1 1 1 1 1
instanceKlass org/jetbrains/kotlin/load/kotlin/FileBasedKotlinClass$4$2
instanceKlass org/jetbrains/org/objectweb/asm/MethodWriter
instanceKlass org/jetbrains/kotlin/load/java/structure/impl/classFiles/AnnotationsAndParameterCollectorMethodVisitor
ciInstanceKlass org/jetbrains/org/objectweb/asm/MethodVisitor 1 1 252 1 7 1 7 1 1 1 1 8 1 1 1 1 1 1 1 12 10 1 1 12 10 3 3 3 3 3 3 3 1 100 1 100 10 1 8 1 1 12 10 1 12 10 1 1 12 10 1 12 10 1 100 1 1 12 10 12 9 12 9 1 1 1 1 1 1 100 10 12 10 1 1 1 1 12 10 1 1 12 10 1 1 1 1 1 12 10 1 1 1 1 1 12 10 1 1 1 12 10 1 1 1 12 10 1 1 1 12 10 1 1 12 10 1 1 1 1 1 1 1 12 10 1 1 1 12 10 1 1 12 10 1 1 1 12 10 1 1 12 10 1 1 1 1 12 10 1 1 8 12 10 1 1 1 12 10 1 1 1 1 1 12 10 1 1 1 1 12 10 1 1 100 1 100 1 1 12 10 1 100 1 8 12 10 1 1 1 12 10 1 1 1 12 10 1 1 1 1 1 1 1 12 10 1 1 1 12 10 1 1 12 10 1 1 12 10 1 1 1 1 12 10 1 1 12 10 1 1 1 1 12 10 1 12 10 1 1 12 10 1 1 1 12 10 1 1 1 1 1 1 1
ciInstanceKlass org/jetbrains/kotlin/load/java/structure/impl/classFiles/AnnotationsAndParameterCollectorMethodVisitor 1 1 360 1 7 1 7 1 1 1 3 3 1 3 1 3 1 1 1 1 1 1 1 1 1 1 1 1 1 1 1 1 1 1 1 1 1 1 1 1 1 1 1 1 1 1 1 1 1 1 1 1 1 1 1 1 1 7 1 7 1 1 1 1 1 8 1 7 1 1 12 10 8 8 3 1 12 10 12 9 12 9 12 9 12 9 12 9 12 9 12 9 1 7 1 1 12 10 1 7 1 1 12 10 12 9 1 1 1 1 7 1 16 1 1 12 10 15 1 16 1 7 1 1 12 10 15 1 1 12 18 1 12 10 1 7 1 1 12 9 1 7 1 1 12 10 1 100 1 1 12 10 1 7 1 100 1 100 1 12 10 1 8 1 1 12 10 1 12 10 1 12 10 1 8 1 8 1 8 1 1 12 10 1 100 1 1 12 11 1 12 10 1 1 12 10 1 1 12 10 1 100 10 1 12 10 1 100 1 100 1 1 12 10 1 8 1 12 10 1 1 12 10 1 1 1 1 8 1 12 9 1 7 1 1 12 10 1 1 1 1 7 1 1 12 11 1 1 8 1 7 10 1 1 12 10 1 100 1 7 1 1 12 10 1 7 1 100 1 1 12 10 1 12 10 1 12 10 1 7 1 12 10 1 7 1 1 12 10 1 12 10 1 12 10 1 1 12 10 1 7 1 1 12 10 1 12 10 1 1 12 10 1 1 12 10 1 1 1 1 1 1 8 1 100 1 1 12 10 1 7 1 1 12 9 1 1 1 1 1 12 10 1 7 1 1 12 11 1 1 1 1 1 1 1 1 1 1 1 1 1 1
ciInstanceKlass org/jetbrains/org/objectweb/asm/MethodWriter 0 0 797 1 100 1 100 1 1 100 1 100 1 1 1 1 1 1 1 1 1 1 1 1 1 1 1 1 1 1 1 1 1 1 1 1 1 1 1 1 1 1 1 1 1 1 1 1 1 1 1 1 1 1 1 1 1 1 1 1 1 1 1 1 1 1 1 1 1 1 1 1 1 1 1 1 1 1 1 3 1 12 10 1 100 1 12 10 12 9 12 9 8 1 100 1 1 12 10 3 12 9 1 100 1 1 12 10 12 9 12 9 12 9 12 9 12 9 12 9 12 9 1 1 12 10 1 100 1 12 9 12 9 1 100 1 12 10 12 9 12 9 1 100 10 12 9 1 1 12 10 1 1 1 1 1 1 1 1 1 1 12 9 12 9 1 1 12 9 12 9 1 1 12 10 1 1 12 9 1 100 1 12 10 1 1 12 9 1 1 12 10 12 9 1 1 1 12 9 1 12 10 12 9 1 1 1 1 1 12 9 12 9 1 1 1 12 9 1 12 10 12 9 1 1 1 1 1 12 10 12 9 1 12 9 12 9 1 1 1 1 12 9 1 1 12 9 1 100 12 10 1 100 1 1 12 10 1 1 12 10 1 1 12 10 12 9 10 1 12 9 1 1 12 10 12 9 1 1 12 10 1 12 10 1 1 12 10 1 100 1 8 1 12 10 12 9 12 9 1 100 10 1 12 10 1 1 12 10 10 12 9 1 100 1 1 12 9 1 12 9 12 9 12 9 1 100 1 1 12 10 1 1 1 1 1 1 1 1 1 1 12 9 1 1 12 10 12 9 1 12 10 1 1 1 1 1 1 12 10 1 12 10 1 1 1 1 12 9 1 12 9 12 9 1 1 1 1 1 1 1 1 1 1 1 12 10 1 1 12 10 1 1 1 1 1 1 1 1 12 10 12 10 1 1 1 1 1 1 1 1 12 10 1 1 1 1 1 1 1 12 9 1 1 12 10 1 1 12 10 1 12 10 12 9 1 1 1 1 1 1 12 9 1 1 12 10 12 9 12 9 12 9 1 12 9 1 1 1 12 10 1 12 9 1 12 9 1 1 1 1 1 1 1 1 1 1 1 12 10 1 12 10 1 1 12 10 1 1 1 1 1 1 1 1 1 1 1 3 12 9 12 9 1 1 1 100 1 12 10 12 9 1 12 9 1 1 1 1 1 1 1 12 9 12 9 12 9 12 9 1 1 1 100 1 12 10 1 1 12 9 12 9 1 1 1 12 10 1 12 10 1 12 9 1 8 1 1 12 10 1 12 9 1 12 9 1 12 9 1 100 1 1 12 9 1 12 10 1 12 9 1 12 9 1 12 10 1 12 9 1 12 9 1 1 12 10 1 12 9 1 1 12 10 1 1 1 1 1 1 1 1 1 1 1 1 1 1 3 1 1 12 10 1 12 9 1 12 10 1 12 9 1 1 1 1 1 1 1 1 1 1 1 12 10 1 12 10 1 1 1 1 12 10 1 100 1 12 10 1 12 10 1 1 1 1 12 10 3 1 100 1 1 12 10 1 1 1 1 1 1 1 1 12 9 12 9 1 1 1 3 1 100 1 1 12 10 1 12 10 1 8 1 1 12 10 1 8 1 8 1 8 1 8 1 8 1 8 1 12 10 1 8 1 1 12 10 1 8 1 12 10 1 12 10 1 8 1 1 12 10 1 8 1 8 1 8 1 12 10 1 1 1 12 9 1 12 10 1 1 12 10 1 1 12 10 1 1 12 10 1 12 10 1 12 10 1 1 12 10 1 12 10 1 1 1 1 1 1 1 1 1 12 10 1 1 1 1 1
ciInstanceKlass org/jetbrains/kotlin/load/java/structure/impl/classFiles/BinaryJavaValueParameter 1 1 155 1 7 1 7 1 100 1 100 1 100 1 1 1 3 3 1 3 1 3 1 1 1 1 1 1 1 1 1 1 1 1 1 1 1 1 1 1 1 1 1 1 1 1 1 1 1 1 1 1 1 1 1 1 1 1 1 1 1 1 1 1 1 1 1 8 1 7 1 1 12 10 1 12 10 12 9 12 9 1 7 10 1 7 12 9 1 7 1 7 1 1 12 10 12 9 1 1 1 1 100 1 1 12 11 1 100 12 9 1 8 12 10 1 100 1 12 9 1 100 10 1 8 1 1 12 10 1 12 10 1 8 1 1 12 10 1 100 1 12 10 12 10 1 1 1 1 1 1 1 1 1 1 1 1
ciInstanceKlass org/jetbrains/kotlin/load/java/structure/impl/classFiles/BinaryJavaAnnotation 1 1 189 1 7 1 7 1 100 1 1 1 3 3 1 3 1 3 1 1 1 1 1 1 1 1 1 1 1 1 1 1 1 1 1 1 1 1 1 1 1 1 1 1 1 1 1 1 1 1 7 1 7 1 7 1 1 100 1 100 1 1 1 1 1 1 1 12 10 12 9 12 9 12 9 1 7 1 1 12 9 1 16 1 1 12 10 15 16 1 7 1 1 12 10 15 1 1 12 18 1 7 1 1 12 10 12 9 1 1 1 1 7 1 12 11 12 10 1 1 12 10 1 7 1 7 1 12 10 1 12 9 1 100 1 1 12 10 1 12 10 1 1 12 10 1 1 1 7 1 1 12 10 1 12 10 1 8 1 7 1 1 12 10 1 1 12 10 1 1 1 12 10 1 1 1 1 12 10 12 9 1 1 1 1 1 1 1 1 1 1
staticfield org/jetbrains/kotlin/load/java/structure/impl/classFiles/BinaryJavaAnnotation Companion Lorg/jetbrains/kotlin/load/java/structure/impl/classFiles/BinaryJavaAnnotation$Companion; org/jetbrains/kotlin/load/java/structure/impl/classFiles/BinaryJavaAnnotation$Companion
ciInstanceKlass org/jetbrains/kotlin/load/java/structure/impl/classFiles/BinaryJavaAnnotation$Companion 1 1 291 1 7 1 7 1 1 1 3 3 1 3 1 3 1 1 1 1 1 1 1 1 1 1 1 1 1 1 1 1 1 1 1 1 1 1 1 1 1 1 1 1 1 1 1 1 1 1 1 1 1 1 1 1 1 7 1 12 10 1 1 1 1 8 1 7 1 1 12 10 8 8 1 7 10 1 7 1 7 1 12 10 1 7 1 12 10 1 7 1 1 12 10 1 1 1 1 1 1 1 1 12 10 1 8 1 7 1 1 12 10 1 7 1 12 10 1 7 1 7 1 1 12 11 1 1 12 11 1 1 1 1 12 10 1 1 1 100 1 1 12 10 1 100 1 1 12 10 1 1 12 10 1 100 1 1 12 10 11 1 12 10 1 1 12 10 1 1 1 1 1 1 1 8 8 12 10 1 100 1 1 12 11 1 100 1 100 1 1 12 11 1 12 11 1 100 1 12 10 1 100 1 8 1 100 1 1 12 10 1 12 10 1 12 11 1 1 12 10 1 100 1 1 12 11 1 100 1 12 11 1 1 1 1 1 1 1 1 1 1 1 1 1 8 8 1 100 1 12 10 1 1 12 11 1 100 1 100 1 8 1 12 10 1 12 10 1 12 10 1 1 12 10 1 1 1 1 10 1 1 1 1 1 1 1 1 1 1 1 1 1
ciInstanceKlass org/jetbrains/kotlin/load/java/structure/impl/classFiles/BinaryJavaAnnotationVisitor 1 1 325 1 7 1 7 1 1 1 3 3 1 3 1 3 1 1 1 1 1 1 1 1 1 1 1 1 1 1 1 1 1 1 1 1 1 1 1 1 1 1 1 1 1 1 1 7 1 7 1 1 1 1 1 8 1 7 1 1 12 10 8 8 3 1 12 10 12 9 12 9 12 9 1 1 8 1 16 1 1 12 10 15 1 16 1 7 1 1 12 10 15 1 1 12 18 12 10 1 1 1 7 12 11 1 1 8 1 12 9 1 1 12 10 1 7 1 1 12 10 1 7 1 12 10 1 7 1 12 10 1 1 1 1 1 8 1 7 1 1 12 10 1 1 12 10 1 1 12 10 1 7 1 1 12 10 1 7 1 12 10 1 7 1 8 1 7 1 1 12 10 1 12 10 1 7 1 7 1 12 10 1 7 12 10 1 1 1 1 1 12 10 1 1 7 1 7 1 7 1 7 1 7 1 7 1 7 1 7 1 7 1 7 12 10 1 100 1 12 10 1 1 12 10 1 7 1 1 12 10 1 7 1 1 12 10 1 7 1 1 12 10 1 7 1 7 1 12 10 1 7 1 1 12 11 1 7 1 12 11 1 7 1 1 12 10 1 1 12 10 1 1 12 11 1 7 1 7 1 12 10 1 1 1 1 1 1 1 1 1 1 1 1 1 1 1 1 1 1 1 1 1 1 12 10 1 8 1 7 1 1 12 9 1 1 1 1 1 1 1 1 1 1 1 1 1
ciInstanceKlass org/jetbrains/kotlin/load/java/structure/impl/classFiles/BinaryJavaMethod 1 1 109 1 7 1 7 1 100 1 1 1 3 3 1 3 1 3 1 1 1 1 1 1 1 1 1 1 1 1 1 1 1 1 1 1 1 1 1 1 1 1 1 1 1 1 1 1 1 1 1 8 1 7 1 1 12 10 8 8 8 8 1 12 10 12 9 1 1 1 12 9 1 100 1 100 1 12 10 1 8 1 1 12 10 1 12 10 1 8 1 8 1 12 10 1 1 12 10 1 12 10 1 1 1 1 1 1 1 1 1
ciInstanceKlass org/jetbrains/kotlin/load/java/structure/impl/classFiles/PlainJavaArrayType 1 1 50 1 7 1 7 1 100 1 1 1 3 3 1 3 1 3 1 1 1 1 1 1 1 1 1 1 1 1 1 1 8 1 7 1 1 12 10 1 12 10 12 9 1 1 1 1 1 1 1 1
ciInstanceKlass org/jetbrains/org/objectweb/asm/TypeReference 1 1 75 1 7 1 7 1 1 1 1 1 1 12 10 12 9 1 1 1 1 1 12 10 1 1 1 1 1 1 1 1 3 3 1 1 3 1 1 1 3 1 3 1 3 1 1 1 1 1 1 1 1 100 1 1 12 10 1 12 10 1 12 10 1 1 12 10 1 100 10 1 1 1 1 1 1
ciInstanceKlass org/jetbrains/kotlin/load/kotlin/header/ReadKotlinClassHeaderAnnotationVisitor$KotlinMetadataArgumentVisitor 1 1 175 1 7 1 7 1 100 1 1 7 1 1 7 1 7 1 100 1 100 1 1 1 100 1 7 1 100 1 1 1 1 1 12 9 1 12 10 1 1 1 1 1 1 7 1 1 12 10 1 8 1 7 1 1 12 10 1 7 1 1 12 10 1 1 12 10 1 1 12 10 1 8 1 7 1 1 12 10 1 8 1 1 12 10 1 1 12 10 1 8 1 1 12 10 1 8 1 12 10 1 1 1 1 1 1 1 1 1 1 1 12 10 1 1 1 1 1 8 1 1 12 10 1 8 1 12 10 1 12 10 10 1 1 1 1 1 1 1 1 1 1 12 10 1 1 1 1 8 1 100 8 8 8 8 8 8 8 8 1 1 12 10 1 100 1 12 10 1 1 1 1 1 1 1 1
ciInstanceKlass org/jetbrains/kotlin/load/kotlin/FileBasedKotlinClass$3$1 1 1 131 1 7 1 7 1 1 7 1 1 12 1 7 1 100 1 1 100 1 1 100 1 7 1 1 1 1 1 1 1 12 9 12 9 1 12 10 1 1 1 1 1 1 1 1 12 10 1 100 1 7 1 1 12 9 1 1 12 10 1 1 12 11 1 12 11 1 1 1 1 1 1 1 100 1 1 12 10 1 7 1 1 12 10 1 12 11 1 1 1 1 12 11 1 1 12 10 1 1 1 1 12 11 1 8 1 100 8 8 8 8 8 8 1 1 12 10 1 100 1 12 10 1 1 1 1 1 1 1 1 1
ciInstanceKlass org/jetbrains/kotlin/load/kotlin/MemberSignature 1 1 124 1 7 1 7 1 1 1 3 3 1 3 1 3 1 1 1 1 1 1 1 1 1 1 1 1 1 1 1 1 1 1 1 7 1 100 1 100 1 1 1 1 1 12 10 12 9 1 1 100 10 1 8 1 1 12 10 1 12 10 12 10 1 1 7 12 10 1 1 1 7 1 1 12 10 1 1 1 1 12 9 12 10 1 1 1 1 1 12 10 1 1 1 12 10 1 1 12 10 1 1 1 12 10 1 1 1 12 10 1 1 1 1 12 10 1 1 1 1 1 1 1 1 1
staticfield org/jetbrains/kotlin/load/kotlin/MemberSignature Companion Lorg/jetbrains/kotlin/load/kotlin/MemberSignature$Companion; org/jetbrains/kotlin/load/kotlin/MemberSignature$Companion
ciInstanceKlass org/jetbrains/kotlin/fir/java/deserialization/JvmBinaryAnnotationDeserializerKt$loadMemberAnnotations$1 1 1 124 1 7 1 7 1 100 1 1 100 1 1 12 1 1 3 3 1 3 1 3 1 1 1 1 1 1 1 1 1 1 1 1 1 1 1 1 1 7 1 7 1 7 1 100 1 1 1 7 1 1 7 1 7 1 1 1 1 1 1 1 1 1 1 1 12 9 12 9 12 9 1 12 10 1 1 1 8 1 7 1 1 12 10 8 1 12 9 1 7 1 1 12 10 1 8 1 12 10 1 1 12 10 1 12 10 1 1 1 12 10 10 1 1 1 1 1 1 1 1 1 1 1 1
ciInstanceKlass org/jetbrains/kotlin/load/kotlin/FileBasedKotlinClass$4$2 1 1 143 1 7 1 7 1 1 7 1 1 12 1 7 1 100 1 1 100 1 1 100 1 7 1 1 100 1 1 1 1 1 1 1 1 1 1 1 12 9 12 9 12 9 1 12 10 12 9 12 9 1 1 1 1 1 1 1 12 10 1 1 12 9 1 1 12 10 1 1 12 10 1 1 1 1 1 1 1 1 12 11 1 1 12 10 1 100 1 1 1 1 1 100 1 1 12 10 1 7 1 1 12 9 1 12 11 1 1 1 1 1 1 1 12 11 1 8 1 100 8 8 1 100 8 8 1 1 12 10 1 100 1 12 10 1 1 1 1 1 1 1 1 1
instanceKlass org/jetbrains/kotlin/fir/java/deserialization/JvmBinaryAnnotationDeserializerKt$loadMemberAnnotations$1$AnnotationVisitorForMethod
ciInstanceKlass org/jetbrains/kotlin/fir/java/deserialization/JvmBinaryAnnotationDeserializerKt$loadMemberAnnotations$1$MemberAnnotationVisitor 1 1 113 1 7 1 7 1 100 1 1 1 3 3 1 3 1 3 1 1 1 1 1 1 1 1 1 1 1 1 1 1 1 1 1 1 1 1 1 1 1 1 1 7 1 1 100 1 100 1 1 1 1 1 1 8 1 7 1 1 12 10 12 9 1 12 10 12 9 1 7 10 12 9 1 1 1 8 8 1 1 12 9 1 7 1 7 1 1 12 10 1 7 1 1 12 11 1 1 12 9 1 7 1 1 12 11 1 1 1 1 1 1 1 1
ciInstanceKlass org/jetbrains/kotlin/fir/java/deserialization/AnnotationsLoader$loadAnnotation$1 1 1 159 1 7 1 7 1 1 7 1 1 12 1 1 3 3 1 3 1 3 1 1 1 1 1 1 1 1 1 1 1 1 1 1 1 1 1 1 1 1 1 1 100 1 100 1 1 1 1 1 1 1 1 1 1 1 1 1 12 9 12 9 12 9 1 12 10 1 7 1 12 10 1 7 12 9 1 1 1 1 8 1 7 1 1 12 10 1 1 12 11 12 9 1 7 1 1 12 10 1 7 1 7 10 1 1 12 10 1 7 1 1 12 10 1 7 10 1 1 12 10 1 1 12 11 1 1 12 10 1 1 12 10 1 12 10 1 1 12 11 1 1 1 1 1 1 1 1 1 1 1 1 1 1 1 1 1 1 1 1
ciInstanceKlass org/jetbrains/kotlin/load/kotlin/KotlinJvmBinaryClass$MethodAnnotationVisitor 1 0 47 1 100 1 100 1 100 1 1 1 3 3 1 3 1 3 1 1 1 1 1 1 1 1 1 1 1 1 1 1 1 1 100 1 100 1 1 1 1 1 1 1 1 1 1 1 1
ciInstanceKlass org/jetbrains/kotlin/fir/java/deserialization/JvmBinaryAnnotationDeserializerKt$loadMemberAnnotations$1$AnnotationVisitorForMethod 1 1 165 1 7 1 7 1 100 1 1 1 3 3 1 3 1 3 1 1 1 1 1 1 1 1 1 1 1 1 1 1 1 1 1 1 1 1 1 7 1 1 1 100 1 100 1 1 1 7 1 7 1 1 1 1 8 1 7 1 1 12 10 12 9 12 10 1 1 1 8 8 1 12 9 1 1 12 10 1 1 12 10 1 1 12 9 1 7 1 1 12 10 1 7 1 7 1 12 10 1 7 1 1 12 11 1 100 1 1 12 9 1 7 1 1 12 10 1 1 1 1 1 1 12 9 16 1 1 12 10 15 1 16 1 7 1 1 12 10 15 1 1 12 18 1 1 12 10 1 8 1 7 1 1 12 9 1 1 1 1 1 1 1 1 1 1
ciInstanceKlass org/jetbrains/kotlin/fir/java/deserialization/JvmBinaryAnnotationDeserializer$loadClassAnnotations$3 1 1 90 1 7 1 7 1 100 1 1 7 1 1 12 1 1 3 3 1 3 1 3 1 1 1 1 1 1 1 1 1 1 1 1 1 1 100 1 100 1 1 1 100 1 100 1 1 1 1 1 1 1 1 1 12 9 12 9 1 12 10 1 1 1 1 8 1 7 1 1 12 10 8 1 1 12 10 1 7 1 1 12 10 1 1 1 1 1 1 1 1
ciInstanceKlass  @bci org/jetbrains/kotlin/load/java/structure/impl/classFiles/AnnotationsAndParameterCollectorMethodVisitor visitAnnotationDefault ()Lorg/jetbrains/org/objectweb/asm/AnnotationVisitor; 13 <appendix> member <vmtarget> ; 1 1 28 1 7 1 7 1 100 1 1 1 1 1 12 10 12 9 1 1 1 7 1 7 1 1 12 10 1 1
ciMethod java/lang/Object <init> ()V 1024 0 2435074 0 80
ciMethod java/lang/Object getClass ()Ljava/lang/Class; 256 0 128 0 -1
ciMethod java/lang/String <init> ([CII)V 512 0 289 0 -1
ciMethod java/lang/String <init> ([BIILjava/nio/charset/Charset;)V 470 0 1811 0 0
ciMethod java/lang/String <init> (Ljava/nio/charset/Charset;[BII)V 516 0 6460 0 -1
ciMethod java/lang/String scale (IF)I 0 0 1 0 -1
ciMethod java/lang/String decode2 (II)C 0 0 1 0 -1
ciMethod java/lang/String decodeUTF8_UTF16 ([BII[BIZ)I 0 0 1 0 -1
ciMethod java/lang/String decodeWithDecoder (Ljava/nio/charset/CharsetDecoder;[C[BII)I 0 0 1 0 -1
ciMethod java/lang/String length ()I 562 0 421557 0 -1
ciMethod java/lang/String equals (Ljava/lang/Object;)Z 512 0 9279 0 400
ciMethod java/lang/String startsWith (Ljava/lang/String;)Z 514 0 47085 0 -1
ciMethod java/lang/String endsWith (Ljava/lang/String;)Z 28 0 5853 0 -1
ciMethod java/lang/String substring (II)Ljava/lang/String; 516 0 10852 0 -1
ciMethod java/lang/String checkBoundsOffCount (III)I 574 0 8484 0 160
ciMethod java/lang/Class getClassLoader0 ()Ljava/lang/ClassLoader; 124 0 62 0 -1
ciMethod java/lang/System getSecurityManager ()Ljava/lang/SecurityManager; 512 0 31102 0 -1
ciMethod java/lang/System arraycopy (Ljava/lang/Object;ILjava/lang/Object;II)V 256 0 128 0 -1
ciMethod java/util/Map put (Ljava/lang/Object;Ljava/lang/Object;)Ljava/lang/Object; 0 0 1 0 -1
ciMethod java/util/Collection isEmpty ()Z 0 0 1 0 -1
ciMethod java/util/List get (I)Ljava/lang/Object; 0 0 1 0 -1
ciMethod java/lang/Boolean booleanValue ()Z 266 0 133 0 -1
ciMethod java/lang/Boolean valueOf (Z)Ljava/lang/Boolean; 12 0 112132 0 -1
ciMethod java/lang/Character valueOf (C)Ljava/lang/Character; 548 0 33193 0 -1
ciMethod java/lang/Float intBitsToFloat (I)F 30 0 15 0 -1
ciMethod java/lang/Double longBitsToDouble (J)D 408 0 204 0 -1
ciMethod java/lang/Byte valueOf (B)Ljava/lang/Byte; 0 0 2 0 -1
ciMethod java/lang/Short valueOf (S)Ljava/lang/Short; 0 0 2 0 -1
ciMethod java/util/Objects requireNonNull (Ljava/lang/Object;)Ljava/lang/Object; 548 0 53733 0 -1
ciMethod java/lang/StringLatin1 inflate ([BII)[B 0 0 1 0 -1
ciMethod java/lang/StringLatin1 equals ([B[B)Z 480 316 1578 0 -1
ciMethod java/lang/StringLatin1 inflate ([BI[BII)V 0 0 37 0 -1
ciMethod jdk/internal/util/Preconditions outOfBoundsCheckFromIndexSize (Ljava/util/function/BiFunction;III)Ljava/lang/RuntimeException; 0 0 1 0 -1
ciMethod jdk/internal/util/Preconditions checkFromIndexSize (IIILjava/util/function/BiFunction;)I 516 0 42343 0 0
ciMethod java/util/Arrays copyOf ([BI)[B 112 0 5194 0 -1
ciMethod java/util/Arrays copyOfRange ([BII)[B 514 0 27049 0 -1
ciMethod java/nio/charset/Charset newDecoder ()Ljava/nio/charset/CharsetDecoder; 0 0 1 0 -1
ciMethod java/lang/StringUTF16 newBytesFor (I)[B 0 0 37 0 -1
ciMethod java/lang/StringUTF16 putChar ([BII)V 1024 0 10020 0 -1
ciMethod java/lang/StringUTF16 toBytes ([CII)[B 0 0 1 0 -1
ciMethod java/lang/StringUTF16 compress ([CII)[B 538 0 9345 0 -1
ciMethodData java/lang/Object <init> ()V 2 2435613 orig 80 0 0 0 0 0 0 0 0 0 0 0 0 0 0 0 0 0 0 0 0 0 0 0 0 0 0 0 0 0 0 0 0 0 0 0 0 0 0 0 0 0 0 0 0 0 0 0 0 0 0 0 0 0 0 0 0 0 0 0 0 0 0 0 0 0 0 0 0 0 0 0 0 0 0 0 0 0 0 0 0 data 4 0x0 0x9 0x1 0x0 oops 0 methods 0
ciMethodData java/lang/String equals (Ljava/lang/Object;)Z 2 9023 orig 80 1 0 0 0 0 0 0 0 0 0 0 0 250 127 0 0 0 0 0 0 4 0 0 0 0 0 0 0 0 0 0 0 0 0 0 0 0 0 0 0 0 0 0 0 0 0 0 0 0 0 0 0 0 0 0 0 0 0 0 0 0 0 0 0 0 0 0 0 0 0 0 0 0 0 0 0 0 0 0 0 data 49 0x20007 0x1e63 0x20 0x4dc 0x8000000400080104 0xffffffffffffff4b 0x0 0x1d53629a168 0x1db1 0x1d53bce7d18 0xb5 0xb0007 0xb6 0xe0 0x1db1 0xf0004 0x0 0x0 0x1d53629a168 0x1db1 0x0 0x0 0x160007 0x0 0x40 0x1db1 0x210007 0x0 0x68 0x1db1 0x2c0002 0x1db1 0x2f0007 0x1848 0x38 0x569 0x330003 0x569 0x18 0x0 0x0 0x0 0x0 0x0 0x0 0x9 0x2 0x0 0x0 oops 3 7 java/lang/String 9 org/jetbrains/kotlin/cli/jvm/compiler/jarfs/ByteArrayCharSequence 18 java/lang/String methods 0
ciMethodData java/util/Objects requireNonNull (Ljava/lang/Object;)Ljava/lang/Object; 2 53459 orig 80 0 0 0 0 0 0 0 0 0 0 0 0 250 127 0 0 0 0 0 0 0 0 0 0 0 0 0 0 0 0 0 0 0 0 0 0 0 0 0 0 0 0 0 0 0 0 0 0 0 0 0 0 0 0 0 0 0 0 0 0 0 0 0 0 0 0 0 0 0 0 0 0 0 0 0 0 0 0 0 0 data 15 0x10007 0xd0d3 0x30 0x0 0x80002 0x0 0x0 0x0 0x0 0x0 0x0 0x0 0x9 0x1 0x0 oops 0 methods 0
ciMethod sun/nio/cs/ArrayDecoder decode ([BII[C)I 0 0 1 0 -1
ciMethod sun/nio/cs/ArrayDecoder isASCIICompatible ()Z 0 0 1 0 -1
ciMethod sun/nio/cs/ArrayDecoder isLatin1Decodable ()Z 0 0 1 0 -1
ciMethod sun/nio/cs/ArrayDecoder decodeToLatin1 ([BII[B)I 0 0 1 0 -1
ciMethod java/nio/charset/CharsetDecoder onMalformedInput (Ljava/nio/charset/CodingErrorAction;)Ljava/nio/charset/CharsetDecoder; 56 0 112 0 -1
ciMethod java/nio/charset/CharsetDecoder onUnmappableCharacter (Ljava/nio/charset/CodingErrorAction;)Ljava/nio/charset/CharsetDecoder; 56 0 112 0 -1
ciMethod java/nio/charset/CharsetDecoder maxCharsPerByte ()F 0 0 1 0 -1
ciMethod java/lang/StringCoding hasNegatives ([BII)Z 512 0 5381 0 -1
ciMethod java/lang/StringCoding countPositives ([BII)I 256 9992 4568 0 -1
ciMethodData jdk/internal/util/Preconditions checkFromIndexSize (IIILjava/util/function/BiFunction;)I 2 42085 orig 80 0 0 0 0 0 0 0 0 0 0 0 0 250 127 0 0 0 0 0 0 0 0 0 0 0 0 0 0 0 0 0 0 0 0 0 0 0 0 0 0 0 0 0 0 0 0 0 0 0 0 0 0 0 0 0 0 0 0 0 0 0 0 0 0 0 0 0 0 0 0 0 0 0 0 0 0 0 0 0 0 data 22 0x50007 0x0 0x40 0xa465 0xc0007 0xa465 0x30 0x0 0x130002 0x0 0x0 0x0 0x0 0x0 0x0 0x0 0x9 0x4 0x0 0x0 0x0 0x0 oops 0 methods 0
ciMethod java/lang/UnsupportedOperationException <init> (Ljava/lang/String;)V 0 0 1 0 -1
ciMethod kotlin/jvm/internal/Intrinsics checkNotNullExpressionValue (Ljava/lang/Object;Ljava/lang/String;)V 776 0 6376 0 -1
ciMethod kotlin/jvm/internal/Intrinsics checkNotNullParameter (Ljava/lang/Object;Ljava/lang/String;)V 554 0 7012506 0 104
ciMethod kotlin/jvm/internal/Intrinsics throwParameterIsNullNPE (Ljava/lang/String;)V 0 0 1 0 -1
ciMethod java/lang/invoke/Invokers$Holder linkToTargetMethod (Ljava/lang/Object;Ljava/lang/Object;)Ljava/lang/Object; 768 0 85390 0 -1
ciMethod kotlin/collections/CollectionsKt___CollectionsKt getOrNull (Ljava/util/List;I)Ljava/lang/Object; 1024 0 5633 0 -1
ciMethod org/jetbrains/kotlin/name/Name identifier (Ljava/lang/String;)Lorg/jetbrains/kotlin/name/Name; 512 0 50777 0 -1
ciMethodData kotlin/jvm/internal/Intrinsics checkNotNullParameter (Ljava/lang/Object;Ljava/lang/String;)V 2 7029159 orig 80 0 0 0 0 0 0 0 0 0 0 0 0 250 127 0 0 0 0 0 0 0 0 0 0 0 0 0 0 0 0 0 0 0 0 0 0 0 0 0 0 0 0 0 0 0 0 0 0 0 0 0 0 0 0 0 0 0 0 0 0 0 0 0 0 0 0 0 0 0 0 0 0 0 0 0 0 0 0 0 0 data 16 0x10007 0x6b41a7 0x30 0x0 0x50002 0x0 0x0 0x0 0x0 0x0 0x0 0x0 0x9 0x2 0x0 0xffffffffffffffff oops 0 methods 0
ciMethod kotlin/TuplesKt to (Ljava/lang/Object;Ljava/lang/Object;)Lkotlin/Pair; 526 0 21705 0 -1
ciMethod kotlin/Pair component1 ()Ljava/lang/Object; 370 0 185 0 -1
ciMethod kotlin/Pair component2 ()Ljava/lang/Object; 382 0 191 0 -1
ciMethodData java/lang/String checkBoundsOffCount (III)I 2 8197 orig 80 0 0 0 0 0 0 0 0 0 0 0 0 250 127 0 0 0 0 0 0 0 0 0 0 0 0 0 0 0 0 0 0 0 0 0 0 0 0 0 0 0 0 0 0 0 0 0 0 0 0 0 0 0 0 0 0 0 0 0 0 0 0 0 0 0 0 0 0 0 0 0 0 0 0 0 0 0 0 0 0 data 13 0x60002 0x2005 0x0 0x0 0x0 0x0 0x0 0x0 0x9 0x3 0x0 0x0 0x0 oops 0 methods 0
ciMethodData java/lang/String <init> (Ljava/nio/charset/Charset;[BII)V 2 6202 orig 80 0 0 0 0 0 0 0 0 0 0 0 0 250 127 0 0 0 0 0 0 0 0 0 0 0 0 0 0 0 0 0 0 0 0 0 0 0 0 0 0 0 0 0 0 0 0 0 0 0 0 0 0 0 0 0 0 0 0 0 0 0 0 0 0 0 0 0 0 0 0 0 0 0 0 0 0 0 0 0 0 data 378 0x10002 0x183a 0x60007 0x182b 0x38 0xf 0x1b0003 0xf 0xa70 0x220007 0xeec 0x2d8 0x93f 0x280007 0x0 0x250 0x93f 0x2f0002 0x93f 0x380007 0x0 0x30 0x93f 0x420002 0x93f 0x5c0007 0x0 0x30 0x0 0x660002 0x0 0x710007 0x0 0xf8 0x0 0x7e0007 0x0 0x38 0x0 0x8c0003 0x0 0xffffffffffffffc0 0x980007 0x0 0x88 0x0 0x9e0007 0x0 0x68 0x0 0xaa0007 0x0 0x48 0x0 0xb80002 0x0 0xc00003 0x0 0xffffffffffffff38 0xc60003 0x0 0x18 0xcc0007 0x0 0x50 0x0 0xd40007 0x0 0x30 0x0 0xdb0002 0x0 0xee0002 0x0 0xfb0002 0x0 0x10b0002 0x0 0x1140007 0x0 0x30 0x0 0x11d0002 0x0 0x12d0003 0x0 0x800 0x1320002 0x0 0x1410002 0x0 0x14a0007 0x0 0x30 0x0 0x1530002 0x0 0x1630003 0x0 0x798 0x16a0007 0x0 0x90 0xeec 0x1700007 0x0 0x48 0xeec 0x17a0002 0xeec 0x1850003 0xeec 0x730 0x18d0002 0x0 0x1980003 0x0 0x708 0x19f0007 0x0 0x140 0x0 0x1a50007 0x0 0x78 0x0 0x1ac0002 0x0 0x1af0007 0x0 0x48 0x0 0x1b90002 0x0 0x1c40003 0x0 0x670 0x1c90002 0x0 0x1d50007 0x0 0x80 0x0 0x1e90007 0x0 0x38 0x0 0x1ef0003 0x0 0x18 0x1f40002 0x0 0x1f70003 0x0 0xffffffffffffff98 0x2050003 0x0 0x5c8 0x2090005 0x0 0x0 0x0 0x0 0x0 0x0 0x2100004 0x0 0x0 0x0 0x0 0x0 0x0 0x2130007 0x0 0x320 0x0 0x2180004 0x0 0x0 0x0 0x0 0x0 0x0 0x21f0005 0x0 0x0 0x0 0x0 0x0 0x0 0x2240007 0x0 0x90 0x0 0x22b0002 0x0 0x22e0007 0x0 0x60 0x0 0x2340007 0x0 0x30 0x0 0x23e0002 0x0 0x24f0002 0x0 0x25e0007 0x0 0xb0 0x0 0x2630005 0x0 0x0 0x0 0x0 0x0 0x0 0x2680007 0x0 0x58 0x0 0x2790005 0x0 0x0 0x0 0x0 0x0 0x0 0x28f0005 0x0 0x0 0x0 0x0 0x0 0x0 0x2920002 0x0 0x29c0005 0x0 0x0 0x0 0x0 0x0 0x0 0x2a20005 0x0 0x0 0x0 0x0 0x0 0x0 0x2b40005 0x0 0x0 0x0 0x0 0x0 0x0 0x2be0007 0x0 0x50 0x0 0x2c60002 0x0 0x2cd0007 0x0 0x20 0x0 0x2e70002 0x0 0x2f20005 0x0 0x0 0x0 0x0 0x0 0x0 0x2f50002 0x0 0x2ff0005 0x0 0x0 0x0 0x0 0x0 0x0 0x3050005 0x0 0x0 0x0 0x0 0x0 0x0 0x3100005 0x0 0x0 0x0 0x0 0x0 0x0 0x3130005 0x0 0x0 0x0 0x0 0x0 0x0 0x3160007 0x0 0x60 0x0 0x3190002 0x0 0x31c0007 0x0 0x30 0x0 0x3250002 0x0 0x3330002 0x0 0x3380003 0x0 0x28 0x3430002 0x0 0x34a0007 0x0 0x50 0x0 0x3520002 0x0 0x3590007 0x0 0x20 0x0 0x3730002 0x0 0x0 0x0 0x0 0x0 0x0 0x0 0x0 0x0 0x0 0x0 0x0 0x0 0x0 0x0 0x0 0x0 0x0 0x0 0x0 0x0 0x0 0x0 0x0 0x0 0x0 0x0 0x0 0x0 0x0 0x0 0x0 0x9 0x5 0x0 0x0 0x0 0x0 0x0 oops 0 methods 0
ciMethodData java/lang/String <init> ([BIILjava/nio/charset/Charset;)V 2 1576 orig 80 0 0 0 0 0 0 0 0 0 0 0 0 0 0 0 0 0 0 0 0 0 0 0 0 0 0 0 0 0 0 0 0 0 0 0 0 0 0 0 0 0 0 0 0 0 0 0 0 0 0 0 0 0 0 0 0 0 0 0 0 0 0 0 0 0 0 0 0 0 0 0 0 0 0 0 0 0 0 0 0 data 26 0x30002 0x628 0x60004 0x0 0x0 0x1d53b9db458 0x88 0x0 0x0 0xe0002 0x628 0x120002 0x628 0x0 0x0 0x0 0x0 0x0 0x0 0x9 0x5 0x0 0x0 0x0 0x0 0x0 oops 1 5 sun/nio/cs/ISO_8859_1 methods 0
ciMethod org/jetbrains/kotlin/load/kotlin/FileBasedKotlinClass convertAnnotationVisitor (Lorg/jetbrains/kotlin/load/kotlin/KotlinJvmBinaryClass$AnnotationVisitor;Ljava/lang/String;Lorg/jetbrains/kotlin/load/kotlin/FileBasedKotlinClass$InnerClassesInfo;)Lorg/jetbrains/org/objectweb/asm/AnnotationVisitor; 512 0 6918 0 360
ciMethod org/jetbrains/kotlin/load/kotlin/FileBasedKotlinClass convertAnnotationVisitor (Lorg/jetbrains/kotlin/load/kotlin/KotlinJvmBinaryClass$AnnotationArgumentVisitor;Lorg/jetbrains/kotlin/load/kotlin/FileBasedKotlinClass$InnerClassesInfo;)Lorg/jetbrains/org/objectweb/asm/AnnotationVisitor; 340 0 5065 0 0
ciMethod org/jetbrains/kotlin/load/kotlin/FileBasedKotlinClass resolveNameByDesc (Ljava/lang/String;Lorg/jetbrains/kotlin/load/kotlin/FileBasedKotlinClass$InnerClassesInfo;)Lorg/jetbrains/kotlin/name/ClassId; 512 0 8149 0 8640
ciMethod org/jetbrains/kotlin/load/kotlin/FileBasedKotlinClass resolveNameByInternalName (Ljava/lang/String;Lorg/jetbrains/kotlin/load/kotlin/FileBasedKotlinClass$InnerClassesInfo;)Lorg/jetbrains/kotlin/name/ClassId; 512 20 8757 0 -1
ciMethod org/jetbrains/kotlin/load/kotlin/FileBasedKotlinClass access$100 (Lorg/jetbrains/kotlin/load/kotlin/FileBasedKotlinClass;)Lorg/jetbrains/kotlin/load/kotlin/FileBasedKotlinClass$InnerClassesInfo; 256 0 128 0 0
ciMethod org/jetbrains/kotlin/load/kotlin/FileBasedKotlinClass access$400 (Lorg/jetbrains/kotlin/load/kotlin/KotlinJvmBinaryClass$AnnotationArgumentVisitor;Lorg/jetbrains/kotlin/load/kotlin/FileBasedKotlinClass$InnerClassesInfo;)Lorg/jetbrains/org/objectweb/asm/AnnotationVisitor; 60 0 130 0 -1
ciMethod org/jetbrains/kotlin/load/kotlin/FileBasedKotlinClass $$$reportNull$$$0 (I)V 0 0 1 0 -1
ciMethod org/jetbrains/org/objectweb/asm/ClassVisitor visitMethod (ILjava/lang/String;Ljava/lang/String;Ljava/lang/String;[Ljava/lang/String;)Lorg/jetbrains/org/objectweb/asm/MethodVisitor; 530 0 7550 0 -1
ciMethod org/jetbrains/org/objectweb/asm/AnnotationVisitor <init> (I)V 512 0 10531 0 0
ciMethod org/jetbrains/org/objectweb/asm/AnnotationVisitor <init> (ILorg/jetbrains/org/objectweb/asm/AnnotationVisitor;)V 512 0 5613 0 328
ciMethod org/jetbrains/org/objectweb/asm/AnnotationVisitor visit (Ljava/lang/String;Ljava/lang/Object;)V 0 0 1 0 -1
ciMethod org/jetbrains/org/objectweb/asm/AnnotationVisitor visitEnum (Ljava/lang/String;Ljava/lang/String;Ljava/lang/String;)V 0 0 1 0 -1
ciMethod org/jetbrains/org/objectweb/asm/AnnotationVisitor visitAnnotation (Ljava/lang/String;Ljava/lang/String;)Lorg/jetbrains/org/objectweb/asm/AnnotationVisitor; 0 0 1 0 -1
ciMethod org/jetbrains/org/objectweb/asm/AnnotationVisitor visitArray (Ljava/lang/String;)Lorg/jetbrains/org/objectweb/asm/AnnotationVisitor; 0 0 1 0 -1
ciMethod org/jetbrains/org/objectweb/asm/AnnotationVisitor visitEnd ()V 238 0 3299 0 0
ciMethod org/jetbrains/kotlin/load/kotlin/FileBasedKotlinClass$3 <init> (ILorg/jetbrains/kotlin/load/kotlin/KotlinJvmBinaryClass$AnnotationArgumentVisitor;Lorg/jetbrains/kotlin/load/kotlin/FileBasedKotlinClass$InnerClassesInfo;)V 518 0 5065 0 0
ciMethod org/jetbrains/kotlin/load/kotlin/FileBasedKotlinClass$3 visitEnd ()V 768 0 5517 0 4928
ciMethod org/jetbrains/kotlin/load/kotlin/KotlinJvmBinaryClass$AnnotationVisitor visitAnnotation (Lorg/jetbrains/kotlin/name/ClassId;Lorg/jetbrains/kotlin/descriptors/SourceElement;)Lorg/jetbrains/kotlin/load/kotlin/KotlinJvmBinaryClass$AnnotationArgumentVisitor; 0 0 1 0 -1
ciMethod org/jetbrains/kotlin/load/kotlin/KotlinJvmBinaryClass$AnnotationVisitor visitEnd ()V 0 0 1 0 -1
ciMethod org/jetbrains/kotlin/load/kotlin/KotlinJvmBinaryClass$AnnotationArgumentVisitor visitEnd ()V 0 0 1 0 -1
ciMethod org/jetbrains/org/objectweb/asm/ClassReader readMethod (Lorg/jetbrains/org/objectweb/asm/ClassVisitor;Lorg/jetbrains/org/objectweb/asm/Context;I)I 554 1070 20131 0 -1
ciMethod org/jetbrains/org/objectweb/asm/ClassReader readLocals (Lorg/jetbrains/org/objectweb/asm/MethodVisitor;Lorg/jetbrains/org/objectweb/asm/Context;I)V 0 0 1 0 -1
ciMethod org/jetbrains/org/objectweb/asm/ClassReader readCode (Lorg/jetbrains/org/objectweb/asm/MethodVisitor;Lorg/jetbrains/org/objectweb/asm/Context;I)V 0 0 1 0 -1
ciMethod org/jetbrains/org/objectweb/asm/ClassReader createLabel (I[Lorg/jetbrains/org/objectweb/asm/Label;Z)Lorg/jetbrains/org/objectweb/asm/Label; 0 0 1 0 -1
ciMethod org/jetbrains/org/objectweb/asm/ClassReader readTypeAnnotationTarget (Lorg/jetbrains/org/objectweb/asm/Context;I)I 46 0 151 0 0
ciMethod org/jetbrains/org/objectweb/asm/ClassReader readParameterAnnotations (Lorg/jetbrains/org/objectweb/asm/MethodVisitor;Lorg/jetbrains/org/objectweb/asm/Context;IZ)V 74 274 3805 0 0
ciMethod org/jetbrains/org/objectweb/asm/ClassReader readElementValues (Lorg/jetbrains/org/objectweb/asm/AnnotationVisitor;IZ[C)I 238 12 3876 0 2152
ciMethod org/jetbrains/org/objectweb/asm/ClassReader readElementValue (Lorg/jetbrains/org/objectweb/asm/AnnotationVisitor;ILjava/lang/String;[C)I 12 0 20211 0 5920
ciMethod org/jetbrains/org/objectweb/asm/ClassReader readAttribute ([Lorg/jetbrains/org/objectweb/asm/Attribute;Ljava/lang/String;II[CI[Lorg/jetbrains/org/objectweb/asm/Label;)Lorg/jetbrains/org/objectweb/asm/Attribute; 0 0 1 0 -1
ciMethod org/jetbrains/org/objectweb/asm/ClassReader readByte (I)I 46 0 152 0 0
ciMethod org/jetbrains/org/objectweb/asm/ClassReader readUnsignedShort (I)I 516 0 1292 0 184
ciMethod org/jetbrains/org/objectweb/asm/ClassReader readInt (I)I 564 0 1643 0 216
ciMethod org/jetbrains/org/objectweb/asm/ClassReader readLong (I)J 0 0 89 0 -1
ciMethod org/jetbrains/org/objectweb/asm/ClassReader readUTF8 (I[C)Ljava/lang/String; 522 0 152715 0 1616
ciMethod org/jetbrains/org/objectweb/asm/ClassReader readUtf (I[C)Ljava/lang/String; 508 0 5411 0 1400
ciMethod org/jetbrains/org/objectweb/asm/ClassReader readUtfNonAscii (III[C)Ljava/lang/String; 0 0 121 0 1816
ciMethod org/jetbrains/org/objectweb/asm/ClassReader readUtf (II[C)Ljava/lang/String; 266 6498 1717 0 728
ciMethod org/jetbrains/org/objectweb/asm/ClassReader readStringish (I[C)Ljava/lang/String; 332 0 9194 0 0
ciMethod org/jetbrains/org/objectweb/asm/ClassReader readClass (I[C)Ljava/lang/String; 332 0 9194 0 0
ciMethod org/jetbrains/org/objectweb/asm/ClassReader readConst (I[C)Ljava/lang/Object; 32 0 5139 0 -1
ciMethodData org/jetbrains/org/objectweb/asm/ClassReader readUnsignedShort (I)I 2 1034 orig 80 0 0 0 0 0 0 0 0 0 0 0 0 250 127 0 0 0 0 0 0 0 0 0 0 0 0 0 0 0 0 0 0 0 0 0 0 0 0 0 0 0 0 0 0 0 0 0 0 0 0 0 0 0 0 0 0 0 0 0 0 0 0 0 0 0 0 0 0 0 0 0 0 0 0 0 0 0 0 0 0 data 8 0x0 0x0 0x0 0x0 0x9 0x2 0x0 0x0 oops 0 methods 0
ciMethodData org/jetbrains/org/objectweb/asm/ClassReader readUtf (II[C)Ljava/lang/String; 2 1584 orig 80 1 0 0 0 0 0 0 0 0 0 0 0 250 127 0 0 0 0 0 0 0 0 0 0 0 0 0 0 0 0 0 0 0 0 0 0 0 0 0 1 0 0 0 0 0 0 0 0 0 0 0 0 0 0 0 0 0 0 0 0 0 0 0 0 0 0 0 0 0 0 0 0 0 0 0 0 0 0 0 0 data 25 0x120007 0x628 0x68 0xc0a4 0x80000006001a0007 0xc09c 0x30 0x9 0x230002 0x9 0x2a0003 0xc09c 0xffffffffffffffb0 0x3a0002 0x628 0x0 0x0 0x0 0x0 0x9 0x4 0xffffffffffffffff 0x0 0x0 0xffffffffffffffff oops 0 methods 0
ciMethodData org/jetbrains/org/objectweb/asm/ClassReader readUtfNonAscii (III[C)Ljava/lang/String; 2 121 orig 80 0 0 0 0 0 0 0 0 0 0 0 0 0 0 0 0 0 0 0 0 0 0 0 0 0 0 0 0 0 0 0 0 0 0 0 0 0 0 0 0 0 0 0 0 0 0 0 0 0 0 0 0 0 0 0 0 0 0 0 0 0 0 0 0 0 0 0 0 0 0 0 0 0 0 0 0 0 0 0 0 data 41 0x150007 0x79 0x38 0x4 0x290003 0x4 0xffffffffffffffe0 0x300007 0x77 0xa8 0x103fa 0x430007 0x1441 0x38 0xefb9 0x540003 0xefb9 0x50 0x600007 0x0 0x38 0x1441 0x800003 0x1441 0x18 0xaf0003 0x103fa 0xffffffffffffff70 0xbb0002 0x77 0x0 0x0 0x0 0x0 0x9 0x5 0x0 0x0 0x0 0x0 0x0 oops 0 methods 0
ciMethodData org/jetbrains/org/objectweb/asm/ClassReader readInt (I)I 2 1361 orig 80 0 0 0 0 0 0 0 0 0 0 0 0 250 127 0 0 0 0 0 0 0 0 0 0 0 0 0 0 0 0 0 0 0 0 0 0 0 0 0 0 0 0 0 0 0 0 0 0 0 0 0 0 0 0 0 0 0 0 0 0 0 0 0 0 0 0 0 0 0 0 0 0 0 0 0 0 0 0 0 0 data 8 0x0 0x0 0x0 0x0 0x9 0x2 0x0 0x0 oops 0 methods 0
ciMethodData org/jetbrains/org/objectweb/asm/ClassReader readUTF8 (I[C)Ljava/lang/String; 2 152454 orig 80 0 0 0 0 0 0 0 0 0 0 0 0 250 127 0 0 0 0 0 0 0 0 0 0 0 0 0 0 0 0 0 0 0 0 0 0 0 0 0 0 0 0 0 0 0 0 0 0 0 0 0 0 0 0 0 0 0 0 0 0 0 0 0 0 0 0 0 0 0 0 0 0 0 0 0 0 0 0 0 0 data 33 0x20005 0x0 0x0 0x1d53d801860 0x25386 0x0 0x0 0x70007 0x434 0x40 0x24f52 0xb0007 0x24b25 0x20 0x42d 0x130005 0x24b25 0x0 0x0 0x0 0x0 0x0 0x0 0x0 0x0 0x0 0x0 0x0 0x9 0x3 0x0 0x0 0x0 oops 1 3 org/jetbrains/org/objectweb/asm/ClassReader methods 0
ciMethodData org/jetbrains/org/objectweb/asm/ClassReader readUtf (I[C)Ljava/lang/String; 2 5157 orig 80 0 0 0 0 0 0 0 0 0 0 0 0 0 0 0 0 0 0 0 0 0 0 0 0 0 0 0 0 0 0 0 0 0 0 0 0 0 0 0 0 0 0 0 0 0 0 0 0 0 0 0 0 0 0 0 0 0 0 0 0 0 0 0 0 0 0 0 0 0 0 0 0 0 0 0 0 0 0 0 0 data 31 0x80007 0xa3a 0x20 0x9eb 0x220005 0x0 0x0 0x1d53d801860 0xa3a 0x0 0x0 0x260002 0xa3a 0x2a0004 0x0 0x0 0x1d53629a168 0xa3a 0x0 0x0 0x0 0x0 0x0 0x0 0x0 0x0 0x9 0x3 0x0 0x0 0x0 oops 2 7 org/jetbrains/org/objectweb/asm/ClassReader 16 java/lang/String methods 0
ciMethod org/jetbrains/kotlin/load/java/structure/impl/classFiles/BinaryJavaMethodBase getValueParameters ()Ljava/util/List; 288 0 144 0 -1
ciMethod org/jetbrains/kotlin/load/java/structure/impl/classFiles/BinaryJavaMethodBase getTypeParameters ()Ljava/util/List; 312 0 156 0 -1
ciMethod org/jetbrains/org/objectweb/asm/Type getType (Ljava/lang/String;)Lorg/jetbrains/org/objectweb/asm/Type; 0 0 297 0 -1
ciMethod org/jetbrains/kotlin/load/java/structure/impl/classFiles/AnnotationsAndParameterCollectorMethodVisitor visitAnnotationDefault ()Lorg/jetbrains/org/objectweb/asm/AnnotationVisitor; 0 0 2 0 0
ciMethod org/jetbrains/kotlin/load/java/structure/impl/classFiles/AnnotationsAndParameterCollectorMethodVisitor visitParameter (Ljava/lang/String;I)V 0 0 2 0 0
ciMethod org/jetbrains/kotlin/load/java/structure/impl/classFiles/AnnotationsAndParameterCollectorMethodVisitor visitAnnotation (Ljava/lang/String;Z)Lorg/jetbrains/org/objectweb/asm/AnnotationVisitor; 70 0 850 0 0
ciMethod org/jetbrains/kotlin/load/java/structure/impl/classFiles/AnnotationsAndParameterCollectorMethodVisitor visitTypeAnnotation (ILorg/jetbrains/org/objectweb/asm/TypePath;Ljava/lang/String;Z)Lorg/jetbrains/org/objectweb/asm/AnnotationVisitor; 46 0 134 0 0
ciMethod org/jetbrains/kotlin/load/java/structure/impl/classFiles/AnnotationsAndParameterCollectorMethodVisitor visitTypeAnnotation$getTargetType (Lorg/jetbrains/org/objectweb/asm/TypePath;Lorg/jetbrains/kotlin/load/java/structure/impl/classFiles/AnnotationsAndParameterCollectorMethodVisitor;Lorg/jetbrains/org/objectweb/asm/TypeReference;Lorg/jetbrains/kotlin/load/java/structure/JavaType;)Lkotlin/Pair; 268 0 134 0 -1
ciMethod org/jetbrains/org/objectweb/asm/MethodVisitor visitParameter (Ljava/lang/String;I)V 0 0 1 0 -1
ciMethod org/jetbrains/org/objectweb/asm/MethodVisitor visitAnnotationDefault ()Lorg/jetbrains/org/objectweb/asm/AnnotationVisitor; 0 0 1 0 -1
ciMethod org/jetbrains/org/objectweb/asm/MethodVisitor visitAnnotation (Ljava/lang/String;Z)Lorg/jetbrains/org/objectweb/asm/AnnotationVisitor; 0 0 1 0 -1
ciMethod org/jetbrains/org/objectweb/asm/MethodVisitor visitTypeAnnotation (ILorg/jetbrains/org/objectweb/asm/TypePath;Ljava/lang/String;Z)Lorg/jetbrains/org/objectweb/asm/AnnotationVisitor; 34 0 17 0 0
ciMethod org/jetbrains/org/objectweb/asm/MethodVisitor visitAnnotableParameterCount (IZ)V 0 0 1 0 -1
ciMethod org/jetbrains/org/objectweb/asm/MethodVisitor visitParameterAnnotation (ILjava/lang/String;Z)Lorg/jetbrains/org/objectweb/asm/AnnotationVisitor; 0 0 1 0 -1
ciMethod org/jetbrains/org/objectweb/asm/MethodVisitor visitAttribute (Lorg/jetbrains/org/objectweb/asm/Attribute;)V 0 0 1 0 -1
ciMethod org/jetbrains/org/objectweb/asm/MethodVisitor visitCode ()V 0 0 1 0 -1
ciMethod org/jetbrains/org/objectweb/asm/MethodVisitor visitEnd ()V 270 0 2862 0 0
ciMethod org/jetbrains/org/objectweb/asm/MethodWriter canCopyMethodAttributes (Lorg/jetbrains/org/objectweb/asm/ClassReader;ZZIII)Z 0 0 1 0 -1
ciMethod org/jetbrains/org/objectweb/asm/MethodWriter setMethodAttributesSource (II)V 0 0 1 0 -1
ciMethod org/jetbrains/kotlin/load/java/structure/impl/classFiles/BinaryJavaValueParameter getType ()Lorg/jetbrains/kotlin/load/java/structure/JavaType; 262 0 131 0 -1
ciMethod org/jetbrains/kotlin/load/java/structure/impl/classFiles/BinaryJavaValueParameter updateName$frontend_common_jvm (Lorg/jetbrains/kotlin/name/Name;)V 0 0 1 0 -1
ciMethod org/jetbrains/kotlin/load/java/structure/impl/classFiles/BinaryJavaAnnotation$Companion addAnnotation (Lorg/jetbrains/kotlin/load/java/structure/MutableJavaAnnotationOwner;Ljava/lang/String;Lorg/jetbrains/kotlin/load/java/structure/impl/classFiles/ClassifierResolutionContext;Lorg/jetbrains/kotlin/load/java/structure/impl/classFiles/BinaryClassSignatureParser;Z)Lorg/jetbrains/org/objectweb/asm/AnnotationVisitor; 768 0 3167 0 -1
ciMethod org/jetbrains/kotlin/load/java/structure/impl/classFiles/BinaryJavaAnnotation$Companion addAnnotation$default (Lorg/jetbrains/kotlin/load/java/structure/impl/classFiles/BinaryJavaAnnotation$Companion;Lorg/jetbrains/kotlin/load/java/structure/MutableJavaAnnotationOwner;Ljava/lang/String;Lorg/jetbrains/kotlin/load/java/structure/impl/classFiles/ClassifierResolutionContext;Lorg/jetbrains/kotlin/load/java/structure/impl/classFiles/BinaryClassSignatureParser;ZILjava/lang/Object;)Lorg/jetbrains/org/objectweb/asm/AnnotationVisitor; 774 0 3033 0 0
ciMethod org/jetbrains/kotlin/load/java/structure/impl/classFiles/BinaryJavaAnnotation$Companion computeTypeParameterBound$frontend_common_jvm (Ljava/util/List;Lorg/jetbrains/org/objectweb/asm/TypeReference;)Lorg/jetbrains/kotlin/load/java/structure/JavaClassifierType; 0 0 1 0 -1
ciMethod org/jetbrains/kotlin/load/java/structure/impl/classFiles/BinaryJavaAnnotationVisitor <init> (Lorg/jetbrains/kotlin/load/java/structure/impl/classFiles/ClassifierResolutionContext;Lorg/jetbrains/kotlin/load/java/structure/impl/classFiles/BinaryClassSignatureParser;Lkotlin/jvm/functions/Function1;)V 542 0 3299 0 -1
ciMethod org/jetbrains/kotlin/load/java/structure/impl/classFiles/BinaryJavaMethod getReturnType ()Lorg/jetbrains/kotlin/load/java/structure/JavaType; 496 0 248 0 -1
ciMethod org/jetbrains/org/objectweb/asm/TypeReference <init> (I)V 268 0 134 0 -1
ciMethod org/jetbrains/org/objectweb/asm/TypeReference getSort ()I 536 0 268 0 -1
ciMethod org/jetbrains/org/objectweb/asm/TypeReference getTypeParameterIndex ()I 0 0 1 0 -1
ciMethod org/jetbrains/org/objectweb/asm/TypeReference getFormalParameterIndex ()I 194 0 97 0 -1
ciMethodData org/jetbrains/org/objectweb/asm/ClassReader readMethod (Lorg/jetbrains/org/objectweb/asm/ClassVisitor;Lorg/jetbrains/org/objectweb/asm/Context;I)I 2 19854 orig 80 3 0 0 0 0 0 0 0 0 0 0 0 250 127 0 0 0 0 0 0 0 0 0 0 4 0 0 0 0 0 0 0 0 0 0 0 0 0 0 2 0 0 0 0 0 0 0 0 0 0 0 0 0 0 0 0 0 0 0 0 0 0 0 0 0 0 0 0 0 0 0 0 0 0 0 0 0 0 0 0 data 642 0xd0005 0x0 0x0 0x1d53d801860 0x4d8e 0x0 0x0 0x1b0005 0x0 0x0 0x1d53d801860 0x4d8e 0x0 0x0 0x290005 0x0 0x0 0x1d53d801860 0x4d8e 0x0 0x0 0x5f0005 0x0 0x0 0x1d53d801860 0x4d8e 0x0 0x0 0x6c0007 0x4d90 0x7c0 0xb016 0x740005 0x0 0x0 0x1d53d801860 0xb016 0x0 0x0 0x7e0005 0x0 0x0 0x1d53d801860 0xb016 0x0 0x0 0x8b0005 0xb016 0x0 0x0 0x0 0x0 0x0 0x8e0007 0x65fb 0x78 0x4a1b 0x970007 0x0 0x40 0x4a1b 0xa20007 0x4a1b 0x6a0 0x0 0xa90003 0x0 0x680 0xb10005 0x65fb 0x0 0x0 0x0 0x0 0x0 0xb40007 0x6532 0x118 0xc9 0xbe0005 0x0 0x0 0x1d53d801860 0xc9 0x0 0x0 0xd40007 0xc9 0xa8 0xe1 0xe00005 0x0 0x0 0x1d53d801860 0xe1 0x0 0x0 0xe30004 0x0 0x0 0x1d53629a168 0xe1 0x0 0x0 0xea0003 0xe1 0xffffffffffffff70 0xed0003 0xc9 0x530 0xf40005 0x6532 0x0 0x0 0x0 0x0 0x0 0xf70007 0x4c38 0x70 0x18fa 0xfd0005 0x0 0x0 0x1d53d801860 0x18fa 0x0 0x0 0x1020003 0x18fa 0x488 0x1090005 0x4c38 0x0 0x0 0x0 0x0 0x0 0x10c0007 0x4737 0x38 0x501 0x11a0003 0x501 0x418 0x1210005 0x4737 0x0 0x0 0x0 0x0 0x0 0x1240007 0x4376 0x38 0x3c1 0x12b0003 0x3c1 0x3a8 0x1320005 0x4376 0x0 0x0 0x0 0x0 0x0 0x1350007 0x430e 0x38 0x68 0x13c0003 0x68 0x338 0x1440005 0x430e 0x0 0x0 0x0 0x0 0x0 0x1470007 0x4309 0x38 0x5 0x14e0003 0x5 0x2c8 0x1550005 0x4309 0x0 0x0 0x0 0x0 0x0 0x1580007 0x4309 0x38 0x0 0x16a0003 0x0 0x258 0x1710005 0x4309 0x0 0x0 0x0 0x0 0x0 0x1740007 0x1c21 0x38 0x26e8 0x17b0003 0x26e8 0x1e8 0x1820005 0x1c21 0x0 0x0 0x0 0x0 0x0 0x1850007 0x1c02 0x38 0x1f 0x18c0003 0x1f 0x178 0x1940005 0x1c02 0x0 0x0 0x0 0x0 0x0 0x8000000601970007 0x1c01 0x38 0x2 0x19e0003 0x2 0x108 0x1a60005 0x1c01 0x0 0x0 0x0 0x0 0x0 0x8000000601a90007 0x27 0x38 0x1bdb 0x1b00003 0x1bdb 0x98 0x1b80005 0x27 0x0 0x0 0x0 0x0 0x0 0x1bb0007 0x0 0x38 0x27 0x1c20003 0x27 0x28 0x1d40002 0x0 0x1eb0003 0xb018 0xfffffffffffff858 0x1fd0007 0x18fa 0x38 0x3496 0x2010003 0x3496 0x50 0x2090005 0x18fa 0x0 0x0 0x0 0x0 0x0 0x20e0005 0x1bd4 0x0 0x1d53d8030c8 0x26d9 0x1d53d803178 0xae3 0x2150007 0x20f7 0x20 0x2c99 0x21d0004 0xffffffffffffdf09 0x0 0x1d53d803228 0xdd 0x1d53d8032d8 0x44 0x2200007 0x20f7 0x158 0x0 0x2250004 0x0 0x0 0x0 0x0 0x0 0x0 0x2360007 0x0 0x38 0x0 0x23a0003 0x0 0x18 0x2420005 0x0 0x0 0x0 0x0 0x0 0x0 0x2490005 0x0 0x0 0x0 0x0 0x0 0x0 0x24c0007 0x0 0x58 0x0 0x2560005 0x0 0x0 0x0 0x0 0x0 0x0 0x25e0007 0x20f6 0x158 0x1 0x2670007 0x0 0x138 0x1 0x26d0005 0x0 0x0 0x1d53d801860 0x1 0x0 0x0 0x27d0007 0x1 0xe0 0x2 0x2870005 0x0 0x0 0x1d53d801860 0x2 0x0 0x0 0x28f0005 0x0 0x0 0x1d53d801860 0x2 0x0 0x0 0x2920005 0x0 0x0 0x1d53d8032d8 0x2 0x0 0x0 0x2980003 0x2 0xffffffffffffff38 0x29d0007 0x20f4 0xc0 0x3 0x2a20005 0x0 0x0 0x1d53d803228 0x1 0x1d53d8032d8 0x2 0x2af0002 0x3 0x2b50007 0x0 0x58 0x3 0x2ba0005 0x0 0x0 0x1d53d803388 0x1 0x1d53d803438 0x2 0x2bf0007 0x1f70 0x110 0x187 0x2c50005 0x0 0x0 0x1d53d801860 0x187 0x0 0x0 0x8000000802d50007 0x18b 0xb8 0x1e1 0x2dd0005 0x0 0x0 0x1d53d801860 0x1e1 0x0 0x0 0x2eb0005 0x0 0x0 0x1d53d8032d8 0xe6 0x1d53d803228 0xfb 0x2f30002 0x1e1 0x2f80003 0x1e1 0xffffffffffffff60 0x2fd0007 0xfa9 0x110 0x1152 0x3030005 0x0 0x0 0x1d53d801860 0x1152 0x0 0x0 0x3130007 0x1152 0xb8 0x1d2d 0x31b0005 0x0 0x0 0x1d53d801860 0x1d2d 0x0 0x0 0x3290005 0x0 0x0 0x1d53d8032d8 0x249 0x1d53d803228 0x1ae4 0x3310002 0x1d2d 0x3360003 0x1d2d 0xffffffffffffff60 0x33b0007 0x20c7 0x120 0x34 0x3410005 0x0 0x0 0x1d53d801860 0x34 0x0 0x0 0x3510007 0x34 0xc8 0x6f 0x3580002 0x6f 0x3620005 0x0 0x0 0x1d53d801860 0x6f 0x0 0x0 0x3780005 0x0 0x0 0x1d53d8032d8 0x6f 0x0 0x0 0x3800002 0x6f 0x3850003 0x6f 0xffffffffffffff50 0x38a0007 0x20ef 0x120 0xc 0x3900005 0x0 0x0 0x1d53d801860 0xc 0x0 0x0 0x3a00007 0xc 0xc8 0xc 0x3a70002 0xc 0x3b10005 0x0 0x0 0x1d53d801860 0xc 0x0 0x0 0x3c70005 0x0 0x0 0x1d53d803228 0xc 0x0 0x0 0x3cf0002 0xc 0x3d40003 0xc 0xffffffffffffff50 0x3d90007 0x20fa 0x30 0x1 0x3e30002 0x1 0x3e80007 0x1435 0x30 0xcc6 0x3f20002 0xcc6 0x3f70007 0x20fb 0x70 0x0 0x40b0005 0x0 0x0 0x0 0x0 0x0 0x0 0x4120003 0x0 0xffffffffffffffa8 0x4170007 0x20fb 0xb0 0x0 0x4200007 0x0 0x80 0x0 0x4250005 0x0 0x0 0x0 0x0 0x0 0x0 0x42e0002 0x0 0x4310003 0x0 0x28 0x43a0002 0x0 0x43f0005 0x0 0x0 0x1d53d8032d8 0xaa7 0x1d53d803228 0x1654 0x0 0x0 0x0 0x0 0x0 0x0 0x0 0x0 0x0 0x0 0x0 0x0 0x0 0x0 0x0 0x0 0x0 0x0 0x0 0x0 0x0 0x0 0x0 0x9 0x4 0x0 0x0 0x0 0x0 oops 38 3 org/jetbrains/org/objectweb/asm/ClassReader 10 org/jetbrains/org/objectweb/asm/ClassReader 17 org/jetbrains/org/objectweb/asm/ClassReader 24 org/jetbrains/org/objectweb/asm/ClassReader 35 org/jetbrains/org/objectweb/asm/ClassReader 42 org/jetbrains/org/objectweb/asm/ClassReader 82 org/jetbrains/org/objectweb/asm/ClassReader 93 org/jetbrains/org/objectweb/asm/ClassReader 100 java/lang/String 124 org/jetbrains/org/objectweb/asm/ClassReader 293 org/jetbrains/kotlin/load/kotlin/FileBasedKotlinClass$1 295 org/jetbrains/kotlin/load/java/structure/impl/classFiles/BinaryJavaClass 304 org/jetbrains/kotlin/load/kotlin/FileBasedKotlinClass$4$2 306 org/jetbrains/kotlin/load/java/structure/impl/classFiles/AnnotationsAndParameterCollectorMethodVisitor 362 org/jetbrains/org/objectweb/asm/ClassReader 373 org/jetbrains/org/objectweb/asm/ClassReader 380 org/jetbrains/org/objectweb/asm/ClassReader 387 org/jetbrains/kotlin/load/java/structure/impl/classFiles/AnnotationsAndParameterCollectorMethodVisitor 401 org/jetbrains/kotlin/load/kotlin/FileBasedKotlinClass$4$2 403 org/jetbrains/kotlin/load/java/structure/impl/classFiles/AnnotationsAndParameterCollectorMethodVisitor 414 org/jetbrains/kotlin/load/kotlin/FileBasedKotlinClass$3 416 org/jetbrains/kotlin/load/java/structure/impl/classFiles/BinaryJavaAnnotationVisitor 425 org/jetbrains/org/objectweb/asm/ClassReader 436 org/jetbrains/org/objectweb/asm/ClassReader 443 org/jetbrains/kotlin/load/java/structure/impl/classFiles/AnnotationsAndParameterCollectorMethodVisitor 445 org/jetbrains/kotlin/load/kotlin/FileBasedKotlinClass$4$2 459 org/jetbrains/org/objectweb/asm/ClassReader 470 org/jetbrains/org/objectweb/asm/ClassReader 477 org/jetbrains/kotlin/load/java/structure/impl/classFiles/AnnotationsAndParameterCollectorMethodVisitor 479 org/jetbrains/kotlin/load/kotlin/FileBasedKotlinClass$4$2 493 org/jetbrains/org/objectweb/asm/ClassReader 506 org/jetbrains/org/objectweb/asm/ClassReader 513 org/jetbrains/kotlin/load/java/structure/impl/classFiles/AnnotationsAndParameterCollectorMethodVisitor 529 org/jetbrains/org/objectweb/asm/ClassReader 542 org/jetbrains/org/objectweb/asm/ClassReader 549 org/jetbrains/kotlin/load/kotlin/FileBasedKotlinClass$4$2 609 org/jetbrains/kotlin/load/java/structure/impl/classFiles/AnnotationsAndParameterCollectorMethodVisitor 611 org/jetbrains/kotlin/load/kotlin/FileBasedKotlinClass$4$2 methods 0
ciMethodData org/jetbrains/org/objectweb/asm/ClassReader readClass (I[C)Ljava/lang/String; 2 9028 orig 80 0 0 0 0 0 0 0 0 0 0 0 0 0 0 0 0 0 0 0 0 0 0 0 0 0 0 0 0 0 0 0 0 0 0 0 0 0 0 0 0 0 0 0 0 0 0 0 0 0 0 0 0 0 0 0 0 0 0 0 0 0 0 0 0 0 0 0 0 0 0 0 0 0 0 0 0 0 0 0 0 data 9 0x30002 0x2344 0x0 0x0 0x9 0x3 0x0 0x0 0x0 oops 0 methods 0
ciMethodData org/jetbrains/org/objectweb/asm/ClassReader readStringish (I[C)Ljava/lang/String; 2 9028 orig 80 0 0 0 0 0 0 0 0 0 0 0 0 0 0 0 0 0 0 0 0 0 0 0 0 0 0 0 0 0 0 0 0 0 0 0 0 0 0 0 0 0 0 0 0 0 0 0 0 0 0 0 0 0 0 0 0 0 0 0 0 0 0 0 0 0 0 0 0 0 0 0 0 0 0 0 0 0 0 0 0 data 25 0x70005 0x0 0x0 0x1d53d801860 0x2344 0x0 0x0 0xc0005 0x0 0x0 0x1d53d801860 0x2344 0x0 0x0 0x0 0x0 0x0 0x0 0x0 0x0 0x9 0x3 0x0 0x0 0x0 oops 2 3 org/jetbrains/org/objectweb/asm/ClassReader 10 org/jetbrains/org/objectweb/asm/ClassReader methods 0
ciMethodData org/jetbrains/org/objectweb/asm/ClassReader readByte (I)I 1 129 orig 80 0 0 0 0 0 0 0 0 0 0 0 0 0 0 0 0 0 0 0 0 0 0 0 0 0 0 0 0 0 0 0 0 0 0 0 0 0 0 0 0 0 0 0 0 0 0 0 0 0 0 0 0 0 0 0 0 0 0 0 0 0 0 0 0 0 0 0 0 0 0 0 0 0 0 0 0 0 0 0 0 data 8 0x0 0x0 0x0 0x0 0x9 0x2 0x0 0x0 oops 0 methods 0
ciMethodData org/jetbrains/kotlin/load/java/structure/impl/classFiles/AnnotationsAndParameterCollectorMethodVisitor visitAnnotationDefault ()Lorg/jetbrains/org/objectweb/asm/AnnotationVisitor; 1 2 orig 80 0 0 0 0 0 0 0 0 0 0 0 0 0 0 0 0 0 0 0 0 0 0 0 0 0 0 0 0 0 0 0 0 0 0 0 0 0 0 0 0 0 0 0 0 0 0 0 0 0 0 0 0 0 0 0 0 0 0 0 0 0 0 0 0 0 0 0 0 0 0 0 0 0 0 0 0 0 0 0 0 data 24 0xd000a 0x2 0x3 0x0 0x1d53d8032d8 0x1d53dea2028 0x120002 0x2 0x150004 0x0 0x0 0x1d53d803438 0x2 0x0 0x0 0x0 0x0 0x0 0x0 0x0 0x0 0x9 0x1 0x0 oops 3 4 org/jetbrains/kotlin/load/java/structure/impl/classFiles/AnnotationsAndParameterCollectorMethodVisitor 5  @bci org/jetbrains/kotlin/load/java/structure/impl/classFiles/AnnotationsAndParameterCollectorMethodVisitor visitAnnotationDefault ()Lorg/jetbrains/org/objectweb/asm/AnnotationVisitor; 13 <appendix> member <vmtarget> ; 11 org/jetbrains/kotlin/load/java/structure/impl/classFiles/BinaryJavaAnnotationVisitor methods 0
ciMethodData org/jetbrains/org/objectweb/asm/AnnotationVisitor visitEnd ()V 2 3180 orig 80 0 0 0 0 0 0 0 0 0 0 0 0 0 0 0 0 0 0 0 0 0 0 0 0 0 0 0 0 0 0 0 0 0 0 0 0 0 0 0 0 0 0 0 0 0 0 0 0 0 0 0 0 0 0 0 0 0 0 0 0 0 0 0 0 0 0 0 0 0 0 0 0 0 0 0 0 0 0 0 0 data 20 0x40007 0xc6c 0x58 0x0 0xb0005 0x0 0x0 0x0 0x0 0x0 0x0 0x0 0x0 0x0 0x0 0x0 0x0 0x9 0x1 0x0 oops 0 methods 0
ciMethodData org/jetbrains/kotlin/load/java/structure/impl/classFiles/AnnotationsAndParameterCollectorMethodVisitor visitAnnotation (Ljava/lang/String;Z)Lorg/jetbrains/org/objectweb/asm/AnnotationVisitor; 1 815 orig 80 0 0 0 0 0 0 0 0 0 0 0 0 0 0 0 0 0 0 0 0 0 0 0 0 0 0 0 0 0 0 0 0 0 0 0 0 0 0 0 0 0 0 0 0 0 0 0 0 0 0 0 0 0 0 0 0 0 0 0 0 0 0 0 0 0 0 0 0 0 0 0 0 0 0 0 0 0 0 0 0 data 22 0x30002 0x32f 0xd0004 0x0 0x0 0x1d53eac7760 0x103 0x1d53eac7810 0x2 0x1d0002 0x32f 0x0 0x0 0x0 0x0 0x0 0x0 0x9 0x3 0x0 0x0 0x0 oops 2 5 org/jetbrains/kotlin/load/java/structure/impl/classFiles/BinaryJavaMethod 7 org/jetbrains/kotlin/load/java/structure/impl/classFiles/BinaryJavaConstructor methods 0
ciMethodData org/jetbrains/kotlin/load/java/structure/impl/classFiles/AnnotationsAndParameterCollectorMethodVisitor visitParameter (Ljava/lang/String;I)V 1 2 orig 80 0 0 0 0 0 0 0 0 0 0 0 0 0 0 0 0 0 0 0 0 0 0 0 0 0 0 0 0 0 0 0 0 0 0 0 0 0 0 0 0 0 0 0 0 0 0 0 0 0 0 0 0 0 0 0 0 0 0 0 0 0 0 0 0 0 0 0 0 0 0 0 0 0 0 0 0 0 0 0 0 data 175 0x10007 0x2 0x510 0x0 0xf0007 0x0 0x4f0 0x0 0x160005 0x0 0x0 0x0 0x0 0x0 0x0 0x1a0002 0x0 0x1d0004 0x0 0x0 0x0 0x0 0x0 0x0 0x210007 0x0 0x3f8 0x0 0x2d0002 0x0 0x320005 0x0 0x0 0x0 0x0 0x0 0x0 0x390005 0x0 0x0 0x0 0x0 0x0 0x0 0x3e0005 0x0 0x0 0x0 0x0 0x0 0x0 0x450005 0x0 0x0 0x0 0x0 0x0 0x0 0x4a0005 0x0 0x0 0x0 0x0 0x0 0x0 0x4e0005 0x0 0x0 0x0 0x0 0x0 0x0 0x530005 0x0 0x0 0x0 0x0 0x0 0x0 0x570005 0x0 0x0 0x0 0x0 0x0 0x0 0x5c0005 0x0 0x0 0x0 0x0 0x0 0x0 0x630005 0x0 0x0 0x0 0x0 0x0 0x0 0x660005 0x0 0x0 0x0 0x0 0x0 0x0 0x6b0005 0x0 0x0 0x0 0x0 0x0 0x0 0x700005 0x0 0x0 0x0 0x0 0x0 0x0 0x770005 0x0 0x0 0x0 0x0 0x0 0x0 0x7a0005 0x0 0x0 0x0 0x0 0x0 0x0 0x7d0005 0x0 0x0 0x0 0x0 0x0 0x0 0x800005 0x0 0x0 0x0 0x0 0x0 0x0 0x830002 0x0 0x8c0002 0x0 0x920002 0x0 0x950005 0x0 0x0 0x0 0x0 0x0 0x0 0x0 0x0 0x0 0x0 0x0 0x0 0x0 0x0 0x9 0x3 0x0 0x0 0x0 oops 0 methods 0
ciMethodData org/jetbrains/org/objectweb/asm/ClassReader readElementValue (Lorg/jetbrains/org/objectweb/asm/AnnotationVisitor;ILjava/lang/String;[C)I 2 20205 orig 80 3 0 0 0 0 0 0 0 0 0 0 0 0 0 0 0 0 0 0 0 4 0 0 0 0 0 0 0 0 0 0 0 0 0 0 0 0 0 0 2 0 0 0 0 0 0 0 0 0 0 0 0 0 0 0 0 0 0 0 0 0 0 0 0 0 0 0 0 0 0 0 0 0 0 0 0 0 0 0 0 data 724 0x40007 0x425b 0x90 0xc92 0x120008 0x8 0xa52 0x70 0x0 0x50 0x162 0x60 0xde 0x50 0x420002 0x0 0x4f0002 0x162 0x8000000600660008 0x6a 0x0 0x14c8 0x32 0x968 0x0 0x14c8 0x0 0x360 0x0 0x430 0x2 0x500 0x0 0x14c8 0x1 0x500 0x0 0x14c8 0x0 0x14c8 0x44d 0x500 0xb 0x500 0x0 0x14c8 0x0 0x14c8 0x0 0x14c8 0x0 0x14c8 0x0 0x14c8 0x0 0x14c8 0x0 0x14c8 0x0 0x14c8 0x0 0x5c0 0x0 0x14c8 0x0 0x14c8 0x0 0x14c8 0x0 0x14c8 0x0 0x14c8 0x0 0x14c8 0x4 0x690 0x5f6 0xa00 0x0 0x14c8 0x0 0x14c8 0x0 0x14c8 0x0 0x14c8 0x0 0x14c8 0x0 0x14c8 0x0 0x14c8 0x5 0x8d0 0x0 0x14c8 0xb7 0x810 0x0 0x14c8 0x0 0x14c8 0x0 0x14c8 0x0 0x14c8 0x0 0x14c8 0x0 0x14c8 0x0 0x14c8 0x0 0x14c8 0x0 0x14c8 0x0 0x14c8 0x0 0x14c8 0x0 0x14c8 0x0 0x14c8 0x3719 0x788 0x14e0005 0x0 0x0 0x0 0x0 0x0 0x0 0x1520005 0x0 0x0 0x0 0x0 0x0 0x0 0x1560002 0x0 0x1590005 0x0 0x0 0x0 0x0 0x0 0x0 0x15f0003 0x0 0x10c0 0x16c0005 0x0 0x0 0x0 0x0 0x0 0x0 0x1700005 0x0 0x0 0x0 0x0 0x0 0x0 0x1740002 0x0 0x1770005 0x0 0x0 0x0 0x0 0x0 0x0 0x17d0003 0x0 0xff0 0x1860005 0x0 0x0 0x1d53d801860 0x45b 0x0 0x0 0x18b0005 0x0 0x0 0x1d53d801860 0x45b 0x0 0x0 0x18e0005 0x0 0x0 0x1d53d803438 0x3e 0x1d53d803388 0x41d 0x1940003 0x45b 0xf30 0x1a10005 0x0 0x0 0x0 0x0 0x0 0x0 0x1a50005 0x0 0x0 0x0 0x0 0x0 0x0 0x1a90002 0x0 0x1ac0005 0x0 0x0 0x0 0x0 0x0 0x0 0x1b20003 0x0 0xe60 0x1bf0005 0x0 0x0 0x1d53d801860 0x4 0x0 0x0 0x1c30005 0x0 0x0 0x1d53d801860 0x4 0x0 0x0 0x1c60007 0x2 0x38 0x2 0x1cc0003 0x2 0x18 0x1d20005 0x0 0x0 0x1d53d803438 0x2 0x1d53d803388 0x2 0x1d80003 0x4 0xd68 0x1e20005 0x0 0x0 0x1d53d801860 0x3719 0x0 0x0 0x1e50005 0xa6 0x0 0x1d53d803438 0x153 0x1d53dbb5ec0 0x3520 0x1eb0003 0x3719 0xce0 0x1f50005 0x0 0x0 0x1d53d801860 0xb7 0x0 0x0 0x1ff0005 0x0 0x0 0x1d53d801860 0xb7 0x0 0x0 0x2020005 0x20 0x0 0x1d53d803438 0x5d 0x1d53dbb5ec0 0x3a 0x2080003 0xb7 0xc20 0x2120005 0x0 0x0 0x1d53d801860 0x5 0x0 0x0 0x2150002 0x5 0x2180005 0x0 0x0 0x1d53dbb5ec0 0x4 0x1d53d803388 0x1 0x21e0003 0x5 0xb88 0x2290005 0x0 0x0 0x1d53d801860 0x32 0x0 0x0 0x80000004022c0005 0x0 0x0 0x1d53d803438 0x2e 0x1d53d803388 0x8 0x2360002 0x36 0x23b0003 0x36 0xaf0 0x2410005 0x0 0x0 0x1d53d801860 0x5f6 0x0 0x0 0x80000006024b0007 0x5f2 0x68 0x5 0x2510005 0x0 0x0 0x1d53d803388 0x5 0x0 0x0 0x25b0002 0x5 0x26a0008 0x34 0x3e7 0x9c8 0x0 0x1b0 0x0 0x4d0 0x0 0x8c0 0x0 0x9c8 0x0 0x7b8 0x0 0x9c8 0x0 0x9c8 0x20b 0x5c8 0x0 0x6c0 0x0 0x9c8 0x0 0x9c8 0x0 0x9c8 0x0 0x9c8 0x0 0x9c8 0x0 0x9c8 0x0 0x9c8 0x0 0x9c8 0x0 0x3d8 0x0 0x9c8 0x0 0x9c8 0x0 0x9c8 0x0 0x9c8 0x0 0x9c8 0x0 0x9c8 0x0 0x2a8 0x2e90007 0x0 0xa8 0x0 0x2fa0005 0x0 0x0 0x0 0x0 0x0 0x0 0x2fe0005 0x0 0x0 0x0 0x0 0x0 0x0 0x3090003 0x0 0xffffffffffffff70 0x3100005 0x0 0x0 0x0 0x0 0x0 0x0 0x3130003 0x0 0x7a8 0x3230007 0x0 0xe0 0x0 0x3340005 0x0 0x0 0x0 0x0 0x0 0x0 0x3380005 0x0 0x0 0x0 0x0 0x0 0x0 0x33b0007 0x0 0x38 0x0 0x33f0003 0x0 0x18 0x34a0003 0x0 0xffffffffffffff38 0x3510005 0x0 0x0 0x0 0x0 0x0 0x0 0x3540003 0x0 0x678 0x3640007 0x0 0xa8 0x0 0x3750005 0x0 0x0 0x0 0x0 0x0 0x0 0x3790005 0x0 0x0 0x0 0x0 0x0 0x0 0x3840003 0x0 0xffffffffffffff70 0x38b0005 0x0 0x0 0x0 0x0 0x0 0x0 0x38e0003 0x0 0x580 0x39e0007 0x0 0xa8 0x0 0x3af0005 0x0 0x0 0x0 0x0 0x0 0x0 0x3b30005 0x0 0x0 0x0 0x0 0x0 0x0 0x3be0003 0x0 0xffffffffffffff70 0x3c50005 0x0 0x0 0x0 0x0 0x0 0x0 0x3c80003 0x0 0x488 0x3d80007 0x20b 0xa8 0x621 0x3e90005 0x0 0x0 0x1d53d801860 0x621 0x0 0x0 0x3ed0005 0x0 0x0 0x1d53d801860 0x621 0x0 0x0 0x3f70003 0x621 0xffffffffffffff70 0x3fe0005 0x0 0x0 0x1d53d803438 0x5 0x1d53d803388 0x206 0x4010003 0x20b 0x390 0x4110007 0x0 0xa8 0x0 0x4220005 0x0 0x0 0x0 0x0 0x0 0x0 0x4260005 0x0 0x0 0x0 0x0 0x0 0x0 0x4300003 0x0 0xffffffffffffff70 0x4370005 0x0 0x0 0x0 0x0 0x0 0x0 0x43a0003 0x0 0x298 0x44a0007 0x0 0xb8 0x0 0x45b0005 0x0 0x0 0x0 0x0 0x0 0x0 0x45f0005 0x0 0x0 0x0 0x0 0x0 0x0 0x4620002 0x0 0x46c0003 0x0 0xffffffffffffff60 0x4730005 0x0 0x0 0x0 0x0 0x0 0x0 0x4760003 0x0 0x190 0x4860007 0x0 0xb8 0x0 0x4970005 0x0 0x0 0x0 0x0 0x0 0x0 0x49b0005 0x0 0x0 0x0 0x0 0x0 0x0 0x49e0002 0x0 0x4a80003 0x0 0xffffffffffffff60 0x4af0005 0x0 0x0 0x0 0x0 0x0 0x0 0x4b20003 0x0 0x88 0x4b80005 0x0 0x0 0x1d53d803438 0x2f 0x1d53d803388 0x3b8 0x4c20002 0x3e7 0x4c70003 0x3e7 0x28 0x4ce0002 0x0 0x0 0x0 0x0 0x0 0x0 0x0 0x0 0x0 0x0 0x0 0x0 0x0 0x0 0x0 0x0 0x0 0x0 0x0 0x0 0x0 0x0 0x0 0x0 0x0 0x0 0x0 0x0 0x0 0x0 0x0 0x0 0x0 0x9 0x5 0x0 0x0 0x0 0x0 0x0 oops 29 181 org/jetbrains/org/objectweb/asm/ClassReader 188 org/jetbrains/org/objectweb/asm/ClassReader 195 org/jetbrains/kotlin/load/java/structure/impl/classFiles/BinaryJavaAnnotationVisitor 197 org/jetbrains/kotlin/load/kotlin/FileBasedKotlinClass$3 231 org/jetbrains/org/objectweb/asm/ClassReader 238 org/jetbrains/org/objectweb/asm/ClassReader 252 org/jetbrains/kotlin/load/java/structure/impl/classFiles/BinaryJavaAnnotationVisitor 254 org/jetbrains/kotlin/load/kotlin/FileBasedKotlinClass$3 262 org/jetbrains/org/objectweb/asm/ClassReader 269 org/jetbrains/kotlin/load/java/structure/impl/classFiles/BinaryJavaAnnotationVisitor 271 org/jetbrains/kotlin/load/kotlin/FileBasedKotlinClass$3$1 279 org/jetbrains/org/objectweb/asm/ClassReader 286 org/jetbrains/org/objectweb/asm/ClassReader 293 org/jetbrains/kotlin/load/java/structure/impl/classFiles/BinaryJavaAnnotationVisitor 295 org/jetbrains/kotlin/load/kotlin/FileBasedKotlinClass$3$1 303 org/jetbrains/org/objectweb/asm/ClassReader 312 org/jetbrains/kotlin/load/kotlin/FileBasedKotlinClass$3$1 314 org/jetbrains/kotlin/load/kotlin/FileBasedKotlinClass$3 322 org/jetbrains/org/objectweb/asm/ClassReader 329 org/jetbrains/kotlin/load/java/structure/impl/classFiles/BinaryJavaAnnotationVisitor 331 org/jetbrains/kotlin/load/kotlin/FileBasedKotlinClass$3 341 org/jetbrains/org/objectweb/asm/ClassReader 352 org/jetbrains/kotlin/load/kotlin/FileBasedKotlinClass$3 550 org/jetbrains/org/objectweb/asm/ClassReader 557 org/jetbrains/org/objectweb/asm/ClassReader 567 org/jetbrains/kotlin/load/java/structure/impl/classFiles/BinaryJavaAnnotationVisitor 569 org/jetbrains/kotlin/load/kotlin/FileBasedKotlinClass$3 674 org/jetbrains/kotlin/load/java/structure/impl/classFiles/BinaryJavaAnnotationVisitor 676 org/jetbrains/kotlin/load/kotlin/FileBasedKotlinClass$3 methods 0
ciMethodData org/jetbrains/org/objectweb/asm/ClassReader readElementValues (Lorg/jetbrains/org/objectweb/asm/AnnotationVisitor;IZ[C)I 2 3757 orig 80 0 0 0 0 0 0 0 0 0 0 0 0 0 0 0 0 0 0 0 0 0 0 0 0 0 0 0 0 0 0 0 0 0 0 0 0 0 0 0 0 0 0 0 0 0 0 0 0 0 0 0 0 0 0 0 0 0 0 0 0 0 0 0 0 0 0 0 0 0 0 0 0 0 0 0 0 0 0 0 0 data 60 0x60005 0x0 0x0 0x1d53d801860 0xead 0x0 0x0 0xf0007 0x448 0xa0 0xa65 0x170007 0xa65 0xc8 0xb40 0x1f0005 0x0 0x0 0x1d53d801860 0xb40 0x0 0x0 0x2e0002 0xb40 0x330003 0xb40 0xffffffffffffff98 0x3b0007 0x448 0x48 0x37ba 0x450002 0x37ba 0x4a0003 0x37ba 0xffffffffffffffd0 0x4e0007 0x2f2 0x58 0xbbb 0x520005 0x20c 0x0 0x1d53d803438 0x698 0x1d53dbb5ec0 0x317 0x0 0x0 0x0 0x0 0x0 0x0 0x9 0x5 0x0 0x0 0x0 0x0 0x0 oops 4 3 org/jetbrains/org/objectweb/asm/ClassReader 18 org/jetbrains/org/objectweb/asm/ClassReader 43 org/jetbrains/kotlin/load/java/structure/impl/classFiles/BinaryJavaAnnotationVisitor 45 org/jetbrains/kotlin/load/kotlin/FileBasedKotlinClass$3$1 methods 0
ciMethodData org/jetbrains/org/objectweb/asm/ClassReader readTypeAnnotationTarget (Lorg/jetbrains/org/objectweb/asm/Context;I)I 1 128 orig 80 0 0 0 0 0 0 0 0 0 0 0 0 0 0 0 0 0 0 0 0 0 0 0 0 0 0 0 0 0 0 0 0 0 0 0 0 0 0 0 0 0 0 0 0 0 0 0 0 0 0 0 0 0 0 0 0 0 0 0 0 0 0 0 0 0 0 0 0 0 0 0 0 0 0 0 0 0 0 0 0 data 274 0x40005 0x0 0x0 0x1d53d801860 0x80 0x0 0x0 0xe0008 0x9a 0x0 0x750 0x0 0x4e0 0x11 0x4e0 0x0 0x750 0x0 0x750 0x0 0x750 0x0 0x750 0x0 0x750 0x0 0x750 0x0 0x750 0x0 0x750 0x0 0x750 0x0 0x750 0x0 0x750 0x0 0x750 0x0 0x750 0x0 0x750 0x0 0x720 0x0 0x720 0x0 0x720 0x0 0x4f8 0x17 0x4f8 0x0 0x4f8 0x58 0x4e0 0x0 0x720 0x0 0x750 0x0 0x750 0x0 0x750 0x0 0x750 0x0 0x750 0x0 0x750 0x0 0x750 0x0 0x750 0x0 0x750 0x0 0x750 0x0 0x750 0x0 0x750 0x0 0x750 0x0 0x750 0x0 0x750 0x0 0x750 0x0 0x750 0x0 0x750 0x0 0x750 0x0 0x750 0x0 0x750 0x0 0x750 0x0 0x750 0x0 0x750 0x0 0x750 0x0 0x750 0x0 0x750 0x0 0x750 0x0 0x750 0x0 0x750 0x0 0x750 0x0 0x750 0x0 0x750 0x0 0x750 0x0 0x750 0x0 0x750 0x0 0x750 0x0 0x750 0x0 0x750 0x0 0x750 0x0 0x510 0x0 0x510 0x0 0x720 0x0 0x738 0x0 0x738 0x0 0x738 0x0 0x738 0x0 0x708 0x0 0x708 0x0 0x708 0x0 0x708 0x0 0x708 0x1570003 0x69 0x280 0x1650003 0x17 0x268 0x1740005 0x0 0x0 0x0 0x0 0x0 0x0 0x19d0007 0x0 0x1a8 0x0 0x1a20005 0x0 0x0 0x0 0x0 0x0 0x0 0x1ab0005 0x0 0x0 0x0 0x0 0x0 0x0 0x1b40005 0x0 0x0 0x0 0x0 0x0 0x0 0x1c30007 0x0 0x38 0x0 0x1c70003 0x0 0x18 0x1dc0002 0x0 0x1df0004 0x0 0x0 0x0 0x0 0x0 0x0 0x1f20002 0x0 0x1f50004 0x0 0x0 0x0 0x0 0x0 0x0 0x2020003 0x0 0xfffffffffffffe70 0x2050003 0x0 0x70 0x2130003 0x0 0x58 0x2210003 0x0 0x40 0x22f0003 0x0 0x28 0x2360002 0x0 0x2420005 0x0 0x0 0x1d53d801860 0x80 0x0 0x0 0x24a0007 0x0 0x38 0x80 0x24e0003 0x80 0x28 0x25a0002 0x0 0x0 0x0 0x0 0x0 0x0 0x0 0x0 0x0 0x0 0x0 0x9 0x3 0x0 0x0 0x0 oops 2 3 org/jetbrains/org/objectweb/asm/ClassReader 246 org/jetbrains/org/objectweb/asm/ClassReader methods 0
ciMethodData org/jetbrains/kotlin/load/java/structure/impl/classFiles/AnnotationsAndParameterCollectorMethodVisitor visitTypeAnnotation (ILorg/jetbrains/org/objectweb/asm/TypePath;Ljava/lang/String;Z)Lorg/jetbrains/org/objectweb/asm/AnnotationVisitor; 1 111 orig 80 0 0 0 0 0 0 0 0 0 0 0 0 0 0 0 0 0 0 0 0 0 0 0 0 0 0 0 0 0 0 0 0 0 0 0 0 0 0 0 0 0 0 0 0 0 0 0 0 0 0 0 0 0 0 0 0 0 0 0 0 0 0 0 0 0 0 0 0 0 0 0 0 0 0 0 0 0 0 0 0 data 231 0x30002 0x6f 0xb0002 0x6f 0x120005 0x0 0x0 0x1d5368e0820 0x6f 0x0 0x0 0x150008 0xa 0x0 0x498 0x0 0x1a8 0x0 0x3c8 0x17 0x60 0x58 0x288 0x4c0004 0x0 0x0 0x1d53eac7760 0x17 0x0 0x0 0x4f0007 0x0 0x70 0x17 0x540004 0x0 0x0 0x1d53eac7760 0x17 0x0 0x0 0x570003 0x17 0x18 0x5c0007 0x0 0x78 0x17 0x5f0005 0x17 0x0 0x0 0x0 0x0 0x0 0x630007 0x17 0x20 0x0 0x690002 0x17 0x6c0003 0x17 0x308 0x730005 0x0 0x0 0x0 0x0 0x0 0x0 0x780005 0x0 0x0 0x0 0x0 0x0 0x0 0x7b0005 0x0 0x0 0x0 0x0 0x0 0x0 0x810002 0x0 0x840002 0x0 0x870003 0x0 0x228 0x920005 0x58 0x0 0x0 0x0 0x0 0x0 0x970005 0x0 0x0 0x1d5368e0820 0x58 0x0 0x0 0x9a0005 0x0 0x0 0x1d53629dce8 0x58 0x0 0x0 0x9f0004 0x0 0x0 0x1d53ed8bbf8 0x58 0x0 0x0 0xa20005 0x58 0x0 0x0 0x0 0x0 0x0 0xa50002 0x58 0xa80003 0x58 0xe8 0xb60005 0x0 0x0 0x0 0x0 0x0 0x0 0xbb0005 0x0 0x0 0x0 0x0 0x0 0x0 0xbe0004 0x0 0x0 0x0 0x0 0x0 0x0 0xc10002 0x0 0xc40003 0x0 0x18 0xcd0005 0x6f 0x0 0x0 0x0 0x0 0x0 0xd00004 0x0 0x0 0x1d53dea0a98 0x67 0x1d53dea0b48 0x8 0xd70005 0x6f 0x0 0x0 0x0 0x0 0x0 0xda0004 0x0 0x0 0x1d53629e2a8 0x6f 0x0 0x0 0xdd0005 0x6f 0x0 0x0 0x0 0x0 0x0 0xe40004 0x0 0x0 0x1d53dea0a98 0x67 0x1d53dea0b48 0x8 0xe70007 0x6f 0x20 0x0 0xf10004 0x0 0x0 0x1d53dea0a98 0x67 0x1d53dea0b48 0x8 0xff0005 0x6f 0x0 0x0 0x0 0x0 0x0 0x0 0x0 0x0 0x0 0x0 0x0 0x9 0x5 0x0 0x0 0x0 0x0 0x0 oops 13 7 org/jetbrains/org/objectweb/asm/TypeReference 26 org/jetbrains/kotlin/load/java/structure/impl/classFiles/BinaryJavaMethod 37 org/jetbrains/kotlin/load/java/structure/impl/classFiles/BinaryJavaMethod 102 org/jetbrains/org/objectweb/asm/TypeReference 109 java/util/ArrayList 116 org/jetbrains/kotlin/load/java/structure/impl/classFiles/BinaryJavaValueParameter 168 org/jetbrains/kotlin/load/java/structure/impl/classFiles/PlainJavaClassifierType 170 org/jetbrains/kotlin/load/java/structure/impl/classFiles/PlainJavaArrayType 182 java/lang/Boolean 196 org/jetbrains/kotlin/load/java/structure/impl/classFiles/PlainJavaClassifierType 198 org/jetbrains/kotlin/load/java/structure/impl/classFiles/PlainJavaArrayType 207 org/jetbrains/kotlin/load/java/structure/impl/classFiles/PlainJavaClassifierType 209 org/jetbrains/kotlin/load/java/structure/impl/classFiles/PlainJavaArrayType methods 0
ciMethodData org/jetbrains/org/objectweb/asm/ClassReader readParameterAnnotations (Lorg/jetbrains/org/objectweb/asm/MethodVisitor;Lorg/jetbrains/org/objectweb/asm/Context;IZ)V 2 3770 orig 80 0 0 0 0 0 0 0 0 0 0 0 0 0 0 0 0 0 0 0 0 0 0 0 0 0 0 0 0 0 0 0 0 0 0 0 0 0 0 0 0 0 0 0 0 0 0 0 0 0 0 0 0 0 0 0 0 0 0 0 0 0 0 0 0 0 0 0 0 0 0 0 0 0 0 0 0 0 0 0 0 data 57 0x180005 0x0 0x0 0x1d53d8032d8 0x3c3 0x1d53d803228 0xaf7 0x280007 0xeba 0x128 0x22a6 0x2e0005 0x0 0x0 0x1d53d801860 0x22a6 0x0 0x0 0x3b0007 0x22a6 0xb8 0x1b04 0x430005 0x0 0x0 0x1d53d801860 0x1b04 0x0 0x0 0x530005 0x0 0x0 0x1d53d8032d8 0x618 0x1d53d803228 0x14ec 0x5b0002 0x1b04 0x600003 0x1b04 0xffffffffffffff60 0x660003 0x22a6 0xfffffffffffffef0 0x0 0x0 0x0 0x0 0x0 0x0 0x9 0x5 0x0 0x0 0x0 0x0 0x0 oops 6 3 org/jetbrains/kotlin/load/java/structure/impl/classFiles/AnnotationsAndParameterCollectorMethodVisitor 5 org/jetbrains/kotlin/load/kotlin/FileBasedKotlinClass$4$2 14 org/jetbrains/org/objectweb/asm/ClassReader 25 org/jetbrains/org/objectweb/asm/ClassReader 32 org/jetbrains/kotlin/load/java/structure/impl/classFiles/AnnotationsAndParameterCollectorMethodVisitor 34 org/jetbrains/kotlin/load/kotlin/FileBasedKotlinClass$4$2 methods 0
ciMethodData org/jetbrains/org/objectweb/asm/MethodVisitor visitEnd ()V 2 2727 orig 80 0 0 0 0 0 0 0 0 0 0 0 0 0 0 0 0 0 0 0 0 0 0 0 0 0 0 0 0 0 0 0 0 0 0 0 0 0 0 0 0 0 0 0 0 0 0 0 0 0 0 0 0 0 0 0 0 0 0 0 0 0 0 0 0 0 0 0 0 0 0 0 0 0 0 0 0 0 0 0 0 data 20 0x40007 0xaa7 0x58 0x0 0xb0005 0x0 0x0 0x0 0x0 0x0 0x0 0x0 0x0 0x0 0x0 0x0 0x0 0x9 0x1 0x0 oops 0 methods 0
ciMethodData org/jetbrains/org/objectweb/asm/AnnotationVisitor <init> (I)V 2 10275 orig 80 0 0 0 0 0 0 0 0 0 0 0 0 250 127 0 0 0 0 0 0 0 0 0 0 0 0 0 0 0 0 0 0 0 0 0 0 0 0 0 0 0 0 0 0 0 0 0 0 0 0 0 0 0 0 0 0 0 0 0 0 0 0 0 0 0 0 0 0 0 0 0 0 0 0 0 0 0 0 0 0 data 8 0x30002 0x2823 0x0 0x0 0x9 0x2 0xffffffffffffffff 0x0 oops 0 methods 0
ciMethodData org/jetbrains/org/objectweb/asm/AnnotationVisitor <init> (ILorg/jetbrains/org/objectweb/asm/AnnotationVisitor;)V 2 5357 orig 80 0 0 0 0 0 0 0 0 0 0 0 0 0 0 0 0 0 0 0 0 0 0 0 0 0 0 0 0 0 0 0 0 0 0 0 0 0 0 0 0 0 0 0 0 0 0 0 0 0 0 0 0 0 0 0 0 0 0 0 0 0 0 0 0 0 0 0 0 0 0 0 0 0 0 0 0 0 0 0 0 data 72 0x10002 0x14ed 0x70007 0x14ed 0x1a8 0x0 0xd0007 0x0 0x188 0x0 0x130007 0x0 0x168 0x0 0x190007 0x0 0x148 0x0 0x1f0007 0x0 0x128 0x0 0x250007 0x0 0x108 0x0 0x2b0007 0x0 0xe8 0x0 0x360002 0x0 0x3b0005 0x0 0x0 0x0 0x0 0x0 0x0 0x3f0005 0x0 0x0 0x0 0x0 0x0 0x0 0x420005 0x0 0x0 0x0 0x0 0x0 0x0 0x450002 0x0 0x4c0007 0x14ed 0x30 0x0 0x500002 0x0 0x0 0x0 0x0 0x0 0x0 0x0 0x9 0x3 0xffffffffffffffff 0x0 0x0 oops 0 methods 0
ciMethod org/jetbrains/kotlin/load/kotlin/FileBasedKotlinClass$4$2 visitAnnotation (Ljava/lang/String;Z)Lorg/jetbrains/org/objectweb/asm/AnnotationVisitor; 526 0 6411 0 392
ciMethod org/jetbrains/kotlin/load/kotlin/FileBasedKotlinClass$4$2 visitAnnotationDefault ()Lorg/jetbrains/org/objectweb/asm/AnnotationVisitor; 28 0 14 0 0
ciMethod org/jetbrains/kotlin/load/kotlin/FileBasedKotlinClass$4$2 visitEnd ()V 520 0 5422 0 144
ciMethod org/jetbrains/kotlin/load/kotlin/FileBasedKotlinClass$4$2 $$$reportNull$$$0 (I)V 0 0 1 0 -1
ciMethod org/jetbrains/kotlin/fir/java/deserialization/JvmBinaryAnnotationDeserializerKt$loadMemberAnnotations$1$MemberAnnotationVisitor visitEnd ()V 830 0 5790 0 2960
ciMethod org/jetbrains/kotlin/load/kotlin/KotlinJvmBinaryClass$MethodAnnotationVisitor visitAnnotationMemberDefaultValue ()Lorg/jetbrains/kotlin/load/kotlin/KotlinJvmBinaryClass$AnnotationArgumentVisitor; 0 0 1 0 -1
ciMethodData org/jetbrains/kotlin/load/java/structure/impl/classFiles/BinaryJavaAnnotation$Companion addAnnotation$default (Lorg/jetbrains/kotlin/load/java/structure/impl/classFiles/BinaryJavaAnnotation$Companion;Lorg/jetbrains/kotlin/load/java/structure/MutableJavaAnnotationOwner;Ljava/lang/String;Lorg/jetbrains/kotlin/load/java/structure/impl/classFiles/ClassifierResolutionContext;Lorg/jetbrains/kotlin/load/java/structure/impl/classFiles/BinaryClassSignatureParser;ZILjava/lang/Object;)Lorg/jetbrains/org/objectweb/asm/AnnotationVisitor; 2 2646 orig 80 0 0 0 0 0 0 0 0 0 0 0 0 250 127 0 0 0 0 0 0 0 0 0 0 0 0 0 0 0 0 0 0 0 0 0 0 0 0 0 0 0 0 0 0 0 0 0 0 0 0 0 0 0 0 0 0 0 0 0 0 0 0 0 0 0 0 0 0 0 0 0 0 0 0 0 0 0 0 0 0 data 27 0x50007 0x0 0x20 0xa56 0x130005 0xa56 0x0 0x0 0x0 0x0 0x0 0x0 0x0 0x0 0x0 0x0 0x0 0x9 0x8 0x0 0xffffffffffffffff 0x0 0x0 0x0 0x0 0x0 0x0 oops 0 methods 0
ciMethodData org/jetbrains/kotlin/load/kotlin/FileBasedKotlinClass resolveNameByDesc (Ljava/lang/String;Lorg/jetbrains/kotlin/load/kotlin/FileBasedKotlinClass$InnerClassesInfo;)Lorg/jetbrains/kotlin/name/ClassId; 2 7893 orig 80 0 0 0 0 0 0 0 0 0 0 0 0 250 127 0 0 0 0 0 0 0 0 0 0 0 0 0 0 0 0 0 0 0 0 0 0 0 0 0 0 0 0 0 0 0 0 0 0 0 0 0 0 0 0 0 0 0 0 0 0 0 0 0 0 0 0 0 0 0 0 0 0 0 0 0 0 0 0 0 0 data 89 0x10007 0x1ed5 0x30 0x0 0x60002 0x0 0xa0007 0x1ed5 0x30 0x0 0xf0002 0x0 0x150007 0x1ed5 0x198 0x0 0x1b0005 0x0 0x0 0x0 0x0 0x0 0x0 0x1e0007 0x0 0x78 0x0 0x240005 0x0 0x0 0x0 0x0 0x0 0x0 0x270007 0x0 0xe8 0x0 0x320002 0x0 0x370005 0x0 0x0 0x0 0x0 0x0 0x0 0x3b0005 0x0 0x0 0x0 0x0 0x0 0x0 0x3e0005 0x0 0x0 0x0 0x0 0x0 0x0 0x410002 0x0 0x480005 0x1ed5 0x0 0x0 0x0 0x0 0x0 0x4d0005 0x1ed5 0x0 0x0 0x0 0x0 0x0 0x530002 0x1ed5 0x0 0x0 0x0 0x0 0x0 0x0 0x9 0x2 0xffffffffffffffff 0xffffffffffffffff oops 0 methods 0
ciMethodData org/jetbrains/kotlin/load/kotlin/FileBasedKotlinClass convertAnnotationVisitor (Lorg/jetbrains/kotlin/load/kotlin/KotlinJvmBinaryClass$AnnotationVisitor;Ljava/lang/String;Lorg/jetbrains/kotlin/load/kotlin/FileBasedKotlinClass$InnerClassesInfo;)Lorg/jetbrains/org/objectweb/asm/AnnotationVisitor; 2 6662 orig 80 0 0 0 0 0 0 0 0 0 0 0 0 250 127 0 0 0 0 0 0 0 0 0 0 0 0 0 0 0 0 0 0 0 0 0 0 0 0 0 0 0 0 0 0 0 0 0 0 0 0 0 0 0 0 0 0 0 0 0 0 0 0 0 0 0 0 0 0 0 0 0 0 0 0 0 0 0 0 0 0 data 47 0x10007 0x1a06 0x30 0x0 0x60002 0x0 0xa0007 0x1a06 0x30 0x0 0xf0002 0x0 0x130007 0x1a06 0x30 0x0 0x180002 0x0 0x1e0002 0x1a06 0x240005 0x1639 0x0 0x1d53eace060 0x339 0x1d53eace110 0x94 0x2b0007 0x129f 0x38 0x767 0x2f0003 0x767 0x28 0x340002 0x129f 0x0 0x0 0x0 0x0 0x0 0x0 0x9 0x3 0xffffffffffffffff 0xffffffffffffffff 0xffffffffffffffff oops 2 23 org/jetbrains/kotlin/load/kotlin/header/ReadKotlinClassHeaderAnnotationVisitor 25 org/jetbrains/kotlin/fir/java/deserialization/JvmBinaryAnnotationDeserializer$loadClassAnnotations$3 methods 0
ciMethodData org/jetbrains/kotlin/load/kotlin/FileBasedKotlinClass convertAnnotationVisitor (Lorg/jetbrains/kotlin/load/kotlin/KotlinJvmBinaryClass$AnnotationArgumentVisitor;Lorg/jetbrains/kotlin/load/kotlin/FileBasedKotlinClass$InnerClassesInfo;)Lorg/jetbrains/org/objectweb/asm/AnnotationVisitor; 2 4895 orig 80 0 0 0 0 0 0 0 0 0 0 0 0 0 0 0 0 0 0 0 0 0 0 0 0 0 0 0 0 0 0 0 0 0 0 0 0 0 0 0 0 0 0 0 0 0 0 0 0 0 0 0 0 0 0 0 0 0 0 0 0 0 0 0 0 0 0 0 0 0 0 0 0 0 0 0 0 0 0 0 0 data 24 0x10007 0x131f 0x30 0x0 0x60002 0x0 0xa0007 0x131f 0x30 0x0 0xf0002 0x0 0x1a0002 0x131f 0x0 0x0 0x0 0x0 0x0 0x0 0x9 0x2 0x0 0x0 oops 0 methods 0
ciMethodData org/jetbrains/kotlin/load/kotlin/FileBasedKotlinClass$3 <init> (ILorg/jetbrains/kotlin/load/kotlin/KotlinJvmBinaryClass$AnnotationArgumentVisitor;Lorg/jetbrains/kotlin/load/kotlin/FileBasedKotlinClass$InnerClassesInfo;)V 2 4806 orig 80 0 0 0 0 0 0 0 0 0 0 0 0 250 127 0 0 0 0 0 0 0 0 0 0 0 0 0 0 0 0 0 0 0 0 0 0 0 0 0 0 0 0 0 0 0 0 0 0 0 0 0 0 0 0 0 0 0 0 0 0 0 0 0 0 0 0 0 0 0 0 0 0 0 0 0 0 0 0 0 0 data 12 0xc0002 0x12c6 0x0 0x0 0x0 0x0 0x9 0x4 0xffffffffffffffff 0x0 0x0 0x0 oops 0 methods 0
ciMethodData org/jetbrains/kotlin/load/kotlin/FileBasedKotlinClass$3 visitEnd ()V 2 5133 orig 80 0 0 0 0 0 0 0 0 0 0 0 0 250 127 0 0 0 0 0 0 0 0 0 0 0 0 0 0 0 0 0 0 0 0 0 0 0 0 0 0 0 0 0 0 0 0 0 0 0 0 0 0 0 0 0 0 0 0 0 0 0 0 0 0 0 0 0 0 0 0 0 0 0 0 0 0 0 0 0 0 data 16 0x40005 0x51 0x0 0x1d53dea4728 0x1ad 0x1d53dea47d8 0x120f 0x0 0x0 0x0 0x0 0x0 0x0 0x9 0x1 0x0 oops 2 3 org/jetbrains/kotlin/load/kotlin/header/ReadKotlinClassHeaderAnnotationVisitor$KotlinMetadataArgumentVisitor 5 org/jetbrains/kotlin/fir/java/deserialization/AnnotationsLoader$loadAnnotation$1 methods 0
ciMethodData org/jetbrains/kotlin/fir/java/deserialization/JvmBinaryAnnotationDeserializerKt$loadMemberAnnotations$1$MemberAnnotationVisitor visitEnd ()V 2 5375 orig 80 0 0 0 0 0 0 0 0 0 0 0 0 250 127 0 0 0 0 0 0 0 0 0 0 0 0 0 0 0 0 0 0 0 0 0 0 0 0 0 0 0 0 0 0 0 0 0 0 0 0 0 0 0 0 0 0 0 0 0 0 0 0 0 0 0 0 0 0 0 0 0 0 0 0 0 0 0 0 0 0 data 48 0x40004 0x0 0x0 0x0 0x0 0x0 0x0 0x70005 0x0 0x0 0x1d53629dce8 0x14ff 0x0 0x0 0xc0007 0xbdd 0x38 0x922 0x100003 0x922 0x18 0x140007 0xbdd 0x90 0x922 0x1e0004 0x0 0x0 0x0 0x0 0x0 0x0 0x290005 0x0 0x0 0x1d53dd94140 0x922 0x0 0x0 0x0 0x0 0x0 0x0 0x0 0x0 0x9 0x1 0x0 oops 2 10 java/util/ArrayList 35 java/util/HashMap methods 0
ciMethodData org/jetbrains/kotlin/load/kotlin/FileBasedKotlinClass$4$2 visitEnd ()V 2 5162 orig 80 0 0 0 0 0 0 0 0 0 0 0 0 250 127 0 0 0 0 0 0 0 0 0 0 0 0 0 0 0 0 0 0 0 0 0 0 0 0 0 0 0 0 0 0 0 0 0 0 0 0 0 0 0 0 0 0 0 0 0 0 0 0 0 0 0 0 0 0 0 0 0 0 0 0 0 0 0 0 0 0 data 16 0x40005 0x0 0x0 0x1d53dd92820 0x142a 0x0 0x0 0x0 0x0 0x0 0x0 0x0 0x0 0x9 0x1 0x0 oops 1 3 org/jetbrains/kotlin/fir/java/deserialization/JvmBinaryAnnotationDeserializerKt$loadMemberAnnotations$1$AnnotationVisitorForMethod methods 0
ciMethodData org/jetbrains/kotlin/load/kotlin/FileBasedKotlinClass$4$2 visitAnnotation (Ljava/lang/String;Z)Lorg/jetbrains/org/objectweb/asm/AnnotationVisitor; 2 6148 orig 80 0 0 0 0 0 0 0 0 0 0 0 0 250 127 0 0 0 0 0 0 0 0 0 0 0 0 0 0 0 0 0 0 0 0 0 0 0 0 0 0 0 0 0 0 0 0 0 0 0 0 0 0 0 0 0 0 0 0 0 0 0 0 0 0 0 0 0 0 0 0 0 0 0 0 0 0 0 0 0 0 data 21 0x10007 0x1804 0x30 0x0 0x50002 0x0 0x140002 0x1804 0x170002 0x1804 0x0 0x0 0x0 0x0 0x0 0x0 0x9 0x3 0x0 0x0 0x0 oops 0 methods 0
compile org/jetbrains/org/objectweb/asm/ClassReader readMethod (Lorg/jetbrains/org/objectweb/asm/ClassVisitor;Lorg/jetbrains/org/objectweb/asm/Context;I)I -1 4 inline 106 0 -1 0 org/jetbrains/org/objectweb/asm/ClassReader readMethod (Lorg/jetbrains/org/objectweb/asm/ClassVisitor;Lorg/jetbrains/org/objectweb/asm/Context;I)I 1 13 0 org/jetbrains/org/objectweb/asm/ClassReader readUnsignedShort (I)I 1 27 0 org/jetbrains/org/objectweb/asm/ClassReader readUTF8 (I[C)Ljava/lang/String; 2 2 0 org/jetbrains/org/objectweb/asm/ClassReader readUnsignedShort (I)I 2 19 0 org/jetbrains/org/objectweb/asm/ClassReader readUtf (I[C)Ljava/lang/String; 3 34 0 org/jetbrains/org/objectweb/asm/ClassReader readUnsignedShort (I)I 3 38 0 org/jetbrains/org/objectweb/asm/ClassReader readUtf (II[C)Ljava/lang/String; 4 58 0 java/lang/String <init> ([BIILjava/nio/charset/Charset;)V 5 3 0 java/util/Objects requireNonNull (Ljava/lang/Object;)Ljava/lang/Object; 5 14 0 java/lang/String checkBoundsOffCount (III)I 6 6 0 jdk/internal/util/Preconditions checkFromIndexSize (IIILjava/util/function/BiFunction;)I 1 41 0 org/jetbrains/org/objectweb/asm/ClassReader readUTF8 (I[C)Ljava/lang/String; 2 2 0 org/jetbrains/org/objectweb/asm/ClassReader readUnsignedShort (I)I 2 19 0 org/jetbrains/org/objectweb/asm/ClassReader readUtf (I[C)Ljava/lang/String; 3 34 0 org/jetbrains/org/objectweb/asm/ClassReader readUnsignedShort (I)I 3 38 0 org/jetbrains/org/objectweb/asm/ClassReader readUtf (II[C)Ljava/lang/String; 4 58 0 java/lang/String <init> ([BIILjava/nio/charset/Charset;)V 5 3 0 java/util/Objects requireNonNull (Ljava/lang/Object;)Ljava/lang/Object; 5 14 0 java/lang/String checkBoundsOffCount (III)I 6 6 0 jdk/internal/util/Preconditions checkFromIndexSize (IIILjava/util/function/BiFunction;)I 1 95 0 org/jetbrains/org/objectweb/asm/ClassReader readUnsignedShort (I)I 1 116 0 org/jetbrains/org/objectweb/asm/ClassReader readUTF8 (I[C)Ljava/lang/String; 2 2 0 org/jetbrains/org/objectweb/asm/ClassReader readUnsignedShort (I)I 2 19 0 org/jetbrains/org/objectweb/asm/ClassReader readUtf (I[C)Ljava/lang/String; 3 34 0 org/jetbrains/org/objectweb/asm/ClassReader readUnsignedShort (I)I 3 38 0 org/jetbrains/org/objectweb/asm/ClassReader readUtf (II[C)Ljava/lang/String; 4 58 0 java/lang/String <init> ([BIILjava/nio/charset/Charset;)V 5 3 0 java/util/Objects requireNonNull (Ljava/lang/Object;)Ljava/lang/Object; 5 14 0 java/lang/String checkBoundsOffCount (III)I 6 6 0 jdk/internal/util/Preconditions checkFromIndexSize (IIILjava/util/function/BiFunction;)I 1 126 0 org/jetbrains/org/objectweb/asm/ClassReader readInt (I)I 1 139 0 java/lang/String equals (Ljava/lang/Object;)Z 1 177 0 java/lang/String equals (Ljava/lang/Object;)Z 1 190 0 org/jetbrains/org/objectweb/asm/ClassReader readUnsignedShort (I)I 1 224 0 org/jetbrains/org/objectweb/asm/ClassReader readClass (I[C)Ljava/lang/String; 2 3 0 org/jetbrains/org/objectweb/asm/ClassReader readStringish (I[C)Ljava/lang/String; 3 7 0 org/jetbrains/org/objectweb/asm/ClassReader readUnsignedShort (I)I 3 12 0 org/jetbrains/org/objectweb/asm/ClassReader readUTF8 (I[C)Ljava/lang/String; 4 2 0 org/jetbrains/org/objectweb/asm/ClassReader readUnsignedShort (I)I 4 19 0 org/jetbrains/org/objectweb/asm/ClassReader readUtf (I[C)Ljava/lang/String; 5 34 0 org/jetbrains/org/objectweb/asm/ClassReader readUnsignedShort (I)I 5 38 0 org/jetbrains/org/objectweb/asm/ClassReader readUtf (II[C)Ljava/lang/String; 6 58 0 java/lang/String <init> ([BIILjava/nio/charset/Charset;)V 7 3 0 java/util/Objects requireNonNull (Ljava/lang/Object;)Ljava/lang/Object; 7 14 0 java/lang/String checkBoundsOffCount (III)I 8 6 0 jdk/internal/util/Preconditions checkFromIndexSize (IIILjava/util/function/BiFunction;)I 1 244 0 java/lang/String equals (Ljava/lang/Object;)Z 1 253 0 org/jetbrains/org/objectweb/asm/ClassReader readUnsignedShort (I)I 1 265 0 java/lang/String equals (Ljava/lang/Object;)Z 1 289 0 java/lang/String equals (Ljava/lang/Object;)Z 1 306 0 java/lang/String equals (Ljava/lang/Object;)Z 1 324 0 java/lang/String equals (Ljava/lang/Object;)Z 1 341 0 java/lang/String equals (Ljava/lang/Object;)Z 1 369 0 java/lang/String equals (Ljava/lang/Object;)Z 1 386 0 java/lang/String equals (Ljava/lang/Object;)Z 1 404 0 java/lang/String equals (Ljava/lang/Object;)Z 1 422 0 java/lang/String equals (Ljava/lang/Object;)Z 1 521 0 org/jetbrains/org/objectweb/asm/ClassReader readUtf (I[C)Ljava/lang/String; 2 34 0 org/jetbrains/org/objectweb/asm/ClassReader readUnsignedShort (I)I 2 38 0 org/jetbrains/org/objectweb/asm/ClassReader readUtf (II[C)Ljava/lang/String; 3 58 0 java/lang/String <init> ([BIILjava/nio/charset/Charset;)V 4 3 0 java/util/Objects requireNonNull (Ljava/lang/Object;)Ljava/lang/Object; 4 14 0 java/lang/String checkBoundsOffCount (III)I 5 6 0 jdk/internal/util/Preconditions checkFromIndexSize (IIILjava/util/function/BiFunction;)I 1 709 0 org/jetbrains/org/objectweb/asm/ClassReader readUnsignedShort (I)I 1 747 0 org/jetbrains/kotlin/load/kotlin/FileBasedKotlinClass$4$2 visitAnnotation (Ljava/lang/String;Z)Lorg/jetbrains/org/objectweb/asm/AnnotationVisitor; 2 20 0 org/jetbrains/kotlin/load/kotlin/FileBasedKotlinClass access$100 (Lorg/jetbrains/kotlin/load/kotlin/FileBasedKotlinClass;)Lorg/jetbrains/kotlin/load/kotlin/FileBasedKotlinClass$InnerClassesInfo; 2 23 0 org/jetbrains/kotlin/load/kotlin/FileBasedKotlinClass convertAnnotationVisitor (Lorg/jetbrains/kotlin/load/kotlin/KotlinJvmBinaryClass$AnnotationVisitor;Ljava/lang/String;Lorg/jetbrains/kotlin/load/kotlin/FileBasedKotlinClass$InnerClassesInfo;)Lorg/jetbrains/org/objectweb/asm/AnnotationVisitor; 3 52 0 org/jetbrains/kotlin/load/kotlin/FileBasedKotlinClass convertAnnotationVisitor (Lorg/jetbrains/kotlin/load/kotlin/KotlinJvmBinaryClass$AnnotationArgumentVisitor;Lorg/jetbrains/kotlin/load/kotlin/FileBasedKotlinClass$InnerClassesInfo;)Lorg/jetbrains/org/objectweb/asm/AnnotationVisitor; 4 26 0 org/jetbrains/kotlin/load/kotlin/FileBasedKotlinClass$3 <init> (ILorg/jetbrains/kotlin/load/kotlin/KotlinJvmBinaryClass$AnnotationArgumentVisitor;Lorg/jetbrains/kotlin/load/kotlin/FileBasedKotlinClass$InnerClassesInfo;)V 5 12 0 org/jetbrains/org/objectweb/asm/AnnotationVisitor <init> (I)V 6 3 0 org/jetbrains/org/objectweb/asm/AnnotationVisitor <init> (ILorg/jetbrains/org/objectweb/asm/AnnotationVisitor;)V 7 1 0 java/lang/Object <init> ()V 1 747 0 org/jetbrains/kotlin/load/java/structure/impl/classFiles/AnnotationsAndParameterCollectorMethodVisitor visitAnnotation (Ljava/lang/String;Z)Lorg/jetbrains/org/objectweb/asm/AnnotationVisitor; 1 771 0 org/jetbrains/org/objectweb/asm/ClassReader readUnsignedShort (I)I 1 795 0 org/jetbrains/org/objectweb/asm/ClassReader readUTF8 (I[C)Ljava/lang/String; 2 2 0 org/jetbrains/org/objectweb/asm/ClassReader readUnsignedShort (I)I 2 19 0 org/jetbrains/org/objectweb/asm/ClassReader readUtf (I[C)Ljava/lang/String; 3 34 0 org/jetbrains/org/objectweb/asm/ClassReader readUnsignedShort (I)I 3 38 0 org/jetbrains/org/objectweb/asm/ClassReader readUtf (II[C)Ljava/lang/String; 4 58 0 java/lang/String <init> ([BIILjava/nio/charset/Charset;)V 5 3 0 java/util/Objects requireNonNull (Ljava/lang/Object;)Ljava/lang/Object; 5 14 0 java/lang/String checkBoundsOffCount (III)I 6 6 0 jdk/internal/util/Preconditions checkFromIndexSize (IIILjava/util/function/BiFunction;)I 1 809 0 org/jetbrains/kotlin/load/kotlin/FileBasedKotlinClass$4$2 visitAnnotation (Ljava/lang/String;Z)Lorg/jetbrains/org/objectweb/asm/AnnotationVisitor; 2 20 0 org/jetbrains/kotlin/load/kotlin/FileBasedKotlinClass access$100 (Lorg/jetbrains/kotlin/load/kotlin/FileBasedKotlinClass;)Lorg/jetbrains/kotlin/load/kotlin/FileBasedKotlinClass$InnerClassesInfo; 2 23 0 org/jetbrains/kotlin/load/kotlin/FileBasedKotlinClass convertAnnotationVisitor (Lorg/jetbrains/kotlin/load/kotlin/KotlinJvmBinaryClass$AnnotationVisitor;Ljava/lang/String;Lorg/jetbrains/kotlin/load/kotlin/FileBasedKotlinClass$InnerClassesInfo;)Lorg/jetbrains/org/objectweb/asm/AnnotationVisitor; 3 52 0 org/jetbrains/kotlin/load/kotlin/FileBasedKotlinClass convertAnnotationVisitor (Lorg/jetbrains/kotlin/load/kotlin/KotlinJvmBinaryClass$AnnotationArgumentVisitor;Lorg/jetbrains/kotlin/load/kotlin/FileBasedKotlinClass$InnerClassesInfo;)Lorg/jetbrains/org/objectweb/asm/AnnotationVisitor; 4 26 0 org/jetbrains/kotlin/load/kotlin/FileBasedKotlinClass$3 <init> (ILorg/jetbrains/kotlin/load/kotlin/KotlinJvmBinaryClass$AnnotationArgumentVisitor;Lorg/jetbrains/kotlin/load/kotlin/FileBasedKotlinClass$InnerClassesInfo;)V 5 12 0 org/jetbrains/org/objectweb/asm/AnnotationVisitor <init> (I)V 6 3 0 org/jetbrains/org/objectweb/asm/AnnotationVisitor <init> (ILorg/jetbrains/org/objectweb/asm/AnnotationVisitor;)V 7 1 0 java/lang/Object <init> ()V 1 809 0 org/jetbrains/kotlin/load/java/structure/impl/classFiles/AnnotationsAndParameterCollectorMethodVisitor visitAnnotation (Ljava/lang/String;Z)Lorg/jetbrains/org/objectweb/asm/AnnotationVisitor; 1 817 0 org/jetbrains/org/objectweb/asm/ClassReader readElementValues (Lorg/jetbrains/org/objectweb/asm/AnnotationVisitor;IZ[C)I 2 6 0 org/jetbrains/org/objectweb/asm/ClassReader readUnsignedShort (I)I 2 31 0 org/jetbrains/org/objectweb/asm/ClassReader readUTF8 (I[C)Ljava/lang/String; 3 2 0 org/jetbrains/org/objectweb/asm/ClassReader readUnsignedShort (I)I 3 19 0 org/jetbrains/org/objectweb/asm/ClassReader readUtf (I[C)Ljava/lang/String; 4 34 0 org/jetbrains/org/objectweb/asm/ClassReader readUnsignedShort (I)I 4 38 0 org/jetbrains/org/objectweb/asm/ClassReader readUtf (II[C)Ljava/lang/String; 5 58 0 java/lang/String <init> ([BIILjava/nio/charset/Charset;)V 6 3 0 java/util/Objects requireNonNull (Ljava/lang/Object;)Ljava/lang/Object; 6 14 0 java/lang/String checkBoundsOffCount (III)I 7 6 0 jdk/internal/util/Preconditions checkFromIndexSize (IIILjava/util/function/BiFunction;)I 1 1087 0 org/jetbrains/kotlin/load/kotlin/FileBasedKotlinClass$4$2 visitEnd ()V 1 1087 0 org/jetbrains/org/objectweb/asm/MethodVisitor visitEnd ()V
